anio,tipo_eleccion,tipo_resultado,cargo,distrito,seccion,comuna,circuito,partido,votos,electores,votos_totales,partido_agrup
2019,G,provisorio,DIP_CABA,CABA,1,comuna 01,1,blanco,326,9000,8066,neg
2019,G,provisorio,DIP_CABA,CABA,1,comuna 01,1,consenso federal,352,9000,8066,otro
2019,G,provisorio,DIP_CABA,CABA,1,comuna 01,1,fit-u,454,9000,8066,otro
2019,G,provisorio,DIP_CABA,CABA,1,comuna 01,1,frente de todos,3313,9000,8066,pj
2019,G,provisorio,DIP_CABA,CABA,1,comuna 01,1,impugnado,0,9000,8066,neg
2019,G,provisorio,DIP_CABA,CABA,1,comuna 01,1,juntos por el cambio,3453,9000,8066,jxc-pro
2019,G,provisorio,DIP_CABA,CABA,1,comuna 01,1,nulo,38,9000,8066,neg
2019,G,provisorio,DIP_CABA,CABA,1,comuna 01,1,unite,130,9000,8066,otro
2019,G,provisorio,DIP_CABA,CABA,1,comuna 01,1,votos recurridos,0,9000,8066,otro
2019,G,provisorio,DIP_CABA,CABA,1,comuna 01,2,blanco,301,8400,7136,neg
2019,G,provisorio,DIP_CABA,CABA,1,comuna 01,2,consenso federal,294,8400,7136,otro
2019,G,provisorio,DIP_CABA,CABA,1,comuna 01,2,fit-u,398,8400,7136,otro
2019,G,provisorio,DIP_CABA,CABA,1,comuna 01,2,frente de todos,3074,8400,7136,pj
2019,G,provisorio,DIP_CABA,CABA,1,comuna 01,2,impugnado,0,8400,7136,neg
2019,G,provisorio,DIP_CABA,CABA,1,comuna 01,2,juntos por el cambio,2868,8400,7136,jxc-pro
2019,G,provisorio,DIP_CABA,CABA,1,comuna 01,2,nulo,67,8400,7136,neg
2019,G,provisorio,DIP_CABA,CABA,1,comuna 01,2,unite,134,8400,7136,otro
2019,G,provisorio,DIP_CABA,CABA,1,comuna 01,2,votos recurridos,0,8400,7136,otro
2019,G,provisorio,DIP_CABA,CABA,1,comuna 01,3,blanco,54,2100,1906,neg
2019,G,provisorio,DIP_CABA,CABA,1,comuna 01,3,consenso federal,58,2100,1906,otro
2019,G,provisorio,DIP_CABA,CABA,1,comuna 01,3,fit-u,30,2100,1906,otro
2019,G,provisorio,DIP_CABA,CABA,1,comuna 01,3,frente de todos,278,2100,1906,pj
2019,G,provisorio,DIP_CABA,CABA,1,comuna 01,3,impugnado,0,2100,1906,neg
2019,G,provisorio,DIP_CABA,CABA,1,comuna 01,3,juntos por el cambio,1461,2100,1906,jxc-pro
2019,G,provisorio,DIP_CABA,CABA,1,comuna 01,3,nulo,2,2100,1906,neg
2019,G,provisorio,DIP_CABA,CABA,1,comuna 01,3,unite,23,2100,1906,otro
2019,G,provisorio,DIP_CABA,CABA,1,comuna 01,3,votos recurridos,0,2100,1906,otro
2019,G,provisorio,DIP_CABA,CABA,1,comuna 01,4,blanco,31,2100,1733,neg
2019,G,provisorio,DIP_CABA,CABA,1,comuna 01,4,consenso federal,31,2100,1733,otro
2019,G,provisorio,DIP_CABA,CABA,1,comuna 01,4,fit-u,19,2100,1733,otro
2019,G,provisorio,DIP_CABA,CABA,1,comuna 01,4,frente de todos,243,2100,1733,pj
2019,G,provisorio,DIP_CABA,CABA,1,comuna 01,4,impugnado,0,2100,1733,neg
2019,G,provisorio,DIP_CABA,CABA,1,comuna 01,4,juntos por el cambio,1390,2100,1733,jxc-pro
2019,G,provisorio,DIP_CABA,CABA,1,comuna 01,4,nulo,1,2100,1733,neg
2019,G,provisorio,DIP_CABA,CABA,1,comuna 01,4,unite,18,2100,1733,otro
2019,G,provisorio,DIP_CABA,CABA,1,comuna 01,4,votos recurridos,0,2100,1733,otro
2019,G,provisorio,DIP_CABA,CABA,1,comuna 01,5,blanco,562,7800,5997,neg
2019,G,provisorio,DIP_CABA,CABA,1,comuna 01,5,consenso federal,156,7800,5997,otro
2019,G,provisorio,DIP_CABA,CABA,1,comuna 01,5,fit-u,159,7800,5997,otro
2019,G,provisorio,DIP_CABA,CABA,1,comuna 01,5,frente de todos,3403,7800,5997,pj
2019,G,provisorio,DIP_CABA,CABA,1,comuna 01,5,impugnado,1,7800,5997,neg
2019,G,provisorio,DIP_CABA,CABA,1,comuna 01,5,juntos por el cambio,1555,7800,5997,jxc-pro
2019,G,provisorio,DIP_CABA,CABA,1,comuna 01,5,nulo,72,7800,5997,neg
2019,G,provisorio,DIP_CABA,CABA,1,comuna 01,5,unite,88,7800,5997,otro
2019,G,provisorio,DIP_CABA,CABA,1,comuna 01,5,votos recurridos,1,7800,5997,otro
2019,G,provisorio,DIP_CABA,CABA,1,comuna 01,6,blanco,262,13500,11959,neg
2019,G,provisorio,DIP_CABA,CABA,1,comuna 01,6,consenso federal,255,13500,11959,otro
2019,G,provisorio,DIP_CABA,CABA,1,comuna 01,6,fit-u,185,13500,11959,otro
2019,G,provisorio,DIP_CABA,CABA,1,comuna 01,6,frente de todos,1250,13500,11959,pj
2019,G,provisorio,DIP_CABA,CABA,1,comuna 01,6,impugnado,1,13500,11959,neg
2019,G,provisorio,DIP_CABA,CABA,1,comuna 01,6,juntos por el cambio,9800,13500,11959,jxc-pro
2019,G,provisorio,DIP_CABA,CABA,1,comuna 01,6,nulo,36,13500,11959,neg
2019,G,provisorio,DIP_CABA,CABA,1,comuna 01,6,unite,170,13500,11959,otro
2019,G,provisorio,DIP_CABA,CABA,1,comuna 01,6,votos recurridos,0,13500,11959,otro
2019,G,provisorio,DIP_CABA,CABA,1,comuna 01,7,blanco,191,7200,6142,neg
2019,G,provisorio,DIP_CABA,CABA,1,comuna 01,7,consenso federal,198,7200,6142,otro
2019,G,provisorio,DIP_CABA,CABA,1,comuna 01,7,fit-u,150,7200,6142,otro
2019,G,provisorio,DIP_CABA,CABA,1,comuna 01,7,frente de todos,964,7200,6142,pj
2019,G,provisorio,DIP_CABA,CABA,1,comuna 01,7,impugnado,0,7200,6142,neg
2019,G,provisorio,DIP_CABA,CABA,1,comuna 01,7,juntos por el cambio,4498,7200,6142,jxc-pro
2019,G,provisorio,DIP_CABA,CABA,1,comuna 01,7,nulo,26,7200,6142,neg
2019,G,provisorio,DIP_CABA,CABA,1,comuna 01,7,unite,115,7200,6142,otro
2019,G,provisorio,DIP_CABA,CABA,1,comuna 01,7,votos recurridos,0,7200,6142,otro
2019,G,provisorio,DIP_CABA,CABA,1,comuna 01,8,blanco,220,7500,6033,neg
2019,G,provisorio,DIP_CABA,CABA,1,comuna 01,8,consenso federal,210,7500,6033,otro
2019,G,provisorio,DIP_CABA,CABA,1,comuna 01,8,fit-u,190,7500,6033,otro
2019,G,provisorio,DIP_CABA,CABA,1,comuna 01,8,frente de todos,1326,7500,6033,pj
2019,G,provisorio,DIP_CABA,CABA,1,comuna 01,8,impugnado,0,7500,6033,neg
2019,G,provisorio,DIP_CABA,CABA,1,comuna 01,8,juntos por el cambio,3917,7500,6033,jxc-pro
2019,G,provisorio,DIP_CABA,CABA,1,comuna 01,8,nulo,38,7500,6033,neg
2019,G,provisorio,DIP_CABA,CABA,1,comuna 01,8,unite,131,7500,6033,otro
2019,G,provisorio,DIP_CABA,CABA,1,comuna 01,8,votos recurridos,1,7500,6033,otro
2019,G,provisorio,DIP_CABA,CABA,1,comuna 01,9,blanco,258,9900,7783,neg
2019,G,provisorio,DIP_CABA,CABA,1,comuna 01,9,consenso federal,340,9900,7783,otro
2019,G,provisorio,DIP_CABA,CABA,1,comuna 01,9,fit-u,238,9900,7783,otro
2019,G,provisorio,DIP_CABA,CABA,1,comuna 01,9,frente de todos,2053,9900,7783,pj
2019,G,provisorio,DIP_CABA,CABA,1,comuna 01,9,impugnado,9,9900,7783,neg
2019,G,provisorio,DIP_CABA,CABA,1,comuna 01,9,juntos por el cambio,4663,9900,7783,jxc-pro
2019,G,provisorio,DIP_CABA,CABA,1,comuna 01,9,nulo,62,9900,7783,neg
2019,G,provisorio,DIP_CABA,CABA,1,comuna 01,9,unite,160,9900,7783,otro
2019,G,provisorio,DIP_CABA,CABA,1,comuna 01,9,votos recurridos,0,9900,7783,otro
2019,G,provisorio,DIP_CABA,CABA,1,comuna 01,10,blanco,309,10200,8582,neg
2019,G,provisorio,DIP_CABA,CABA,1,comuna 01,10,consenso federal,384,10200,8582,otro
2019,G,provisorio,DIP_CABA,CABA,1,comuna 01,10,fit-u,329,10200,8582,otro
2019,G,provisorio,DIP_CABA,CABA,1,comuna 01,10,frente de todos,2302,10200,8582,pj
2019,G,provisorio,DIP_CABA,CABA,1,comuna 01,10,impugnado,0,10200,8582,neg
2019,G,provisorio,DIP_CABA,CABA,1,comuna 01,10,juntos por el cambio,5026,10200,8582,jxc-pro
2019,G,provisorio,DIP_CABA,CABA,1,comuna 01,10,nulo,50,10200,8582,neg
2019,G,provisorio,DIP_CABA,CABA,1,comuna 01,10,unite,182,10200,8582,otro
2019,G,provisorio,DIP_CABA,CABA,1,comuna 01,10,votos recurridos,0,10200,8582,otro
2019,G,provisorio,DIP_CABA,CABA,1,comuna 01,11,blanco,353,10800,8825,neg
2019,G,provisorio,DIP_CABA,CABA,1,comuna 01,11,consenso federal,459,10800,8825,otro
2019,G,provisorio,DIP_CABA,CABA,1,comuna 01,11,fit-u,409,10800,8825,otro
2019,G,provisorio,DIP_CABA,CABA,1,comuna 01,11,frente de todos,3127,10800,8825,pj
2019,G,provisorio,DIP_CABA,CABA,1,comuna 01,11,impugnado,1,10800,8825,neg
2019,G,provisorio,DIP_CABA,CABA,1,comuna 01,11,juntos por el cambio,4251,10800,8825,jxc-pro
2019,G,provisorio,DIP_CABA,CABA,1,comuna 01,11,nulo,60,10800,8825,neg
2019,G,provisorio,DIP_CABA,CABA,1,comuna 01,11,unite,164,10800,8825,otro
2019,G,provisorio,DIP_CABA,CABA,1,comuna 01,11,votos recurridos,1,10800,8825,otro
2019,G,provisorio,DIP_CABA,CABA,1,comuna 01,12,blanco,294,9600,8125,neg
2019,G,provisorio,DIP_CABA,CABA,1,comuna 01,12,consenso federal,406,9600,8125,otro
2019,G,provisorio,DIP_CABA,CABA,1,comuna 01,12,fit-u,379,9600,8125,otro
2019,G,provisorio,DIP_CABA,CABA,1,comuna 01,12,frente de todos,2947,9600,8125,pj
2019,G,provisorio,DIP_CABA,CABA,1,comuna 01,12,impugnado,0,9600,8125,neg
2019,G,provisorio,DIP_CABA,CABA,1,comuna 01,12,juntos por el cambio,3906,9600,8125,jxc-pro
2019,G,provisorio,DIP_CABA,CABA,1,comuna 01,12,nulo,44,9600,8125,neg
2019,G,provisorio,DIP_CABA,CABA,1,comuna 01,12,unite,149,9600,8125,otro
2019,G,provisorio,DIP_CABA,CABA,1,comuna 01,12,votos recurridos,0,9600,8125,otro
2019,G,provisorio,DIP_CABA,CABA,1,comuna 01,13,blanco,367,10800,9243,neg
2019,G,provisorio,DIP_CABA,CABA,1,comuna 01,13,consenso federal,501,10800,9243,otro
2019,G,provisorio,DIP_CABA,CABA,1,comuna 01,13,fit-u,473,10800,9243,otro
2019,G,provisorio,DIP_CABA,CABA,1,comuna 01,13,frente de todos,3452,10800,9243,pj
2019,G,provisorio,DIP_CABA,CABA,1,comuna 01,13,impugnado,0,10800,9243,neg
2019,G,provisorio,DIP_CABA,CABA,1,comuna 01,13,juntos por el cambio,4237,10800,9243,jxc-pro
2019,G,provisorio,DIP_CABA,CABA,1,comuna 01,13,nulo,63,10800,9243,neg
2019,G,provisorio,DIP_CABA,CABA,1,comuna 01,13,unite,150,10800,9243,otro
2019,G,provisorio,DIP_CABA,CABA,1,comuna 01,13,votos recurridos,0,10800,9243,otro
2019,G,provisorio,DIP_CABA,CABA,1,comuna 01,14,blanco,156,4500,3704,neg
2019,G,provisorio,DIP_CABA,CABA,1,comuna 01,14,consenso federal,183,4500,3704,otro
2019,G,provisorio,DIP_CABA,CABA,1,comuna 01,14,fit-u,156,4500,3704,otro
2019,G,provisorio,DIP_CABA,CABA,1,comuna 01,14,frente de todos,1287,4500,3704,pj
2019,G,provisorio,DIP_CABA,CABA,1,comuna 01,14,impugnado,0,4500,3704,neg
2019,G,provisorio,DIP_CABA,CABA,1,comuna 01,14,juntos por el cambio,1830,4500,3704,jxc-pro
2019,G,provisorio,DIP_CABA,CABA,1,comuna 01,14,nulo,24,4500,3704,neg
2019,G,provisorio,DIP_CABA,CABA,1,comuna 01,14,unite,68,4500,3704,otro
2019,G,provisorio,DIP_CABA,CABA,1,comuna 01,14,votos recurridos,0,4500,3704,otro
2019,G,provisorio,DIP_CABA,CABA,1,comuna 01,15,blanco,281,7500,6088,neg
2019,G,provisorio,DIP_CABA,CABA,1,comuna 01,15,consenso federal,318,7500,6088,otro
2019,G,provisorio,DIP_CABA,CABA,1,comuna 01,15,fit-u,290,7500,6088,otro
2019,G,provisorio,DIP_CABA,CABA,1,comuna 01,15,frente de todos,2597,7500,6088,pj
2019,G,provisorio,DIP_CABA,CABA,1,comuna 01,15,impugnado,0,7500,6088,neg
2019,G,provisorio,DIP_CABA,CABA,1,comuna 01,15,juntos por el cambio,2439,7500,6088,jxc-pro
2019,G,provisorio,DIP_CABA,CABA,1,comuna 01,15,nulo,47,7500,6088,neg
2019,G,provisorio,DIP_CABA,CABA,1,comuna 01,15,unite,116,7500,6088,otro
2019,G,provisorio,DIP_CABA,CABA,1,comuna 01,15,votos recurridos,0,7500,6088,otro
2019,G,provisorio,DIP_CABA,CABA,1,comuna 01,16,blanco,266,7200,6179,neg
2019,G,provisorio,DIP_CABA,CABA,1,comuna 01,16,consenso federal,308,7200,6179,otro
2019,G,provisorio,DIP_CABA,CABA,1,comuna 01,16,fit-u,332,7200,6179,otro
2019,G,provisorio,DIP_CABA,CABA,1,comuna 01,16,frente de todos,2430,7200,6179,pj
2019,G,provisorio,DIP_CABA,CABA,1,comuna 01,16,impugnado,0,7200,6179,neg
2019,G,provisorio,DIP_CABA,CABA,1,comuna 01,16,juntos por el cambio,2699,7200,6179,jxc-pro
2019,G,provisorio,DIP_CABA,CABA,1,comuna 01,16,nulo,41,7200,6179,neg
2019,G,provisorio,DIP_CABA,CABA,1,comuna 01,16,unite,103,7200,6179,otro
2019,G,provisorio,DIP_CABA,CABA,1,comuna 01,16,votos recurridos,0,7200,6179,otro
2019,G,provisorio,DIP_CABA,CABA,1,comuna 01,17,blanco,397,10500,9097,neg
2019,G,provisorio,DIP_CABA,CABA,1,comuna 01,17,consenso federal,438,10500,9097,otro
2019,G,provisorio,DIP_CABA,CABA,1,comuna 01,17,fit-u,493,10500,9097,otro
2019,G,provisorio,DIP_CABA,CABA,1,comuna 01,17,frente de todos,3761,10500,9097,pj
2019,G,provisorio,DIP_CABA,CABA,1,comuna 01,17,impugnado,0,10500,9097,neg
2019,G,provisorio,DIP_CABA,CABA,1,comuna 01,17,juntos por el cambio,3783,10500,9097,jxc-pro
2019,G,provisorio,DIP_CABA,CABA,1,comuna 01,17,nulo,78,10500,9097,neg
2019,G,provisorio,DIP_CABA,CABA,1,comuna 01,17,unite,147,10500,9097,otro
2019,G,provisorio,DIP_CABA,CABA,1,comuna 01,17,votos recurridos,0,10500,9097,otro
2019,G,provisorio,DIP_CABA,CABA,1,comuna 01,18,blanco,310,6600,5423,neg
2019,G,provisorio,DIP_CABA,CABA,1,comuna 01,18,consenso federal,268,6600,5423,otro
2019,G,provisorio,DIP_CABA,CABA,1,comuna 01,18,fit-u,242,6600,5423,otro
2019,G,provisorio,DIP_CABA,CABA,1,comuna 01,18,frente de todos,2380,6600,5423,pj
2019,G,provisorio,DIP_CABA,CABA,1,comuna 01,18,impugnado,0,6600,5423,neg
2019,G,provisorio,DIP_CABA,CABA,1,comuna 01,18,juntos por el cambio,2102,6600,5423,jxc-pro
2019,G,provisorio,DIP_CABA,CABA,1,comuna 01,18,nulo,32,6600,5423,neg
2019,G,provisorio,DIP_CABA,CABA,1,comuna 01,18,unite,89,6600,5423,otro
2019,G,provisorio,DIP_CABA,CABA,1,comuna 01,18,votos recurridos,0,6600,5423,otro
2019,G,provisorio,DIP_CABA,CABA,1,comuna 01,19,blanco,436,9900,8390,neg
2019,G,provisorio,DIP_CABA,CABA,1,comuna 01,19,consenso federal,419,9900,8390,otro
2019,G,provisorio,DIP_CABA,CABA,1,comuna 01,19,fit-u,365,9900,8390,otro
2019,G,provisorio,DIP_CABA,CABA,1,comuna 01,19,frente de todos,3799,9900,8390,pj
2019,G,provisorio,DIP_CABA,CABA,1,comuna 01,19,impugnado,0,9900,8390,neg
2019,G,provisorio,DIP_CABA,CABA,1,comuna 01,19,juntos por el cambio,3182,9900,8390,jxc-pro
2019,G,provisorio,DIP_CABA,CABA,1,comuna 01,19,nulo,54,9900,8390,neg
2019,G,provisorio,DIP_CABA,CABA,1,comuna 01,19,unite,135,9900,8390,otro
2019,G,provisorio,DIP_CABA,CABA,1,comuna 01,19,votos recurridos,0,9900,8390,otro
2019,G,provisorio,DIP_CABA,CABA,2,comuna 02,20,blanco,198,7200,6212,neg
2019,G,provisorio,DIP_CABA,CABA,2,comuna 02,20,consenso federal,171,7200,6212,otro
2019,G,provisorio,DIP_CABA,CABA,2,comuna 02,20,fit-u,137,7200,6212,otro
2019,G,provisorio,DIP_CABA,CABA,2,comuna 02,20,frente de todos,1354,7200,6212,pj
2019,G,provisorio,DIP_CABA,CABA,2,comuna 02,20,impugnado,0,7200,6212,neg
2019,G,provisorio,DIP_CABA,CABA,2,comuna 02,20,juntos por el cambio,4231,7200,6212,jxc-pro
2019,G,provisorio,DIP_CABA,CABA,2,comuna 02,20,nulo,37,7200,6212,neg
2019,G,provisorio,DIP_CABA,CABA,2,comuna 02,20,unite,84,7200,6212,otro
2019,G,provisorio,DIP_CABA,CABA,2,comuna 02,20,votos recurridos,0,7200,6212,otro
2019,G,provisorio,DIP_CABA,CABA,2,comuna 02,21,blanco,231,11700,10167,neg
2019,G,provisorio,DIP_CABA,CABA,2,comuna 02,21,consenso federal,216,11700,10167,otro
2019,G,provisorio,DIP_CABA,CABA,2,comuna 02,21,fit-u,153,11700,10167,otro
2019,G,provisorio,DIP_CABA,CABA,2,comuna 02,21,frente de todos,1039,11700,10167,pj
2019,G,provisorio,DIP_CABA,CABA,2,comuna 02,21,impugnado,0,11700,10167,neg
2019,G,provisorio,DIP_CABA,CABA,2,comuna 02,21,juntos por el cambio,8307,11700,10167,jxc-pro
2019,G,provisorio,DIP_CABA,CABA,2,comuna 02,21,nulo,33,11700,10167,neg
2019,G,provisorio,DIP_CABA,CABA,2,comuna 02,21,unite,186,11700,10167,otro
2019,G,provisorio,DIP_CABA,CABA,2,comuna 02,21,votos recurridos,2,11700,10167,otro
2019,G,provisorio,DIP_CABA,CABA,2,comuna 02,22,blanco,356,14100,12539,neg
2019,G,provisorio,DIP_CABA,CABA,2,comuna 02,22,consenso federal,488,14100,12539,otro
2019,G,provisorio,DIP_CABA,CABA,2,comuna 02,22,fit-u,464,14100,12539,otro
2019,G,provisorio,DIP_CABA,CABA,2,comuna 02,22,frente de todos,2459,14100,12539,pj
2019,G,provisorio,DIP_CABA,CABA,2,comuna 02,22,impugnado,0,14100,12539,neg
2019,G,provisorio,DIP_CABA,CABA,2,comuna 02,22,juntos por el cambio,8547,14100,12539,jxc-pro
2019,G,provisorio,DIP_CABA,CABA,2,comuna 02,22,nulo,49,14100,12539,neg
2019,G,provisorio,DIP_CABA,CABA,2,comuna 02,22,unite,176,14100,12539,otro
2019,G,provisorio,DIP_CABA,CABA,2,comuna 02,22,votos recurridos,0,14100,12539,otro
2019,G,provisorio,DIP_CABA,CABA,2,comuna 02,23,blanco,395,17400,15756,neg
2019,G,provisorio,DIP_CABA,CABA,2,comuna 02,23,consenso federal,594,17400,15756,otro
2019,G,provisorio,DIP_CABA,CABA,2,comuna 02,23,fit-u,572,17400,15756,otro
2019,G,provisorio,DIP_CABA,CABA,2,comuna 02,23,frente de todos,3074,17400,15756,pj
2019,G,provisorio,DIP_CABA,CABA,2,comuna 02,23,impugnado,0,17400,15756,neg
2019,G,provisorio,DIP_CABA,CABA,2,comuna 02,23,juntos por el cambio,10829,17400,15756,jxc-pro
2019,G,provisorio,DIP_CABA,CABA,2,comuna 02,23,nulo,60,17400,15756,neg
2019,G,provisorio,DIP_CABA,CABA,2,comuna 02,23,unite,232,17400,15756,otro
2019,G,provisorio,DIP_CABA,CABA,2,comuna 02,23,votos recurridos,0,17400,15756,otro
2019,G,provisorio,DIP_CABA,CABA,2,comuna 02,24,blanco,266,11400,10315,neg
2019,G,provisorio,DIP_CABA,CABA,2,comuna 02,24,consenso federal,370,11400,10315,otro
2019,G,provisorio,DIP_CABA,CABA,2,comuna 02,24,fit-u,277,11400,10315,otro
2019,G,provisorio,DIP_CABA,CABA,2,comuna 02,24,frente de todos,1690,11400,10315,pj
2019,G,provisorio,DIP_CABA,CABA,2,comuna 02,24,impugnado,0,11400,10315,neg
2019,G,provisorio,DIP_CABA,CABA,2,comuna 02,24,juntos por el cambio,7510,11400,10315,jxc-pro
2019,G,provisorio,DIP_CABA,CABA,2,comuna 02,24,nulo,37,11400,10315,neg
2019,G,provisorio,DIP_CABA,CABA,2,comuna 02,24,unite,165,11400,10315,otro
2019,G,provisorio,DIP_CABA,CABA,2,comuna 02,24,votos recurridos,0,11400,10315,otro
2019,G,provisorio,DIP_CABA,CABA,2,comuna 02,25,blanco,272,11100,10039,neg
2019,G,provisorio,DIP_CABA,CABA,2,comuna 02,25,consenso federal,281,11100,10039,otro
2019,G,provisorio,DIP_CABA,CABA,2,comuna 02,25,fit-u,227,11100,10039,otro
2019,G,provisorio,DIP_CABA,CABA,2,comuna 02,25,frente de todos,1394,11100,10039,pj
2019,G,provisorio,DIP_CABA,CABA,2,comuna 02,25,impugnado,0,11100,10039,neg
2019,G,provisorio,DIP_CABA,CABA,2,comuna 02,25,juntos por el cambio,7687,11100,10039,jxc-pro
2019,G,provisorio,DIP_CABA,CABA,2,comuna 02,25,nulo,54,11100,10039,neg
2019,G,provisorio,DIP_CABA,CABA,2,comuna 02,25,unite,124,11100,10039,otro
2019,G,provisorio,DIP_CABA,CABA,2,comuna 02,25,votos recurridos,0,11100,10039,otro
2019,G,provisorio,DIP_CABA,CABA,2,comuna 02,26,blanco,279,14400,12954,neg
2019,G,provisorio,DIP_CABA,CABA,2,comuna 02,26,consenso federal,384,14400,12954,otro
2019,G,provisorio,DIP_CABA,CABA,2,comuna 02,26,fit-u,262,14400,12954,otro
2019,G,provisorio,DIP_CABA,CABA,2,comuna 02,26,frente de todos,1669,14400,12954,pj
2019,G,provisorio,DIP_CABA,CABA,2,comuna 02,26,impugnado,2,14400,12954,neg
2019,G,provisorio,DIP_CABA,CABA,2,comuna 02,26,juntos por el cambio,10080,14400,12954,jxc-pro
2019,G,provisorio,DIP_CABA,CABA,2,comuna 02,26,nulo,50,14400,12954,neg
2019,G,provisorio,DIP_CABA,CABA,2,comuna 02,26,unite,228,14400,12954,otro
2019,G,provisorio,DIP_CABA,CABA,2,comuna 02,26,votos recurridos,0,14400,12954,otro
2019,G,provisorio,DIP_CABA,CABA,2,comuna 02,27,blanco,277,11100,9629,neg
2019,G,provisorio,DIP_CABA,CABA,2,comuna 02,27,consenso federal,389,11100,9629,otro
2019,G,provisorio,DIP_CABA,CABA,2,comuna 02,27,fit-u,339,11100,9629,otro
2019,G,provisorio,DIP_CABA,CABA,2,comuna 02,27,frente de todos,2107,11100,9629,pj
2019,G,provisorio,DIP_CABA,CABA,2,comuna 02,27,impugnado,0,11100,9629,neg
2019,G,provisorio,DIP_CABA,CABA,2,comuna 02,27,juntos por el cambio,6307,11100,9629,jxc-pro
2019,G,provisorio,DIP_CABA,CABA,2,comuna 02,27,nulo,57,11100,9629,neg
2019,G,provisorio,DIP_CABA,CABA,2,comuna 02,27,unite,153,11100,9629,otro
2019,G,provisorio,DIP_CABA,CABA,2,comuna 02,27,votos recurridos,0,11100,9629,otro
2019,G,provisorio,DIP_CABA,CABA,2,comuna 02,28,blanco,389,15600,13900,neg
2019,G,provisorio,DIP_CABA,CABA,2,comuna 02,28,consenso federal,599,15600,13900,otro
2019,G,provisorio,DIP_CABA,CABA,2,comuna 02,28,fit-u,600,15600,13900,otro
2019,G,provisorio,DIP_CABA,CABA,2,comuna 02,28,frente de todos,3617,15600,13900,pj
2019,G,provisorio,DIP_CABA,CABA,2,comuna 02,28,impugnado,0,15600,13900,neg
2019,G,provisorio,DIP_CABA,CABA,2,comuna 02,28,juntos por el cambio,8380,15600,13900,jxc-pro
2019,G,provisorio,DIP_CABA,CABA,2,comuna 02,28,nulo,99,15600,13900,neg
2019,G,provisorio,DIP_CABA,CABA,2,comuna 02,28,unite,215,15600,13900,otro
2019,G,provisorio,DIP_CABA,CABA,2,comuna 02,28,votos recurridos,1,15600,13900,otro
2019,G,provisorio,DIP_CABA,CABA,2,comuna 02,29,blanco,289,10500,9330,neg
2019,G,provisorio,DIP_CABA,CABA,2,comuna 02,29,consenso federal,430,10500,9330,otro
2019,G,provisorio,DIP_CABA,CABA,2,comuna 02,29,fit-u,418,10500,9330,otro
2019,G,provisorio,DIP_CABA,CABA,2,comuna 02,29,frente de todos,2358,10500,9330,pj
2019,G,provisorio,DIP_CABA,CABA,2,comuna 02,29,impugnado,0,10500,9330,neg
2019,G,provisorio,DIP_CABA,CABA,2,comuna 02,29,juntos por el cambio,5648,10500,9330,jxc-pro
2019,G,provisorio,DIP_CABA,CABA,2,comuna 02,29,nulo,47,10500,9330,neg
2019,G,provisorio,DIP_CABA,CABA,2,comuna 02,29,unite,140,10500,9330,otro
2019,G,provisorio,DIP_CABA,CABA,2,comuna 02,29,votos recurridos,0,10500,9330,otro
2019,G,provisorio,DIP_CABA,CABA,3,comuna 03,30,blanco,343,9900,8444,neg
2019,G,provisorio,DIP_CABA,CABA,3,comuna 03,30,consenso federal,462,9900,8444,otro
2019,G,provisorio,DIP_CABA,CABA,3,comuna 03,30,fit-u,395,9900,8444,otro
2019,G,provisorio,DIP_CABA,CABA,3,comuna 03,30,frente de todos,2483,9900,8444,pj
2019,G,provisorio,DIP_CABA,CABA,3,comuna 03,30,impugnado,0,9900,8444,neg
2019,G,provisorio,DIP_CABA,CABA,3,comuna 03,30,juntos por el cambio,4572,9900,8444,jxc-pro
2019,G,provisorio,DIP_CABA,CABA,3,comuna 03,30,nulo,57,9900,8444,neg
2019,G,provisorio,DIP_CABA,CABA,3,comuna 03,30,unite,132,9900,8444,otro
2019,G,provisorio,DIP_CABA,CABA,3,comuna 03,30,votos recurridos,0,9900,8444,otro
2019,G,provisorio,DIP_CABA,CABA,3,comuna 03,31,blanco,336,11100,9337,neg
2019,G,provisorio,DIP_CABA,CABA,3,comuna 03,31,consenso federal,487,11100,9337,otro
2019,G,provisorio,DIP_CABA,CABA,3,comuna 03,31,fit-u,464,11100,9337,otro
2019,G,provisorio,DIP_CABA,CABA,3,comuna 03,31,frente de todos,2710,11100,9337,pj
2019,G,provisorio,DIP_CABA,CABA,3,comuna 03,31,impugnado,0,11100,9337,neg
2019,G,provisorio,DIP_CABA,CABA,3,comuna 03,31,juntos por el cambio,5098,11100,9337,jxc-pro
2019,G,provisorio,DIP_CABA,CABA,3,comuna 03,31,nulo,60,11100,9337,neg
2019,G,provisorio,DIP_CABA,CABA,3,comuna 03,31,unite,182,11100,9337,otro
2019,G,provisorio,DIP_CABA,CABA,3,comuna 03,31,votos recurridos,0,11100,9337,otro
2019,G,provisorio,DIP_CABA,CABA,3,comuna 03,32,blanco,326,9900,8349,neg
2019,G,provisorio,DIP_CABA,CABA,3,comuna 03,32,consenso federal,417,9900,8349,otro
2019,G,provisorio,DIP_CABA,CABA,3,comuna 03,32,fit-u,437,9900,8349,otro
2019,G,provisorio,DIP_CABA,CABA,3,comuna 03,32,frente de todos,2681,9900,8349,pj
2019,G,provisorio,DIP_CABA,CABA,3,comuna 03,32,impugnado,0,9900,8349,neg
2019,G,provisorio,DIP_CABA,CABA,3,comuna 03,32,juntos por el cambio,4283,9900,8349,jxc-pro
2019,G,provisorio,DIP_CABA,CABA,3,comuna 03,32,nulo,57,9900,8349,neg
2019,G,provisorio,DIP_CABA,CABA,3,comuna 03,32,unite,148,9900,8349,otro
2019,G,provisorio,DIP_CABA,CABA,3,comuna 03,32,votos recurridos,0,9900,8349,otro
2019,G,provisorio,DIP_CABA,CABA,3,comuna 03,33,blanco,340,8700,7057,neg
2019,G,provisorio,DIP_CABA,CABA,3,comuna 03,33,consenso federal,376,8700,7057,otro
2019,G,provisorio,DIP_CABA,CABA,3,comuna 03,33,fit-u,366,8700,7057,otro
2019,G,provisorio,DIP_CABA,CABA,3,comuna 03,33,frente de todos,2408,8700,7057,pj
2019,G,provisorio,DIP_CABA,CABA,3,comuna 03,33,impugnado,1,8700,7057,neg
2019,G,provisorio,DIP_CABA,CABA,3,comuna 03,33,juntos por el cambio,3369,8700,7057,jxc-pro
2019,G,provisorio,DIP_CABA,CABA,3,comuna 03,33,nulo,60,8700,7057,neg
2019,G,provisorio,DIP_CABA,CABA,3,comuna 03,33,unite,137,8700,7057,otro
2019,G,provisorio,DIP_CABA,CABA,3,comuna 03,33,votos recurridos,0,8700,7057,otro
2019,G,provisorio,DIP_CABA,CABA,3,comuna 03,34,blanco,436,12600,10683,neg
2019,G,provisorio,DIP_CABA,CABA,3,comuna 03,34,consenso federal,553,12600,10683,otro
2019,G,provisorio,DIP_CABA,CABA,3,comuna 03,34,fit-u,516,12600,10683,otro
2019,G,provisorio,DIP_CABA,CABA,3,comuna 03,34,frente de todos,3644,12600,10683,pj
2019,G,provisorio,DIP_CABA,CABA,3,comuna 03,34,impugnado,0,12600,10683,neg
2019,G,provisorio,DIP_CABA,CABA,3,comuna 03,34,juntos por el cambio,5214,12600,10683,jxc-pro
2019,G,provisorio,DIP_CABA,CABA,3,comuna 03,34,nulo,101,12600,10683,neg
2019,G,provisorio,DIP_CABA,CABA,3,comuna 03,34,unite,219,12600,10683,otro
2019,G,provisorio,DIP_CABA,CABA,3,comuna 03,34,votos recurridos,0,12600,10683,otro
2019,G,provisorio,DIP_CABA,CABA,3,comuna 03,35,blanco,455,11100,9832,neg
2019,G,provisorio,DIP_CABA,CABA,3,comuna 03,35,consenso federal,584,11100,9832,otro
2019,G,provisorio,DIP_CABA,CABA,3,comuna 03,35,fit-u,513,11100,9832,otro
2019,G,provisorio,DIP_CABA,CABA,3,comuna 03,35,frente de todos,3777,11100,9832,pj
2019,G,provisorio,DIP_CABA,CABA,3,comuna 03,35,impugnado,0,11100,9832,neg
2019,G,provisorio,DIP_CABA,CABA,3,comuna 03,35,juntos por el cambio,4275,11100,9832,jxc-pro
2019,G,provisorio,DIP_CABA,CABA,3,comuna 03,35,nulo,57,11100,9832,neg
2019,G,provisorio,DIP_CABA,CABA,3,comuna 03,35,unite,171,11100,9832,otro
2019,G,provisorio,DIP_CABA,CABA,3,comuna 03,35,votos recurridos,0,11100,9832,otro
2019,G,provisorio,DIP_CABA,CABA,3,comuna 03,36,blanco,342,7500,6520,neg
2019,G,provisorio,DIP_CABA,CABA,3,comuna 03,36,consenso federal,362,7500,6520,otro
2019,G,provisorio,DIP_CABA,CABA,3,comuna 03,36,fit-u,368,7500,6520,otro
2019,G,provisorio,DIP_CABA,CABA,3,comuna 03,36,frente de todos,2750,7500,6520,pj
2019,G,provisorio,DIP_CABA,CABA,3,comuna 03,36,impugnado,0,7500,6520,neg
2019,G,provisorio,DIP_CABA,CABA,3,comuna 03,36,juntos por el cambio,2527,7500,6520,jxc-pro
2019,G,provisorio,DIP_CABA,CABA,3,comuna 03,36,nulo,46,7500,6520,neg
2019,G,provisorio,DIP_CABA,CABA,3,comuna 03,36,unite,125,7500,6520,otro
2019,G,provisorio,DIP_CABA,CABA,3,comuna 03,36,votos recurridos,0,7500,6520,otro
2019,G,provisorio,DIP_CABA,CABA,3,comuna 03,37,blanco,398,9600,8551,neg
2019,G,provisorio,DIP_CABA,CABA,3,comuna 03,37,consenso federal,444,9600,8551,otro
2019,G,provisorio,DIP_CABA,CABA,3,comuna 03,37,fit-u,422,9600,8551,otro
2019,G,provisorio,DIP_CABA,CABA,3,comuna 03,37,frente de todos,3315,9600,8551,pj
2019,G,provisorio,DIP_CABA,CABA,3,comuna 03,37,impugnado,0,9600,8551,neg
2019,G,provisorio,DIP_CABA,CABA,3,comuna 03,37,juntos por el cambio,3751,9600,8551,jxc-pro
2019,G,provisorio,DIP_CABA,CABA,3,comuna 03,37,nulo,71,9600,8551,neg
2019,G,provisorio,DIP_CABA,CABA,3,comuna 03,37,unite,150,9600,8551,otro
2019,G,provisorio,DIP_CABA,CABA,3,comuna 03,37,votos recurridos,0,9600,8551,otro
2019,G,provisorio,DIP_CABA,CABA,3,comuna 03,38,blanco,424,11100,9793,neg
2019,G,provisorio,DIP_CABA,CABA,3,comuna 03,38,consenso federal,523,11100,9793,otro
2019,G,provisorio,DIP_CABA,CABA,3,comuna 03,38,fit-u,473,11100,9793,otro
2019,G,provisorio,DIP_CABA,CABA,3,comuna 03,38,frente de todos,3706,11100,9793,pj
2019,G,provisorio,DIP_CABA,CABA,3,comuna 03,38,impugnado,0,11100,9793,neg
2019,G,provisorio,DIP_CABA,CABA,3,comuna 03,38,juntos por el cambio,4417,11100,9793,jxc-pro
2019,G,provisorio,DIP_CABA,CABA,3,comuna 03,38,nulo,75,11100,9793,neg
2019,G,provisorio,DIP_CABA,CABA,3,comuna 03,38,unite,175,11100,9793,otro
2019,G,provisorio,DIP_CABA,CABA,3,comuna 03,38,votos recurridos,0,11100,9793,otro
2019,G,provisorio,DIP_CABA,CABA,3,comuna 03,39,blanco,385,11400,9987,neg
2019,G,provisorio,DIP_CABA,CABA,3,comuna 03,39,consenso federal,556,11400,9987,otro
2019,G,provisorio,DIP_CABA,CABA,3,comuna 03,39,fit-u,503,11400,9987,otro
2019,G,provisorio,DIP_CABA,CABA,3,comuna 03,39,frente de todos,3678,11400,9987,pj
2019,G,provisorio,DIP_CABA,CABA,3,comuna 03,39,impugnado,0,11400,9987,neg
2019,G,provisorio,DIP_CABA,CABA,3,comuna 03,39,juntos por el cambio,4578,11400,9987,jxc-pro
2019,G,provisorio,DIP_CABA,CABA,3,comuna 03,39,nulo,80,11400,9987,neg
2019,G,provisorio,DIP_CABA,CABA,3,comuna 03,39,unite,207,11400,9987,otro
2019,G,provisorio,DIP_CABA,CABA,3,comuna 03,39,votos recurridos,0,11400,9987,otro
2019,G,provisorio,DIP_CABA,CABA,3,comuna 03,40,blanco,290,8100,7588,neg
2019,G,provisorio,DIP_CABA,CABA,3,comuna 03,40,consenso federal,390,8100,7588,otro
2019,G,provisorio,DIP_CABA,CABA,3,comuna 03,40,fit-u,352,8100,7588,otro
2019,G,provisorio,DIP_CABA,CABA,3,comuna 03,40,frente de todos,2807,8100,7588,pj
2019,G,provisorio,DIP_CABA,CABA,3,comuna 03,40,impugnado,0,8100,7588,neg
2019,G,provisorio,DIP_CABA,CABA,3,comuna 03,40,juntos por el cambio,3571,8100,7588,jxc-pro
2019,G,provisorio,DIP_CABA,CABA,3,comuna 03,40,nulo,36,8100,7588,neg
2019,G,provisorio,DIP_CABA,CABA,3,comuna 03,40,unite,142,8100,7588,otro
2019,G,provisorio,DIP_CABA,CABA,3,comuna 03,40,votos recurridos,0,8100,7588,otro
2019,G,provisorio,DIP_CABA,CABA,3,comuna 03,41,blanco,581,15900,14471,neg
2019,G,provisorio,DIP_CABA,CABA,3,comuna 03,41,consenso federal,810,15900,14471,otro
2019,G,provisorio,DIP_CABA,CABA,3,comuna 03,41,fit-u,790,15900,14471,otro
2019,G,provisorio,DIP_CABA,CABA,3,comuna 03,41,frente de todos,5767,15900,14471,pj
2019,G,provisorio,DIP_CABA,CABA,3,comuna 03,41,impugnado,1,15900,14471,neg
2019,G,provisorio,DIP_CABA,CABA,3,comuna 03,41,juntos por el cambio,6140,15900,14471,jxc-pro
2019,G,provisorio,DIP_CABA,CABA,3,comuna 03,41,nulo,98,15900,14471,neg
2019,G,provisorio,DIP_CABA,CABA,3,comuna 03,41,unite,282,15900,14471,otro
2019,G,provisorio,DIP_CABA,CABA,3,comuna 03,41,votos recurridos,2,15900,14471,otro
2019,G,provisorio,DIP_CABA,CABA,3,comuna 03,42,blanco,534,13800,12564,neg
2019,G,provisorio,DIP_CABA,CABA,3,comuna 03,42,consenso federal,641,13800,12564,otro
2019,G,provisorio,DIP_CABA,CABA,3,comuna 03,42,fit-u,684,13800,12564,otro
2019,G,provisorio,DIP_CABA,CABA,3,comuna 03,42,frente de todos,4761,13800,12564,pj
2019,G,provisorio,DIP_CABA,CABA,3,comuna 03,42,impugnado,0,13800,12564,neg
2019,G,provisorio,DIP_CABA,CABA,3,comuna 03,42,juntos por el cambio,5636,13800,12564,jxc-pro
2019,G,provisorio,DIP_CABA,CABA,3,comuna 03,42,nulo,90,13800,12564,neg
2019,G,provisorio,DIP_CABA,CABA,3,comuna 03,42,unite,218,13800,12564,otro
2019,G,provisorio,DIP_CABA,CABA,3,comuna 03,42,votos recurridos,0,13800,12564,otro
2019,G,provisorio,DIP_CABA,CABA,4,comuna 04,43,blanco,382,10500,9914,neg
2019,G,provisorio,DIP_CABA,CABA,4,comuna 04,43,consenso federal,592,10500,9914,otro
2019,G,provisorio,DIP_CABA,CABA,4,comuna 04,43,fit-u,515,10500,9914,otro
2019,G,provisorio,DIP_CABA,CABA,4,comuna 04,43,frente de todos,3870,10500,9914,pj
2019,G,provisorio,DIP_CABA,CABA,4,comuna 04,43,impugnado,0,10500,9914,neg
2019,G,provisorio,DIP_CABA,CABA,4,comuna 04,43,juntos por el cambio,4304,10500,9914,jxc-pro
2019,G,provisorio,DIP_CABA,CABA,4,comuna 04,43,nulo,74,10500,9914,neg
2019,G,provisorio,DIP_CABA,CABA,4,comuna 04,43,unite,177,10500,9914,otro
2019,G,provisorio,DIP_CABA,CABA,4,comuna 04,43,votos recurridos,0,10500,9914,otro
2019,G,provisorio,DIP_CABA,CABA,4,comuna 04,44,blanco,294,8100,7591,neg
2019,G,provisorio,DIP_CABA,CABA,4,comuna 04,44,consenso federal,448,8100,7591,otro
2019,G,provisorio,DIP_CABA,CABA,4,comuna 04,44,fit-u,408,8100,7591,otro
2019,G,provisorio,DIP_CABA,CABA,4,comuna 04,44,frente de todos,2928,8100,7591,pj
2019,G,provisorio,DIP_CABA,CABA,4,comuna 04,44,impugnado,0,8100,7591,neg
2019,G,provisorio,DIP_CABA,CABA,4,comuna 04,44,juntos por el cambio,3318,8100,7591,jxc-pro
2019,G,provisorio,DIP_CABA,CABA,4,comuna 04,44,nulo,61,8100,7591,neg
2019,G,provisorio,DIP_CABA,CABA,4,comuna 04,44,unite,134,8100,7591,otro
2019,G,provisorio,DIP_CABA,CABA,4,comuna 04,44,votos recurridos,0,8100,7591,otro
2019,G,provisorio,DIP_CABA,CABA,4,comuna 04,45,blanco,288,6300,5557,neg
2019,G,provisorio,DIP_CABA,CABA,4,comuna 04,45,consenso federal,256,6300,5557,otro
2019,G,provisorio,DIP_CABA,CABA,4,comuna 04,45,fit-u,241,6300,5557,otro
2019,G,provisorio,DIP_CABA,CABA,4,comuna 04,45,frente de todos,2377,6300,5557,pj
2019,G,provisorio,DIP_CABA,CABA,4,comuna 04,45,impugnado,0,6300,5557,neg
2019,G,provisorio,DIP_CABA,CABA,4,comuna 04,45,juntos por el cambio,2245,6300,5557,jxc-pro
2019,G,provisorio,DIP_CABA,CABA,4,comuna 04,45,nulo,43,6300,5557,neg
2019,G,provisorio,DIP_CABA,CABA,4,comuna 04,45,unite,107,6300,5557,otro
2019,G,provisorio,DIP_CABA,CABA,4,comuna 04,45,votos recurridos,0,6300,5557,otro
2019,G,provisorio,DIP_CABA,CABA,4,comuna 04,46,blanco,216,5700,5107,neg
2019,G,provisorio,DIP_CABA,CABA,4,comuna 04,46,consenso federal,296,5700,5107,otro
2019,G,provisorio,DIP_CABA,CABA,4,comuna 04,46,fit-u,273,5700,5107,otro
2019,G,provisorio,DIP_CABA,CABA,4,comuna 04,46,frente de todos,2164,5700,5107,pj
2019,G,provisorio,DIP_CABA,CABA,4,comuna 04,46,impugnado,0,5700,5107,neg
2019,G,provisorio,DIP_CABA,CABA,4,comuna 04,46,juntos por el cambio,2044,5700,5107,jxc-pro
2019,G,provisorio,DIP_CABA,CABA,4,comuna 04,46,nulo,30,5700,5107,neg
2019,G,provisorio,DIP_CABA,CABA,4,comuna 04,46,unite,84,5700,5107,otro
2019,G,provisorio,DIP_CABA,CABA,4,comuna 04,46,votos recurridos,0,5700,5107,otro
2019,G,provisorio,DIP_CABA,CABA,4,comuna 04,47,blanco,1222,13500,12174,neg
2019,G,provisorio,DIP_CABA,CABA,4,comuna 04,47,consenso federal,448,13500,12174,otro
2019,G,provisorio,DIP_CABA,CABA,4,comuna 04,47,fit-u,326,13500,12174,otro
2019,G,provisorio,DIP_CABA,CABA,4,comuna 04,47,frente de todos,7455,13500,12174,pj
2019,G,provisorio,DIP_CABA,CABA,4,comuna 04,47,impugnado,0,13500,12174,neg
2019,G,provisorio,DIP_CABA,CABA,4,comuna 04,47,juntos por el cambio,2541,13500,12174,jxc-pro
2019,G,provisorio,DIP_CABA,CABA,4,comuna 04,47,nulo,52,13500,12174,neg
2019,G,provisorio,DIP_CABA,CABA,4,comuna 04,47,unite,130,13500,12174,otro
2019,G,provisorio,DIP_CABA,CABA,4,comuna 04,47,votos recurridos,0,13500,12174,otro
2019,G,provisorio,DIP_CABA,CABA,4,comuna 04,48,blanco,474,12600,11009,neg
2019,G,provisorio,DIP_CABA,CABA,4,comuna 04,48,consenso federal,579,12600,11009,otro
2019,G,provisorio,DIP_CABA,CABA,4,comuna 04,48,fit-u,463,12600,11009,otro
2019,G,provisorio,DIP_CABA,CABA,4,comuna 04,48,frente de todos,4035,12600,11009,pj
2019,G,provisorio,DIP_CABA,CABA,4,comuna 04,48,impugnado,0,12600,11009,neg
2019,G,provisorio,DIP_CABA,CABA,4,comuna 04,48,juntos por el cambio,5213,12600,11009,jxc-pro
2019,G,provisorio,DIP_CABA,CABA,4,comuna 04,48,nulo,70,12600,11009,neg
2019,G,provisorio,DIP_CABA,CABA,4,comuna 04,48,unite,175,12600,11009,otro
2019,G,provisorio,DIP_CABA,CABA,4,comuna 04,48,votos recurridos,0,12600,11009,otro
2019,G,provisorio,DIP_CABA,CABA,4,comuna 04,49,blanco,482,10500,9849,neg
2019,G,provisorio,DIP_CABA,CABA,4,comuna 04,49,consenso federal,536,10500,9849,otro
2019,G,provisorio,DIP_CABA,CABA,4,comuna 04,49,fit-u,447,10500,9849,otro
2019,G,provisorio,DIP_CABA,CABA,4,comuna 04,49,frente de todos,4023,10500,9849,pj
2019,G,provisorio,DIP_CABA,CABA,4,comuna 04,49,impugnado,0,10500,9849,neg
2019,G,provisorio,DIP_CABA,CABA,4,comuna 04,49,juntos por el cambio,4117,10500,9849,jxc-pro
2019,G,provisorio,DIP_CABA,CABA,4,comuna 04,49,nulo,92,10500,9849,neg
2019,G,provisorio,DIP_CABA,CABA,4,comuna 04,49,unite,152,10500,9849,otro
2019,G,provisorio,DIP_CABA,CABA,4,comuna 04,49,votos recurridos,0,10500,9849,otro
2019,G,provisorio,DIP_CABA,CABA,4,comuna 04,50,blanco,407,12300,11383,neg
2019,G,provisorio,DIP_CABA,CABA,4,comuna 04,50,consenso federal,527,12300,11383,otro
2019,G,provisorio,DIP_CABA,CABA,4,comuna 04,50,fit-u,538,12300,11383,otro
2019,G,provisorio,DIP_CABA,CABA,4,comuna 04,50,frente de todos,3570,12300,11383,pj
2019,G,provisorio,DIP_CABA,CABA,4,comuna 04,50,impugnado,0,12300,11383,neg
2019,G,provisorio,DIP_CABA,CABA,4,comuna 04,50,juntos por el cambio,6087,12300,11383,jxc-pro
2019,G,provisorio,DIP_CABA,CABA,4,comuna 04,50,nulo,88,12300,11383,neg
2019,G,provisorio,DIP_CABA,CABA,4,comuna 04,50,unite,166,12300,11383,otro
2019,G,provisorio,DIP_CABA,CABA,4,comuna 04,50,votos recurridos,0,12300,11383,otro
2019,G,provisorio,DIP_CABA,CABA,4,comuna 04,51,blanco,330,8700,8405,neg
2019,G,provisorio,DIP_CABA,CABA,4,comuna 04,51,consenso federal,428,8700,8405,otro
2019,G,provisorio,DIP_CABA,CABA,4,comuna 04,51,fit-u,352,8700,8405,otro
2019,G,provisorio,DIP_CABA,CABA,4,comuna 04,51,frente de todos,2714,8700,8405,pj
2019,G,provisorio,DIP_CABA,CABA,4,comuna 04,51,impugnado,0,8700,8405,neg
2019,G,provisorio,DIP_CABA,CABA,4,comuna 04,51,juntos por el cambio,4381,8700,8405,jxc-pro
2019,G,provisorio,DIP_CABA,CABA,4,comuna 04,51,nulo,56,8700,8405,neg
2019,G,provisorio,DIP_CABA,CABA,4,comuna 04,51,unite,141,8700,8405,otro
2019,G,provisorio,DIP_CABA,CABA,4,comuna 04,51,votos recurridos,3,8700,8405,otro
2019,G,provisorio,DIP_CABA,CABA,4,comuna 04,52,blanco,628,11100,10019,neg
2019,G,provisorio,DIP_CABA,CABA,4,comuna 04,52,consenso federal,506,11100,10019,otro
2019,G,provisorio,DIP_CABA,CABA,4,comuna 04,52,fit-u,375,11100,10019,otro
2019,G,provisorio,DIP_CABA,CABA,4,comuna 04,52,frente de todos,4442,11100,10019,pj
2019,G,provisorio,DIP_CABA,CABA,4,comuna 04,52,impugnado,0,11100,10019,neg
2019,G,provisorio,DIP_CABA,CABA,4,comuna 04,52,juntos por el cambio,3815,11100,10019,jxc-pro
2019,G,provisorio,DIP_CABA,CABA,4,comuna 04,52,nulo,76,11100,10019,neg
2019,G,provisorio,DIP_CABA,CABA,4,comuna 04,52,unite,177,11100,10019,otro
2019,G,provisorio,DIP_CABA,CABA,4,comuna 04,52,votos recurridos,0,11100,10019,otro
2019,G,provisorio,DIP_CABA,CABA,4,comuna 04,53,blanco,691,12300,11133,neg
2019,G,provisorio,DIP_CABA,CABA,4,comuna 04,53,consenso federal,571,12300,11133,otro
2019,G,provisorio,DIP_CABA,CABA,4,comuna 04,53,fit-u,446,12300,11133,otro
2019,G,provisorio,DIP_CABA,CABA,4,comuna 04,53,frente de todos,5177,12300,11133,pj
2019,G,provisorio,DIP_CABA,CABA,4,comuna 04,53,impugnado,0,12300,11133,neg
2019,G,provisorio,DIP_CABA,CABA,4,comuna 04,53,juntos por el cambio,3992,12300,11133,jxc-pro
2019,G,provisorio,DIP_CABA,CABA,4,comuna 04,53,nulo,71,12300,11133,neg
2019,G,provisorio,DIP_CABA,CABA,4,comuna 04,53,unite,185,12300,11133,otro
2019,G,provisorio,DIP_CABA,CABA,4,comuna 04,53,votos recurridos,0,12300,11133,otro
2019,G,provisorio,DIP_CABA,CABA,4,comuna 04,54,blanco,484,12900,11981,neg
2019,G,provisorio,DIP_CABA,CABA,4,comuna 04,54,consenso federal,655,12900,11981,otro
2019,G,provisorio,DIP_CABA,CABA,4,comuna 04,54,fit-u,574,12900,11981,otro
2019,G,provisorio,DIP_CABA,CABA,4,comuna 04,54,frente de todos,4714,12900,11981,pj
2019,G,provisorio,DIP_CABA,CABA,4,comuna 04,54,impugnado,0,12900,11981,neg
2019,G,provisorio,DIP_CABA,CABA,4,comuna 04,54,juntos por el cambio,5295,12900,11981,jxc-pro
2019,G,provisorio,DIP_CABA,CABA,4,comuna 04,54,nulo,88,12900,11981,neg
2019,G,provisorio,DIP_CABA,CABA,4,comuna 04,54,unite,171,12900,11981,otro
2019,G,provisorio,DIP_CABA,CABA,4,comuna 04,54,votos recurridos,0,12900,11981,otro
2019,G,provisorio,DIP_CABA,CABA,4,comuna 04,55,blanco,446,8700,7957,neg
2019,G,provisorio,DIP_CABA,CABA,4,comuna 04,55,consenso federal,458,8700,7957,otro
2019,G,provisorio,DIP_CABA,CABA,4,comuna 04,55,fit-u,304,8700,7957,otro
2019,G,provisorio,DIP_CABA,CABA,4,comuna 04,55,frente de todos,3531,8700,7957,pj
2019,G,provisorio,DIP_CABA,CABA,4,comuna 04,55,impugnado,0,8700,7957,neg
2019,G,provisorio,DIP_CABA,CABA,4,comuna 04,55,juntos por el cambio,2997,8700,7957,jxc-pro
2019,G,provisorio,DIP_CABA,CABA,4,comuna 04,55,nulo,86,8700,7957,neg
2019,G,provisorio,DIP_CABA,CABA,4,comuna 04,55,unite,135,8700,7957,otro
2019,G,provisorio,DIP_CABA,CABA,4,comuna 04,55,votos recurridos,0,8700,7957,otro
2019,G,provisorio,DIP_CABA,CABA,4,comuna 04,56,blanco,395,7800,7105,neg
2019,G,provisorio,DIP_CABA,CABA,4,comuna 04,56,consenso federal,407,7800,7105,otro
2019,G,provisorio,DIP_CABA,CABA,4,comuna 04,56,fit-u,304,7800,7105,otro
2019,G,provisorio,DIP_CABA,CABA,4,comuna 04,56,frente de todos,3109,7800,7105,pj
2019,G,provisorio,DIP_CABA,CABA,4,comuna 04,56,impugnado,0,7800,7105,neg
2019,G,provisorio,DIP_CABA,CABA,4,comuna 04,56,juntos por el cambio,2673,7800,7105,jxc-pro
2019,G,provisorio,DIP_CABA,CABA,4,comuna 04,56,nulo,91,7800,7105,neg
2019,G,provisorio,DIP_CABA,CABA,4,comuna 04,56,unite,126,7800,7105,otro
2019,G,provisorio,DIP_CABA,CABA,4,comuna 04,56,votos recurridos,0,7800,7105,otro
2019,G,provisorio,DIP_CABA,CABA,4,comuna 04,57,blanco,681,16200,15226,neg
2019,G,provisorio,DIP_CABA,CABA,4,comuna 04,57,consenso federal,915,16200,15226,otro
2019,G,provisorio,DIP_CABA,CABA,4,comuna 04,57,fit-u,683,16200,15226,otro
2019,G,provisorio,DIP_CABA,CABA,4,comuna 04,57,frente de todos,6126,16200,15226,pj
2019,G,provisorio,DIP_CABA,CABA,4,comuna 04,57,impugnado,0,16200,15226,neg
2019,G,provisorio,DIP_CABA,CABA,4,comuna 04,57,juntos por el cambio,6406,16200,15226,jxc-pro
2019,G,provisorio,DIP_CABA,CABA,4,comuna 04,57,nulo,131,16200,15226,neg
2019,G,provisorio,DIP_CABA,CABA,4,comuna 04,57,unite,284,16200,15226,otro
2019,G,provisorio,DIP_CABA,CABA,4,comuna 04,57,votos recurridos,0,16200,15226,otro
2019,G,provisorio,DIP_CABA,CABA,5,comuna 05,58,blanco,530,12300,11891,neg
2019,G,provisorio,DIP_CABA,CABA,5,comuna 05,58,consenso federal,745,12300,11891,otro
2019,G,provisorio,DIP_CABA,CABA,5,comuna 05,58,fit-u,636,12300,11891,otro
2019,G,provisorio,DIP_CABA,CABA,5,comuna 05,58,frente de todos,4634,12300,11891,pj
2019,G,provisorio,DIP_CABA,CABA,5,comuna 05,58,impugnado,0,12300,11891,neg
2019,G,provisorio,DIP_CABA,CABA,5,comuna 05,58,juntos por el cambio,5023,12300,11891,jxc-pro
2019,G,provisorio,DIP_CABA,CABA,5,comuna 05,58,nulo,101,12300,11891,neg
2019,G,provisorio,DIP_CABA,CABA,5,comuna 05,58,unite,222,12300,11891,otro
2019,G,provisorio,DIP_CABA,CABA,5,comuna 05,58,votos recurridos,0,12300,11891,otro
2019,G,provisorio,DIP_CABA,CABA,5,comuna 05,59,blanco,393,11400,10698,neg
2019,G,provisorio,DIP_CABA,CABA,5,comuna 05,59,consenso federal,653,11400,10698,otro
2019,G,provisorio,DIP_CABA,CABA,5,comuna 05,59,fit-u,607,11400,10698,otro
2019,G,provisorio,DIP_CABA,CABA,5,comuna 05,59,frente de todos,4234,11400,10698,pj
2019,G,provisorio,DIP_CABA,CABA,5,comuna 05,59,impugnado,0,11400,10698,neg
2019,G,provisorio,DIP_CABA,CABA,5,comuna 05,59,juntos por el cambio,4538,11400,10698,jxc-pro
2019,G,provisorio,DIP_CABA,CABA,5,comuna 05,59,nulo,74,11400,10698,neg
2019,G,provisorio,DIP_CABA,CABA,5,comuna 05,59,unite,199,11400,10698,otro
2019,G,provisorio,DIP_CABA,CABA,5,comuna 05,59,votos recurridos,0,11400,10698,otro
2019,G,provisorio,DIP_CABA,CABA,5,comuna 05,60,blanco,470,13800,12997,neg
2019,G,provisorio,DIP_CABA,CABA,5,comuna 05,60,consenso federal,755,13800,12997,otro
2019,G,provisorio,DIP_CABA,CABA,5,comuna 05,60,fit-u,700,13800,12997,otro
2019,G,provisorio,DIP_CABA,CABA,5,comuna 05,60,frente de todos,4918,13800,12997,pj
2019,G,provisorio,DIP_CABA,CABA,5,comuna 05,60,impugnado,0,13800,12997,neg
2019,G,provisorio,DIP_CABA,CABA,5,comuna 05,60,juntos por el cambio,5831,13800,12997,jxc-pro
2019,G,provisorio,DIP_CABA,CABA,5,comuna 05,60,nulo,81,13800,12997,neg
2019,G,provisorio,DIP_CABA,CABA,5,comuna 05,60,unite,242,13800,12997,otro
2019,G,provisorio,DIP_CABA,CABA,5,comuna 05,60,votos recurridos,0,13800,12997,otro
2019,G,provisorio,DIP_CABA,CABA,5,comuna 05,61,blanco,392,13200,12399,neg
2019,G,provisorio,DIP_CABA,CABA,5,comuna 05,61,consenso federal,713,13200,12399,otro
2019,G,provisorio,DIP_CABA,CABA,5,comuna 05,61,fit-u,639,13200,12399,otro
2019,G,provisorio,DIP_CABA,CABA,5,comuna 05,61,frente de todos,4025,13200,12399,pj
2019,G,provisorio,DIP_CABA,CABA,5,comuna 05,61,impugnado,0,13200,12399,neg
2019,G,provisorio,DIP_CABA,CABA,5,comuna 05,61,juntos por el cambio,6348,13200,12399,jxc-pro
2019,G,provisorio,DIP_CABA,CABA,5,comuna 05,61,nulo,72,13200,12399,neg
2019,G,provisorio,DIP_CABA,CABA,5,comuna 05,61,unite,210,13200,12399,otro
2019,G,provisorio,DIP_CABA,CABA,5,comuna 05,61,votos recurridos,0,13200,12399,otro
2019,G,provisorio,DIP_CABA,CABA,5,comuna 05,62,blanco,335,9000,8393,neg
2019,G,provisorio,DIP_CABA,CABA,5,comuna 05,62,consenso federal,493,9000,8393,otro
2019,G,provisorio,DIP_CABA,CABA,5,comuna 05,62,fit-u,464,9000,8393,otro
2019,G,provisorio,DIP_CABA,CABA,5,comuna 05,62,frente de todos,3107,9000,8393,pj
2019,G,provisorio,DIP_CABA,CABA,5,comuna 05,62,impugnado,0,9000,8393,neg
2019,G,provisorio,DIP_CABA,CABA,5,comuna 05,62,juntos por el cambio,3782,9000,8393,jxc-pro
2019,G,provisorio,DIP_CABA,CABA,5,comuna 05,62,nulo,47,9000,8393,neg
2019,G,provisorio,DIP_CABA,CABA,5,comuna 05,62,unite,164,9000,8393,otro
2019,G,provisorio,DIP_CABA,CABA,5,comuna 05,62,votos recurridos,1,9000,8393,otro
2019,G,provisorio,DIP_CABA,CABA,5,comuna 05,63,blanco,578,17400,16170,neg
2019,G,provisorio,DIP_CABA,CABA,5,comuna 05,63,consenso federal,921,17400,16170,otro
2019,G,provisorio,DIP_CABA,CABA,5,comuna 05,63,fit-u,914,17400,16170,otro
2019,G,provisorio,DIP_CABA,CABA,5,comuna 05,63,frente de todos,5484,17400,16170,pj
2019,G,provisorio,DIP_CABA,CABA,5,comuna 05,63,impugnado,0,17400,16170,neg
2019,G,provisorio,DIP_CABA,CABA,5,comuna 05,63,juntos por el cambio,7866,17400,16170,jxc-pro
2019,G,provisorio,DIP_CABA,CABA,5,comuna 05,63,nulo,109,17400,16170,neg
2019,G,provisorio,DIP_CABA,CABA,5,comuna 05,63,unite,297,17400,16170,otro
2019,G,provisorio,DIP_CABA,CABA,5,comuna 05,63,votos recurridos,1,17400,16170,otro
2019,G,provisorio,DIP_CABA,CABA,5,comuna 05,64,blanco,651,19200,17390,neg
2019,G,provisorio,DIP_CABA,CABA,5,comuna 05,64,consenso federal,943,19200,17390,otro
2019,G,provisorio,DIP_CABA,CABA,5,comuna 05,64,fit-u,995,19200,17390,otro
2019,G,provisorio,DIP_CABA,CABA,5,comuna 05,64,frente de todos,6008,19200,17390,pj
2019,G,provisorio,DIP_CABA,CABA,5,comuna 05,64,impugnado,0,19200,17390,neg
2019,G,provisorio,DIP_CABA,CABA,5,comuna 05,64,juntos por el cambio,8377,19200,17390,jxc-pro
2019,G,provisorio,DIP_CABA,CABA,5,comuna 05,64,nulo,132,19200,17390,neg
2019,G,provisorio,DIP_CABA,CABA,5,comuna 05,64,unite,284,19200,17390,otro
2019,G,provisorio,DIP_CABA,CABA,5,comuna 05,64,votos recurridos,0,19200,17390,otro
2019,G,provisorio,DIP_CABA,CABA,5,comuna 05,65,blanco,400,12000,10921,neg
2019,G,provisorio,DIP_CABA,CABA,5,comuna 05,65,consenso federal,572,12000,10921,otro
2019,G,provisorio,DIP_CABA,CABA,5,comuna 05,65,fit-u,576,12000,10921,otro
2019,G,provisorio,DIP_CABA,CABA,5,comuna 05,65,frente de todos,3777,12000,10921,pj
2019,G,provisorio,DIP_CABA,CABA,5,comuna 05,65,impugnado,0,12000,10921,neg
2019,G,provisorio,DIP_CABA,CABA,5,comuna 05,65,juntos por el cambio,5329,12000,10921,jxc-pro
2019,G,provisorio,DIP_CABA,CABA,5,comuna 05,65,nulo,71,12000,10921,neg
2019,G,provisorio,DIP_CABA,CABA,5,comuna 05,65,unite,195,12000,10921,otro
2019,G,provisorio,DIP_CABA,CABA,5,comuna 05,65,votos recurridos,1,12000,10921,otro
2019,G,provisorio,DIP_CABA,CABA,5,comuna 05,66,blanco,398,11400,10623,neg
2019,G,provisorio,DIP_CABA,CABA,5,comuna 05,66,consenso federal,605,11400,10623,otro
2019,G,provisorio,DIP_CABA,CABA,5,comuna 05,66,fit-u,663,11400,10623,otro
2019,G,provisorio,DIP_CABA,CABA,5,comuna 05,66,frente de todos,3563,11400,10623,pj
2019,G,provisorio,DIP_CABA,CABA,5,comuna 05,66,impugnado,2,11400,10623,neg
2019,G,provisorio,DIP_CABA,CABA,5,comuna 05,66,juntos por el cambio,5143,11400,10623,jxc-pro
2019,G,provisorio,DIP_CABA,CABA,5,comuna 05,66,nulo,56,11400,10623,neg
2019,G,provisorio,DIP_CABA,CABA,5,comuna 05,66,unite,193,11400,10623,otro
2019,G,provisorio,DIP_CABA,CABA,5,comuna 05,66,votos recurridos,0,11400,10623,otro
2019,G,provisorio,DIP_CABA,CABA,5,comuna 05,67,blanco,552,17700,16316,neg
2019,G,provisorio,DIP_CABA,CABA,5,comuna 05,67,consenso federal,871,17700,16316,otro
2019,G,provisorio,DIP_CABA,CABA,5,comuna 05,67,fit-u,1051,17700,16316,otro
2019,G,provisorio,DIP_CABA,CABA,5,comuna 05,67,frente de todos,5625,17700,16316,pj
2019,G,provisorio,DIP_CABA,CABA,5,comuna 05,67,impugnado,0,17700,16316,neg
2019,G,provisorio,DIP_CABA,CABA,5,comuna 05,67,juntos por el cambio,7862,17700,16316,jxc-pro
2019,G,provisorio,DIP_CABA,CABA,5,comuna 05,67,nulo,112,17700,16316,neg
2019,G,provisorio,DIP_CABA,CABA,5,comuna 05,67,unite,243,17700,16316,otro
2019,G,provisorio,DIP_CABA,CABA,5,comuna 05,67,votos recurridos,0,17700,16316,otro
2019,G,provisorio,DIP_CABA,CABA,6,comuna 06,68,blanco,577,17400,16282,neg
2019,G,provisorio,DIP_CABA,CABA,6,comuna 06,68,consenso federal,904,17400,16282,otro
2019,G,provisorio,DIP_CABA,CABA,6,comuna 06,68,fit-u,929,17400,16282,otro
2019,G,provisorio,DIP_CABA,CABA,6,comuna 06,68,frente de todos,5457,17400,16282,pj
2019,G,provisorio,DIP_CABA,CABA,6,comuna 06,68,impugnado,0,17400,16282,neg
2019,G,provisorio,DIP_CABA,CABA,6,comuna 06,68,juntos por el cambio,8027,17400,16282,jxc-pro
2019,G,provisorio,DIP_CABA,CABA,6,comuna 06,68,nulo,113,17400,16282,neg
2019,G,provisorio,DIP_CABA,CABA,6,comuna 06,68,unite,275,17400,16282,otro
2019,G,provisorio,DIP_CABA,CABA,6,comuna 06,68,votos recurridos,0,17400,16282,otro
2019,G,provisorio,DIP_CABA,CABA,6,comuna 06,69,blanco,681,25200,24064,neg
2019,G,provisorio,DIP_CABA,CABA,6,comuna 06,69,consenso federal,1286,25200,24064,otro
2019,G,provisorio,DIP_CABA,CABA,6,comuna 06,69,fit-u,1127,25200,24064,otro
2019,G,provisorio,DIP_CABA,CABA,6,comuna 06,69,frente de todos,6434,25200,24064,pj
2019,G,provisorio,DIP_CABA,CABA,6,comuna 06,69,impugnado,0,25200,24064,neg
2019,G,provisorio,DIP_CABA,CABA,6,comuna 06,69,juntos por el cambio,14012,25200,24064,jxc-pro
2019,G,provisorio,DIP_CABA,CABA,6,comuna 06,69,nulo,140,25200,24064,neg
2019,G,provisorio,DIP_CABA,CABA,6,comuna 06,69,unite,384,25200,24064,otro
2019,G,provisorio,DIP_CABA,CABA,6,comuna 06,69,votos recurridos,0,25200,24064,otro
2019,G,provisorio,DIP_CABA,CABA,6,comuna 06,70,blanco,734,22500,21417,neg
2019,G,provisorio,DIP_CABA,CABA,6,comuna 06,70,consenso federal,1166,22500,21417,otro
2019,G,provisorio,DIP_CABA,CABA,6,comuna 06,70,fit-u,1177,22500,21417,otro
2019,G,provisorio,DIP_CABA,CABA,6,comuna 06,70,frente de todos,6723,22500,21417,pj
2019,G,provisorio,DIP_CABA,CABA,6,comuna 06,70,impugnado,0,22500,21417,neg
2019,G,provisorio,DIP_CABA,CABA,6,comuna 06,70,juntos por el cambio,11135,22500,21417,jxc-pro
2019,G,provisorio,DIP_CABA,CABA,6,comuna 06,70,nulo,128,22500,21417,neg
2019,G,provisorio,DIP_CABA,CABA,6,comuna 06,70,unite,354,22500,21417,otro
2019,G,provisorio,DIP_CABA,CABA,6,comuna 06,70,votos recurridos,0,22500,21417,otro
2019,G,provisorio,DIP_CABA,CABA,6,comuna 06,71,blanco,793,27000,25691,neg
2019,G,provisorio,DIP_CABA,CABA,6,comuna 06,71,consenso federal,1319,27000,25691,otro
2019,G,provisorio,DIP_CABA,CABA,6,comuna 06,71,fit-u,1148,27000,25691,otro
2019,G,provisorio,DIP_CABA,CABA,6,comuna 06,71,frente de todos,7259,27000,25691,pj
2019,G,provisorio,DIP_CABA,CABA,6,comuna 06,71,impugnado,0,27000,25691,neg
2019,G,provisorio,DIP_CABA,CABA,6,comuna 06,71,juntos por el cambio,14591,27000,25691,jxc-pro
2019,G,provisorio,DIP_CABA,CABA,6,comuna 06,71,nulo,141,27000,25691,neg
2019,G,provisorio,DIP_CABA,CABA,6,comuna 06,71,unite,439,27000,25691,otro
2019,G,provisorio,DIP_CABA,CABA,6,comuna 06,71,votos recurridos,1,27000,25691,otro
2019,G,provisorio,DIP_CABA,CABA,6,comuna 06,72,blanco,415,11700,11143,neg
2019,G,provisorio,DIP_CABA,CABA,6,comuna 06,72,consenso federal,679,11700,11143,otro
2019,G,provisorio,DIP_CABA,CABA,6,comuna 06,72,fit-u,654,11700,11143,otro
2019,G,provisorio,DIP_CABA,CABA,6,comuna 06,72,frente de todos,3857,11700,11143,pj
2019,G,provisorio,DIP_CABA,CABA,6,comuna 06,72,impugnado,0,11700,11143,neg
2019,G,provisorio,DIP_CABA,CABA,6,comuna 06,72,juntos por el cambio,5212,11700,11143,jxc-pro
2019,G,provisorio,DIP_CABA,CABA,6,comuna 06,72,nulo,106,11700,11143,neg
2019,G,provisorio,DIP_CABA,CABA,6,comuna 06,72,unite,220,11700,11143,otro
2019,G,provisorio,DIP_CABA,CABA,6,comuna 06,72,votos recurridos,0,11700,11143,otro
2019,G,provisorio,DIP_CABA,CABA,6,comuna 06,73,blanco,480,15300,14627,neg
2019,G,provisorio,DIP_CABA,CABA,6,comuna 06,73,consenso federal,774,15300,14627,otro
2019,G,provisorio,DIP_CABA,CABA,6,comuna 06,73,fit-u,846,15300,14627,otro
2019,G,provisorio,DIP_CABA,CABA,6,comuna 06,73,frente de todos,4892,15300,14627,pj
2019,G,provisorio,DIP_CABA,CABA,6,comuna 06,73,impugnado,0,15300,14627,neg
2019,G,provisorio,DIP_CABA,CABA,6,comuna 06,73,juntos por el cambio,7274,15300,14627,jxc-pro
2019,G,provisorio,DIP_CABA,CABA,6,comuna 06,73,nulo,107,15300,14627,neg
2019,G,provisorio,DIP_CABA,CABA,6,comuna 06,73,unite,254,15300,14627,otro
2019,G,provisorio,DIP_CABA,CABA,6,comuna 06,73,votos recurridos,0,15300,14627,otro
2019,G,provisorio,DIP_CABA,CABA,6,comuna 06,74,blanco,545,21000,19945,neg
2019,G,provisorio,DIP_CABA,CABA,6,comuna 06,74,consenso federal,1056,21000,19945,otro
2019,G,provisorio,DIP_CABA,CABA,6,comuna 06,74,fit-u,839,21000,19945,otro
2019,G,provisorio,DIP_CABA,CABA,6,comuna 06,74,frente de todos,5231,21000,19945,pj
2019,G,provisorio,DIP_CABA,CABA,6,comuna 06,74,impugnado,0,21000,19945,neg
2019,G,provisorio,DIP_CABA,CABA,6,comuna 06,74,juntos por el cambio,11861,21000,19945,jxc-pro
2019,G,provisorio,DIP_CABA,CABA,6,comuna 06,74,nulo,93,21000,19945,neg
2019,G,provisorio,DIP_CABA,CABA,6,comuna 06,74,unite,320,21000,19945,otro
2019,G,provisorio,DIP_CABA,CABA,6,comuna 06,74,votos recurridos,0,21000,19945,otro
2019,G,provisorio,DIP_CABA,CABA,7,comuna 07,75,blanco,303,9000,8524,neg
2019,G,provisorio,DIP_CABA,CABA,7,comuna 07,75,consenso federal,511,9000,8524,otro
2019,G,provisorio,DIP_CABA,CABA,7,comuna 07,75,fit-u,417,9000,8524,otro
2019,G,provisorio,DIP_CABA,CABA,7,comuna 07,75,frente de todos,2745,9000,8524,pj
2019,G,provisorio,DIP_CABA,CABA,7,comuna 07,75,impugnado,0,9000,8524,neg
2019,G,provisorio,DIP_CABA,CABA,7,comuna 07,75,juntos por el cambio,4336,9000,8524,jxc-pro
2019,G,provisorio,DIP_CABA,CABA,7,comuna 07,75,nulo,74,9000,8524,neg
2019,G,provisorio,DIP_CABA,CABA,7,comuna 07,75,unite,137,9000,8524,otro
2019,G,provisorio,DIP_CABA,CABA,7,comuna 07,75,votos recurridos,1,9000,8524,otro
2019,G,provisorio,DIP_CABA,CABA,7,comuna 07,76,blanco,462,14100,13651,neg
2019,G,provisorio,DIP_CABA,CABA,7,comuna 07,76,consenso federal,748,14100,13651,otro
2019,G,provisorio,DIP_CABA,CABA,7,comuna 07,76,fit-u,641,14100,13651,otro
2019,G,provisorio,DIP_CABA,CABA,7,comuna 07,76,frente de todos,4618,14100,13651,pj
2019,G,provisorio,DIP_CABA,CABA,7,comuna 07,76,impugnado,0,14100,13651,neg
2019,G,provisorio,DIP_CABA,CABA,7,comuna 07,76,juntos por el cambio,6847,14100,13651,jxc-pro
2019,G,provisorio,DIP_CABA,CABA,7,comuna 07,76,nulo,85,14100,13651,neg
2019,G,provisorio,DIP_CABA,CABA,7,comuna 07,76,unite,250,14100,13651,otro
2019,G,provisorio,DIP_CABA,CABA,7,comuna 07,76,votos recurridos,0,14100,13651,otro
2019,G,provisorio,DIP_CABA,CABA,7,comuna 07,77,blanco,473,11700,11196,neg
2019,G,provisorio,DIP_CABA,CABA,7,comuna 07,77,consenso federal,633,11700,11196,otro
2019,G,provisorio,DIP_CABA,CABA,7,comuna 07,77,fit-u,513,11700,11196,otro
2019,G,provisorio,DIP_CABA,CABA,7,comuna 07,77,frente de todos,4382,11700,11196,pj
2019,G,provisorio,DIP_CABA,CABA,7,comuna 07,77,impugnado,0,11700,11196,neg
2019,G,provisorio,DIP_CABA,CABA,7,comuna 07,77,juntos por el cambio,4893,11700,11196,jxc-pro
2019,G,provisorio,DIP_CABA,CABA,7,comuna 07,77,nulo,78,11700,11196,neg
2019,G,provisorio,DIP_CABA,CABA,7,comuna 07,77,unite,224,11700,11196,otro
2019,G,provisorio,DIP_CABA,CABA,7,comuna 07,77,votos recurridos,0,11700,11196,otro
2019,G,provisorio,DIP_CABA,CABA,7,comuna 07,78,blanco,372,9300,8845,neg
2019,G,provisorio,DIP_CABA,CABA,7,comuna 07,78,consenso federal,510,9300,8845,otro
2019,G,provisorio,DIP_CABA,CABA,7,comuna 07,78,fit-u,348,9300,8845,otro
2019,G,provisorio,DIP_CABA,CABA,7,comuna 07,78,frente de todos,3421,9300,8845,pj
2019,G,provisorio,DIP_CABA,CABA,7,comuna 07,78,impugnado,0,9300,8845,neg
2019,G,provisorio,DIP_CABA,CABA,7,comuna 07,78,juntos por el cambio,3957,9300,8845,jxc-pro
2019,G,provisorio,DIP_CABA,CABA,7,comuna 07,78,nulo,79,9300,8845,neg
2019,G,provisorio,DIP_CABA,CABA,7,comuna 07,78,unite,158,9300,8845,otro
2019,G,provisorio,DIP_CABA,CABA,7,comuna 07,78,votos recurridos,0,9300,8845,otro
2019,G,provisorio,DIP_CABA,CABA,7,comuna 07,79,blanco,420,12300,10572,neg
2019,G,provisorio,DIP_CABA,CABA,7,comuna 07,79,consenso federal,562,12300,10572,otro
2019,G,provisorio,DIP_CABA,CABA,7,comuna 07,79,fit-u,495,12300,10572,otro
2019,G,provisorio,DIP_CABA,CABA,7,comuna 07,79,frente de todos,3351,12300,10572,pj
2019,G,provisorio,DIP_CABA,CABA,7,comuna 07,79,impugnado,0,12300,10572,neg
2019,G,provisorio,DIP_CABA,CABA,7,comuna 07,79,juntos por el cambio,5485,12300,10572,jxc-pro
2019,G,provisorio,DIP_CABA,CABA,7,comuna 07,79,nulo,66,12300,10572,neg
2019,G,provisorio,DIP_CABA,CABA,7,comuna 07,79,unite,192,12300,10572,otro
2019,G,provisorio,DIP_CABA,CABA,7,comuna 07,79,votos recurridos,1,12300,10572,otro
2019,G,provisorio,DIP_CABA,CABA,7,comuna 07,80,blanco,394,11400,11011,neg
2019,G,provisorio,DIP_CABA,CABA,7,comuna 07,80,consenso federal,687,11400,11011,otro
2019,G,provisorio,DIP_CABA,CABA,7,comuna 07,80,fit-u,560,11400,11011,otro
2019,G,provisorio,DIP_CABA,CABA,7,comuna 07,80,frente de todos,3482,11400,11011,pj
2019,G,provisorio,DIP_CABA,CABA,7,comuna 07,80,impugnado,0,11400,11011,neg
2019,G,provisorio,DIP_CABA,CABA,7,comuna 07,80,juntos por el cambio,5587,11400,11011,jxc-pro
2019,G,provisorio,DIP_CABA,CABA,7,comuna 07,80,nulo,101,11400,11011,neg
2019,G,provisorio,DIP_CABA,CABA,7,comuna 07,80,unite,200,11400,11011,otro
2019,G,provisorio,DIP_CABA,CABA,7,comuna 07,80,votos recurridos,0,11400,11011,otro
2019,G,provisorio,DIP_CABA,CABA,7,comuna 07,81,blanco,397,10800,10136,neg
2019,G,provisorio,DIP_CABA,CABA,7,comuna 07,81,consenso federal,556,10800,10136,otro
2019,G,provisorio,DIP_CABA,CABA,7,comuna 07,81,fit-u,478,10800,10136,otro
2019,G,provisorio,DIP_CABA,CABA,7,comuna 07,81,frente de todos,3092,10800,10136,pj
2019,G,provisorio,DIP_CABA,CABA,7,comuna 07,81,impugnado,0,10800,10136,neg
2019,G,provisorio,DIP_CABA,CABA,7,comuna 07,81,juntos por el cambio,5363,10800,10136,jxc-pro
2019,G,provisorio,DIP_CABA,CABA,7,comuna 07,81,nulo,71,10800,10136,neg
2019,G,provisorio,DIP_CABA,CABA,7,comuna 07,81,unite,179,10800,10136,otro
2019,G,provisorio,DIP_CABA,CABA,7,comuna 07,81,votos recurridos,0,10800,10136,otro
2019,G,provisorio,DIP_CABA,CABA,7,comuna 07,82,blanco,469,12900,11780,neg
2019,G,provisorio,DIP_CABA,CABA,7,comuna 07,82,consenso federal,711,12900,11780,otro
2019,G,provisorio,DIP_CABA,CABA,7,comuna 07,82,fit-u,502,12900,11780,otro
2019,G,provisorio,DIP_CABA,CABA,7,comuna 07,82,frente de todos,3843,12900,11780,pj
2019,G,provisorio,DIP_CABA,CABA,7,comuna 07,82,impugnado,1,12900,11780,neg
2019,G,provisorio,DIP_CABA,CABA,7,comuna 07,82,juntos por el cambio,5926,12900,11780,jxc-pro
2019,G,provisorio,DIP_CABA,CABA,7,comuna 07,82,nulo,112,12900,11780,neg
2019,G,provisorio,DIP_CABA,CABA,7,comuna 07,82,unite,216,12900,11780,otro
2019,G,provisorio,DIP_CABA,CABA,7,comuna 07,82,votos recurridos,0,12900,11780,otro
2019,G,provisorio,DIP_CABA,CABA,7,comuna 07,83,blanco,527,18300,16957,neg
2019,G,provisorio,DIP_CABA,CABA,7,comuna 07,83,consenso federal,955,18300,16957,otro
2019,G,provisorio,DIP_CABA,CABA,7,comuna 07,83,fit-u,687,18300,16957,otro
2019,G,provisorio,DIP_CABA,CABA,7,comuna 07,83,frente de todos,4421,18300,16957,pj
2019,G,provisorio,DIP_CABA,CABA,7,comuna 07,83,impugnado,0,18300,16957,neg
2019,G,provisorio,DIP_CABA,CABA,7,comuna 07,83,juntos por el cambio,10021,18300,16957,jxc-pro
2019,G,provisorio,DIP_CABA,CABA,7,comuna 07,83,nulo,101,18300,16957,neg
2019,G,provisorio,DIP_CABA,CABA,7,comuna 07,83,unite,245,18300,16957,otro
2019,G,provisorio,DIP_CABA,CABA,7,comuna 07,83,votos recurridos,0,18300,16957,otro
2019,G,provisorio,DIP_CABA,CABA,7,comuna 07,84,blanco,351,9600,9182,neg
2019,G,provisorio,DIP_CABA,CABA,7,comuna 07,84,consenso federal,598,9600,9182,otro
2019,G,provisorio,DIP_CABA,CABA,7,comuna 07,84,fit-u,443,9600,9182,otro
2019,G,provisorio,DIP_CABA,CABA,7,comuna 07,84,frente de todos,3198,9600,9182,pj
2019,G,provisorio,DIP_CABA,CABA,7,comuna 07,84,impugnado,0,9600,9182,neg
2019,G,provisorio,DIP_CABA,CABA,7,comuna 07,84,juntos por el cambio,4327,9600,9182,jxc-pro
2019,G,provisorio,DIP_CABA,CABA,7,comuna 07,84,nulo,60,9600,9182,neg
2019,G,provisorio,DIP_CABA,CABA,7,comuna 07,84,unite,205,9600,9182,otro
2019,G,provisorio,DIP_CABA,CABA,7,comuna 07,84,votos recurridos,0,9600,9182,otro
2019,G,provisorio,DIP_CABA,CABA,7,comuna 07,85,blanco,212,6900,6566,neg
2019,G,provisorio,DIP_CABA,CABA,7,comuna 07,85,consenso federal,407,6900,6566,otro
2019,G,provisorio,DIP_CABA,CABA,7,comuna 07,85,fit-u,322,6900,6566,otro
2019,G,provisorio,DIP_CABA,CABA,7,comuna 07,85,frente de todos,1985,6900,6566,pj
2019,G,provisorio,DIP_CABA,CABA,7,comuna 07,85,impugnado,0,6900,6566,neg
2019,G,provisorio,DIP_CABA,CABA,7,comuna 07,85,juntos por el cambio,3471,6900,6566,jxc-pro
2019,G,provisorio,DIP_CABA,CABA,7,comuna 07,85,nulo,46,6900,6566,neg
2019,G,provisorio,DIP_CABA,CABA,7,comuna 07,85,unite,123,6900,6566,otro
2019,G,provisorio,DIP_CABA,CABA,7,comuna 07,85,votos recurridos,0,6900,6566,otro
2019,G,provisorio,DIP_CABA,CABA,7,comuna 07,86,blanco,1375,25500,22740,neg
2019,G,provisorio,DIP_CABA,CABA,7,comuna 07,86,consenso federal,1202,25500,22740,otro
2019,G,provisorio,DIP_CABA,CABA,7,comuna 07,86,fit-u,861,25500,22740,otro
2019,G,provisorio,DIP_CABA,CABA,7,comuna 07,86,frente de todos,11632,25500,22740,pj
2019,G,provisorio,DIP_CABA,CABA,7,comuna 07,86,impugnado,0,25500,22740,neg
2019,G,provisorio,DIP_CABA,CABA,7,comuna 07,86,juntos por el cambio,6993,25500,22740,jxc-pro
2019,G,provisorio,DIP_CABA,CABA,7,comuna 07,86,nulo,217,25500,22740,neg
2019,G,provisorio,DIP_CABA,CABA,7,comuna 07,86,unite,460,25500,22740,otro
2019,G,provisorio,DIP_CABA,CABA,7,comuna 07,86,votos recurridos,0,25500,22740,otro
2019,G,provisorio,DIP_CABA,CABA,8,comuna 08,87,blanco,1469,26700,24831,neg
2019,G,provisorio,DIP_CABA,CABA,8,comuna 08,87,consenso federal,1128,26700,24831,otro
2019,G,provisorio,DIP_CABA,CABA,8,comuna 08,87,fit-u,805,26700,24831,otro
2019,G,provisorio,DIP_CABA,CABA,8,comuna 08,87,frente de todos,13419,26700,24831,pj
2019,G,provisorio,DIP_CABA,CABA,8,comuna 08,87,impugnado,0,26700,24831,neg
2019,G,provisorio,DIP_CABA,CABA,8,comuna 08,87,juntos por el cambio,7369,26700,24831,jxc-pro
2019,G,provisorio,DIP_CABA,CABA,8,comuna 08,87,nulo,234,26700,24831,neg
2019,G,provisorio,DIP_CABA,CABA,8,comuna 08,87,unite,407,26700,24831,otro
2019,G,provisorio,DIP_CABA,CABA,8,comuna 08,87,votos recurridos,0,26700,24831,otro
2019,G,provisorio,DIP_CABA,CABA,8,comuna 08,88,blanco,510,14100,13609,neg
2019,G,provisorio,DIP_CABA,CABA,8,comuna 08,88,consenso federal,867,14100,13609,otro
2019,G,provisorio,DIP_CABA,CABA,8,comuna 08,88,fit-u,479,14100,13609,otro
2019,G,provisorio,DIP_CABA,CABA,8,comuna 08,88,frente de todos,4966,14100,13609,pj
2019,G,provisorio,DIP_CABA,CABA,8,comuna 08,88,impugnado,0,14100,13609,neg
2019,G,provisorio,DIP_CABA,CABA,8,comuna 08,88,juntos por el cambio,6384,14100,13609,jxc-pro
2019,G,provisorio,DIP_CABA,CABA,8,comuna 08,88,nulo,140,14100,13609,neg
2019,G,provisorio,DIP_CABA,CABA,8,comuna 08,88,unite,263,14100,13609,otro
2019,G,provisorio,DIP_CABA,CABA,8,comuna 08,88,votos recurridos,0,14100,13609,otro
2019,G,provisorio,DIP_CABA,CABA,8,comuna 08,89,blanco,2090,41100,39060,neg
2019,G,provisorio,DIP_CABA,CABA,8,comuna 08,89,consenso federal,2161,41100,39060,otro
2019,G,provisorio,DIP_CABA,CABA,8,comuna 08,89,fit-u,1375,41100,39060,otro
2019,G,provisorio,DIP_CABA,CABA,8,comuna 08,89,frente de todos,17445,41100,39060,pj
2019,G,provisorio,DIP_CABA,CABA,8,comuna 08,89,impugnado,0,41100,39060,neg
2019,G,provisorio,DIP_CABA,CABA,8,comuna 08,89,juntos por el cambio,14977,41100,39060,jxc-pro
2019,G,provisorio,DIP_CABA,CABA,8,comuna 08,89,nulo,356,41100,39060,neg
2019,G,provisorio,DIP_CABA,CABA,8,comuna 08,89,unite,656,41100,39060,otro
2019,G,provisorio,DIP_CABA,CABA,8,comuna 08,89,votos recurridos,0,41100,39060,otro
2019,G,provisorio,DIP_CABA,CABA,8,comuna 08,90,blanco,2111,40200,37605,neg
2019,G,provisorio,DIP_CABA,CABA,8,comuna 08,90,consenso federal,2001,40200,37605,otro
2019,G,provisorio,DIP_CABA,CABA,8,comuna 08,90,fit-u,1276,40200,37605,otro
2019,G,provisorio,DIP_CABA,CABA,8,comuna 08,90,frente de todos,17769,40200,37605,pj
2019,G,provisorio,DIP_CABA,CABA,8,comuna 08,90,impugnado,0,40200,37605,neg
2019,G,provisorio,DIP_CABA,CABA,8,comuna 08,90,juntos por el cambio,13521,40200,37605,jxc-pro
2019,G,provisorio,DIP_CABA,CABA,8,comuna 08,90,nulo,303,40200,37605,neg
2019,G,provisorio,DIP_CABA,CABA,8,comuna 08,90,unite,624,40200,37605,otro
2019,G,provisorio,DIP_CABA,CABA,8,comuna 08,90,votos recurridos,0,40200,37605,otro
2019,G,provisorio,DIP_CABA,CABA,9,comuna 09,91,blanco,435,8100,7383,neg
2019,G,provisorio,DIP_CABA,CABA,9,comuna 09,91,consenso federal,402,8100,7383,otro
2019,G,provisorio,DIP_CABA,CABA,9,comuna 09,91,fit-u,232,8100,7383,otro
2019,G,provisorio,DIP_CABA,CABA,9,comuna 09,91,frente de todos,4099,8100,7383,pj
2019,G,provisorio,DIP_CABA,CABA,9,comuna 09,91,impugnado,0,8100,7383,neg
2019,G,provisorio,DIP_CABA,CABA,9,comuna 09,91,juntos por el cambio,1972,8100,7383,jxc-pro
2019,G,provisorio,DIP_CABA,CABA,9,comuna 09,91,nulo,95,8100,7383,neg
2019,G,provisorio,DIP_CABA,CABA,9,comuna 09,91,unite,148,8100,7383,otro
2019,G,provisorio,DIP_CABA,CABA,9,comuna 09,91,votos recurridos,0,8100,7383,otro
2019,G,provisorio,DIP_CABA,CABA,9,comuna 09,92,blanco,461,11700,11133,neg
2019,G,provisorio,DIP_CABA,CABA,9,comuna 09,92,consenso federal,661,11700,11133,otro
2019,G,provisorio,DIP_CABA,CABA,9,comuna 09,92,fit-u,560,11700,11133,otro
2019,G,provisorio,DIP_CABA,CABA,9,comuna 09,92,frente de todos,4090,11700,11133,pj
2019,G,provisorio,DIP_CABA,CABA,9,comuna 09,92,impugnado,0,11700,11133,neg
2019,G,provisorio,DIP_CABA,CABA,9,comuna 09,92,juntos por el cambio,5021,11700,11133,jxc-pro
2019,G,provisorio,DIP_CABA,CABA,9,comuna 09,92,nulo,106,11700,11133,neg
2019,G,provisorio,DIP_CABA,CABA,9,comuna 09,92,unite,234,11700,11133,otro
2019,G,provisorio,DIP_CABA,CABA,9,comuna 09,92,votos recurridos,0,11700,11133,otro
2019,G,provisorio,DIP_CABA,CABA,9,comuna 09,93,blanco,307,7200,6962,neg
2019,G,provisorio,DIP_CABA,CABA,9,comuna 09,93,consenso federal,466,7200,6962,otro
2019,G,provisorio,DIP_CABA,CABA,9,comuna 09,93,fit-u,286,7200,6962,otro
2019,G,provisorio,DIP_CABA,CABA,9,comuna 09,93,frente de todos,2881,7200,6962,pj
2019,G,provisorio,DIP_CABA,CABA,9,comuna 09,93,impugnado,0,7200,6962,neg
2019,G,provisorio,DIP_CABA,CABA,9,comuna 09,93,juntos por el cambio,2841,7200,6962,jxc-pro
2019,G,provisorio,DIP_CABA,CABA,9,comuna 09,93,nulo,62,7200,6962,neg
2019,G,provisorio,DIP_CABA,CABA,9,comuna 09,93,unite,119,7200,6962,otro
2019,G,provisorio,DIP_CABA,CABA,9,comuna 09,93,votos recurridos,0,7200,6962,otro
2019,G,provisorio,DIP_CABA,CABA,9,comuna 09,94,blanco,387,9600,8964,neg
2019,G,provisorio,DIP_CABA,CABA,9,comuna 09,94,consenso federal,567,9600,8964,otro
2019,G,provisorio,DIP_CABA,CABA,9,comuna 09,94,fit-u,439,9600,8964,otro
2019,G,provisorio,DIP_CABA,CABA,9,comuna 09,94,frente de todos,3532,9600,8964,pj
2019,G,provisorio,DIP_CABA,CABA,9,comuna 09,94,impugnado,0,9600,8964,neg
2019,G,provisorio,DIP_CABA,CABA,9,comuna 09,94,juntos por el cambio,3808,9600,8964,jxc-pro
2019,G,provisorio,DIP_CABA,CABA,9,comuna 09,94,nulo,62,9600,8964,neg
2019,G,provisorio,DIP_CABA,CABA,9,comuna 09,94,unite,169,9600,8964,otro
2019,G,provisorio,DIP_CABA,CABA,9,comuna 09,94,votos recurridos,0,9600,8964,otro
2019,G,provisorio,DIP_CABA,CABA,9,comuna 09,95,blanco,494,15000,14500,neg
2019,G,provisorio,DIP_CABA,CABA,9,comuna 09,95,consenso federal,922,15000,14500,otro
2019,G,provisorio,DIP_CABA,CABA,9,comuna 09,95,fit-u,583,15000,14500,otro
2019,G,provisorio,DIP_CABA,CABA,9,comuna 09,95,frente de todos,5450,15000,14500,pj
2019,G,provisorio,DIP_CABA,CABA,9,comuna 09,95,impugnado,0,15000,14500,neg
2019,G,provisorio,DIP_CABA,CABA,9,comuna 09,95,juntos por el cambio,6640,15000,14500,jxc-pro
2019,G,provisorio,DIP_CABA,CABA,9,comuna 09,95,nulo,110,15000,14500,neg
2019,G,provisorio,DIP_CABA,CABA,9,comuna 09,95,unite,301,15000,14500,otro
2019,G,provisorio,DIP_CABA,CABA,9,comuna 09,95,votos recurridos,0,15000,14500,otro
2019,G,provisorio,DIP_CABA,CABA,9,comuna 09,96,blanco,440,10500,9904,neg
2019,G,provisorio,DIP_CABA,CABA,9,comuna 09,96,consenso federal,737,10500,9904,otro
2019,G,provisorio,DIP_CABA,CABA,9,comuna 09,96,fit-u,399,10500,9904,otro
2019,G,provisorio,DIP_CABA,CABA,9,comuna 09,96,frente de todos,4074,10500,9904,pj
2019,G,provisorio,DIP_CABA,CABA,9,comuna 09,96,impugnado,0,10500,9904,neg
2019,G,provisorio,DIP_CABA,CABA,9,comuna 09,96,juntos por el cambio,3979,10500,9904,jxc-pro
2019,G,provisorio,DIP_CABA,CABA,9,comuna 09,96,nulo,79,10500,9904,neg
2019,G,provisorio,DIP_CABA,CABA,9,comuna 09,96,unite,196,10500,9904,otro
2019,G,provisorio,DIP_CABA,CABA,9,comuna 09,96,votos recurridos,0,10500,9904,otro
2019,G,provisorio,DIP_CABA,CABA,9,comuna 09,97,blanco,391,10500,9904,neg
2019,G,provisorio,DIP_CABA,CABA,9,comuna 09,97,consenso federal,632,10500,9904,otro
2019,G,provisorio,DIP_CABA,CABA,9,comuna 09,97,fit-u,362,10500,9904,otro
2019,G,provisorio,DIP_CABA,CABA,9,comuna 09,97,frente de todos,4405,10500,9904,pj
2019,G,provisorio,DIP_CABA,CABA,9,comuna 09,97,impugnado,0,10500,9904,neg
2019,G,provisorio,DIP_CABA,CABA,9,comuna 09,97,juntos por el cambio,3878,10500,9904,jxc-pro
2019,G,provisorio,DIP_CABA,CABA,9,comuna 09,97,nulo,46,10500,9904,neg
2019,G,provisorio,DIP_CABA,CABA,9,comuna 09,97,unite,190,10500,9904,otro
2019,G,provisorio,DIP_CABA,CABA,9,comuna 09,97,votos recurridos,0,10500,9904,otro
2019,G,provisorio,DIP_CABA,CABA,9,comuna 09,98,blanco,781,19200,18489,neg
2019,G,provisorio,DIP_CABA,CABA,9,comuna 09,98,consenso federal,1243,19200,18489,otro
2019,G,provisorio,DIP_CABA,CABA,9,comuna 09,98,fit-u,698,19200,18489,otro
2019,G,provisorio,DIP_CABA,CABA,9,comuna 09,98,frente de todos,6668,19200,18489,pj
2019,G,provisorio,DIP_CABA,CABA,9,comuna 09,98,impugnado,1,19200,18489,neg
2019,G,provisorio,DIP_CABA,CABA,9,comuna 09,98,juntos por el cambio,8588,19200,18489,jxc-pro
2019,G,provisorio,DIP_CABA,CABA,9,comuna 09,98,nulo,119,19200,18489,neg
2019,G,provisorio,DIP_CABA,CABA,9,comuna 09,98,unite,391,19200,18489,otro
2019,G,provisorio,DIP_CABA,CABA,9,comuna 09,98,votos recurridos,0,19200,18489,otro
2019,G,provisorio,DIP_CABA,CABA,9,comuna 09,99,blanco,302,9600,9353,neg
2019,G,provisorio,DIP_CABA,CABA,9,comuna 09,99,consenso federal,712,9600,9353,otro
2019,G,provisorio,DIP_CABA,CABA,9,comuna 09,99,fit-u,340,9600,9353,otro
2019,G,provisorio,DIP_CABA,CABA,9,comuna 09,99,frente de todos,3005,9600,9353,pj
2019,G,provisorio,DIP_CABA,CABA,9,comuna 09,99,impugnado,0,9600,9353,neg
2019,G,provisorio,DIP_CABA,CABA,9,comuna 09,99,juntos por el cambio,4779,9600,9353,jxc-pro
2019,G,provisorio,DIP_CABA,CABA,9,comuna 09,99,nulo,56,9600,9353,neg
2019,G,provisorio,DIP_CABA,CABA,9,comuna 09,99,unite,159,9600,9353,otro
2019,G,provisorio,DIP_CABA,CABA,9,comuna 09,99,votos recurridos,0,9600,9353,otro
2019,G,provisorio,DIP_CABA,CABA,9,comuna 09,100,blanco,419,12000,11798,neg
2019,G,provisorio,DIP_CABA,CABA,9,comuna 09,100,consenso federal,804,12000,11798,otro
2019,G,provisorio,DIP_CABA,CABA,9,comuna 09,100,fit-u,470,12000,11798,otro
2019,G,provisorio,DIP_CABA,CABA,9,comuna 09,100,frente de todos,3845,12000,11798,pj
2019,G,provisorio,DIP_CABA,CABA,9,comuna 09,100,impugnado,0,12000,11798,neg
2019,G,provisorio,DIP_CABA,CABA,9,comuna 09,100,juntos por el cambio,5926,12000,11798,jxc-pro
2019,G,provisorio,DIP_CABA,CABA,9,comuna 09,100,nulo,65,12000,11798,neg
2019,G,provisorio,DIP_CABA,CABA,9,comuna 09,100,unite,269,12000,11798,otro
2019,G,provisorio,DIP_CABA,CABA,9,comuna 09,100,votos recurridos,0,12000,11798,otro
2019,G,provisorio,DIP_CABA,CABA,9,comuna 09,101,blanco,542,15000,14014,neg
2019,G,provisorio,DIP_CABA,CABA,9,comuna 09,101,consenso federal,883,15000,14014,otro
2019,G,provisorio,DIP_CABA,CABA,9,comuna 09,101,fit-u,631,15000,14014,otro
2019,G,provisorio,DIP_CABA,CABA,9,comuna 09,101,frente de todos,4768,15000,14014,pj
2019,G,provisorio,DIP_CABA,CABA,9,comuna 09,101,impugnado,0,15000,14014,neg
2019,G,provisorio,DIP_CABA,CABA,9,comuna 09,101,juntos por el cambio,6791,15000,14014,jxc-pro
2019,G,provisorio,DIP_CABA,CABA,9,comuna 09,101,nulo,114,15000,14014,neg
2019,G,provisorio,DIP_CABA,CABA,9,comuna 09,101,unite,285,15000,14014,otro
2019,G,provisorio,DIP_CABA,CABA,9,comuna 09,101,votos recurridos,0,15000,14014,otro
2019,G,provisorio,DIP_CABA,CABA,10,comuna 10,102,blanco,403,11700,11167,neg
2019,G,provisorio,DIP_CABA,CABA,10,comuna 10,102,consenso federal,737,11700,11167,otro
2019,G,provisorio,DIP_CABA,CABA,10,comuna 10,102,fit-u,487,11700,11167,otro
2019,G,provisorio,DIP_CABA,CABA,10,comuna 10,102,frente de todos,3353,11700,11167,pj
2019,G,provisorio,DIP_CABA,CABA,10,comuna 10,102,impugnado,0,11700,11167,neg
2019,G,provisorio,DIP_CABA,CABA,10,comuna 10,102,juntos por el cambio,5878,11700,11167,jxc-pro
2019,G,provisorio,DIP_CABA,CABA,10,comuna 10,102,nulo,71,11700,11167,neg
2019,G,provisorio,DIP_CABA,CABA,10,comuna 10,102,unite,238,11700,11167,otro
2019,G,provisorio,DIP_CABA,CABA,10,comuna 10,102,votos recurridos,0,11700,11167,otro
2019,G,provisorio,DIP_CABA,CABA,10,comuna 10,103,blanco,383,11100,10645,neg
2019,G,provisorio,DIP_CABA,CABA,10,comuna 10,103,consenso federal,721,11100,10645,otro
2019,G,provisorio,DIP_CABA,CABA,10,comuna 10,103,fit-u,427,11100,10645,otro
2019,G,provisorio,DIP_CABA,CABA,10,comuna 10,103,frente de todos,3405,11100,10645,pj
2019,G,provisorio,DIP_CABA,CABA,10,comuna 10,103,impugnado,0,11100,10645,neg
2019,G,provisorio,DIP_CABA,CABA,10,comuna 10,103,juntos por el cambio,5387,11100,10645,jxc-pro
2019,G,provisorio,DIP_CABA,CABA,10,comuna 10,103,nulo,108,11100,10645,neg
2019,G,provisorio,DIP_CABA,CABA,10,comuna 10,103,unite,214,11100,10645,otro
2019,G,provisorio,DIP_CABA,CABA,10,comuna 10,103,votos recurridos,0,11100,10645,otro
2019,G,provisorio,DIP_CABA,CABA,10,comuna 10,104,blanco,442,10800,10392,neg
2019,G,provisorio,DIP_CABA,CABA,10,comuna 10,104,consenso federal,698,10800,10392,otro
2019,G,provisorio,DIP_CABA,CABA,10,comuna 10,104,fit-u,456,10800,10392,otro
2019,G,provisorio,DIP_CABA,CABA,10,comuna 10,104,frente de todos,3628,10800,10392,pj
2019,G,provisorio,DIP_CABA,CABA,10,comuna 10,104,impugnado,0,10800,10392,neg
2019,G,provisorio,DIP_CABA,CABA,10,comuna 10,104,juntos por el cambio,4882,10800,10392,jxc-pro
2019,G,provisorio,DIP_CABA,CABA,10,comuna 10,104,nulo,87,10800,10392,neg
2019,G,provisorio,DIP_CABA,CABA,10,comuna 10,104,unite,199,10800,10392,otro
2019,G,provisorio,DIP_CABA,CABA,10,comuna 10,104,votos recurridos,0,10800,10392,otro
2019,G,provisorio,DIP_CABA,CABA,10,comuna 10,105,blanco,541,16200,15678,neg
2019,G,provisorio,DIP_CABA,CABA,10,comuna 10,105,consenso federal,1071,16200,15678,otro
2019,G,provisorio,DIP_CABA,CABA,10,comuna 10,105,fit-u,714,16200,15678,otro
2019,G,provisorio,DIP_CABA,CABA,10,comuna 10,105,frente de todos,5158,16200,15678,pj
2019,G,provisorio,DIP_CABA,CABA,10,comuna 10,105,impugnado,0,16200,15678,neg
2019,G,provisorio,DIP_CABA,CABA,10,comuna 10,105,juntos por el cambio,7760,16200,15678,jxc-pro
2019,G,provisorio,DIP_CABA,CABA,10,comuna 10,105,nulo,126,16200,15678,neg
2019,G,provisorio,DIP_CABA,CABA,10,comuna 10,105,unite,308,16200,15678,otro
2019,G,provisorio,DIP_CABA,CABA,10,comuna 10,105,votos recurridos,0,16200,15678,otro
2019,G,provisorio,DIP_CABA,CABA,10,comuna 10,106,blanco,356,9900,9556,neg
2019,G,provisorio,DIP_CABA,CABA,10,comuna 10,106,consenso federal,624,9900,9556,otro
2019,G,provisorio,DIP_CABA,CABA,10,comuna 10,106,fit-u,441,9900,9556,otro
2019,G,provisorio,DIP_CABA,CABA,10,comuna 10,106,frente de todos,3276,9900,9556,pj
2019,G,provisorio,DIP_CABA,CABA,10,comuna 10,106,impugnado,0,9900,9556,neg
2019,G,provisorio,DIP_CABA,CABA,10,comuna 10,106,juntos por el cambio,4580,9900,9556,jxc-pro
2019,G,provisorio,DIP_CABA,CABA,10,comuna 10,106,nulo,102,9900,9556,neg
2019,G,provisorio,DIP_CABA,CABA,10,comuna 10,106,unite,177,9900,9556,otro
2019,G,provisorio,DIP_CABA,CABA,10,comuna 10,106,votos recurridos,0,9900,9556,otro
2019,G,provisorio,DIP_CABA,CABA,10,comuna 10,107,blanco,573,16800,16076,neg
2019,G,provisorio,DIP_CABA,CABA,10,comuna 10,107,consenso federal,1071,16800,16076,otro
2019,G,provisorio,DIP_CABA,CABA,10,comuna 10,107,fit-u,749,16800,16076,otro
2019,G,provisorio,DIP_CABA,CABA,10,comuna 10,107,frente de todos,5585,16800,16076,pj
2019,G,provisorio,DIP_CABA,CABA,10,comuna 10,107,impugnado,0,16800,16076,neg
2019,G,provisorio,DIP_CABA,CABA,10,comuna 10,107,juntos por el cambio,7658,16800,16076,jxc-pro
2019,G,provisorio,DIP_CABA,CABA,10,comuna 10,107,nulo,98,16800,16076,neg
2019,G,provisorio,DIP_CABA,CABA,10,comuna 10,107,unite,342,16800,16076,otro
2019,G,provisorio,DIP_CABA,CABA,10,comuna 10,107,votos recurridos,0,16800,16076,otro
2019,G,provisorio,DIP_CABA,CABA,10,comuna 10,108,blanco,357,10500,10033,neg
2019,G,provisorio,DIP_CABA,CABA,10,comuna 10,108,consenso federal,687,10500,10033,otro
2019,G,provisorio,DIP_CABA,CABA,10,comuna 10,108,fit-u,540,10500,10033,otro
2019,G,provisorio,DIP_CABA,CABA,10,comuna 10,108,frente de todos,3475,10500,10033,pj
2019,G,provisorio,DIP_CABA,CABA,10,comuna 10,108,impugnado,0,10500,10033,neg
2019,G,provisorio,DIP_CABA,CABA,10,comuna 10,108,juntos por el cambio,4720,10500,10033,jxc-pro
2019,G,provisorio,DIP_CABA,CABA,10,comuna 10,108,nulo,71,10500,10033,neg
2019,G,provisorio,DIP_CABA,CABA,10,comuna 10,108,unite,182,10500,10033,otro
2019,G,provisorio,DIP_CABA,CABA,10,comuna 10,108,votos recurridos,1,10500,10033,otro
2019,G,provisorio,DIP_CABA,CABA,10,comuna 10,109,blanco,595,16800,15738,neg
2019,G,provisorio,DIP_CABA,CABA,10,comuna 10,109,consenso federal,991,16800,15738,otro
2019,G,provisorio,DIP_CABA,CABA,10,comuna 10,109,fit-u,852,16800,15738,otro
2019,G,provisorio,DIP_CABA,CABA,10,comuna 10,109,frente de todos,5387,16800,15738,pj
2019,G,provisorio,DIP_CABA,CABA,10,comuna 10,109,impugnado,0,16800,15738,neg
2019,G,provisorio,DIP_CABA,CABA,10,comuna 10,109,juntos por el cambio,7504,16800,15738,jxc-pro
2019,G,provisorio,DIP_CABA,CABA,10,comuna 10,109,nulo,117,16800,15738,neg
2019,G,provisorio,DIP_CABA,CABA,10,comuna 10,109,unite,292,16800,15738,otro
2019,G,provisorio,DIP_CABA,CABA,10,comuna 10,109,votos recurridos,0,16800,15738,otro
2019,G,provisorio,DIP_CABA,CABA,10,comuna 10,110,blanco,313,8700,8376,neg
2019,G,provisorio,DIP_CABA,CABA,10,comuna 10,110,consenso federal,553,8700,8376,otro
2019,G,provisorio,DIP_CABA,CABA,10,comuna 10,110,fit-u,412,8700,8376,otro
2019,G,provisorio,DIP_CABA,CABA,10,comuna 10,110,frente de todos,3155,8700,8376,pj
2019,G,provisorio,DIP_CABA,CABA,10,comuna 10,110,impugnado,0,8700,8376,neg
2019,G,provisorio,DIP_CABA,CABA,10,comuna 10,110,juntos por el cambio,3736,8700,8376,jxc-pro
2019,G,provisorio,DIP_CABA,CABA,10,comuna 10,110,nulo,53,8700,8376,neg
2019,G,provisorio,DIP_CABA,CABA,10,comuna 10,110,unite,154,8700,8376,otro
2019,G,provisorio,DIP_CABA,CABA,10,comuna 10,110,votos recurridos,0,8700,8376,otro
2019,G,provisorio,DIP_CABA,CABA,10,comuna 10,111,blanco,422,10200,9289,neg
2019,G,provisorio,DIP_CABA,CABA,10,comuna 10,111,consenso federal,599,10200,9289,otro
2019,G,provisorio,DIP_CABA,CABA,10,comuna 10,111,fit-u,446,10200,9289,otro
2019,G,provisorio,DIP_CABA,CABA,10,comuna 10,111,frente de todos,3178,10200,9289,pj
2019,G,provisorio,DIP_CABA,CABA,10,comuna 10,111,impugnado,0,10200,9289,neg
2019,G,provisorio,DIP_CABA,CABA,10,comuna 10,111,juntos por el cambio,4401,10200,9289,jxc-pro
2019,G,provisorio,DIP_CABA,CABA,10,comuna 10,111,nulo,70,10200,9289,neg
2019,G,provisorio,DIP_CABA,CABA,10,comuna 10,111,unite,173,10200,9289,otro
2019,G,provisorio,DIP_CABA,CABA,10,comuna 10,111,votos recurridos,0,10200,9289,otro
2019,G,provisorio,DIP_CABA,CABA,10,comuna 10,112,blanco,319,7500,6802,neg
2019,G,provisorio,DIP_CABA,CABA,10,comuna 10,112,consenso federal,471,7500,6802,otro
2019,G,provisorio,DIP_CABA,CABA,10,comuna 10,112,fit-u,352,7500,6802,otro
2019,G,provisorio,DIP_CABA,CABA,10,comuna 10,112,frente de todos,2419,7500,6802,pj
2019,G,provisorio,DIP_CABA,CABA,10,comuna 10,112,impugnado,0,7500,6802,neg
2019,G,provisorio,DIP_CABA,CABA,10,comuna 10,112,juntos por el cambio,3064,7500,6802,jxc-pro
2019,G,provisorio,DIP_CABA,CABA,10,comuna 10,112,nulo,62,7500,6802,neg
2019,G,provisorio,DIP_CABA,CABA,10,comuna 10,112,unite,115,7500,6802,otro
2019,G,provisorio,DIP_CABA,CABA,10,comuna 10,112,votos recurridos,0,7500,6802,otro
2019,G,provisorio,DIP_CABA,CABA,11,comuna 11,113,blanco,347,11100,10595,neg
2019,G,provisorio,DIP_CABA,CABA,11,comuna 11,113,consenso federal,661,11100,10595,otro
2019,G,provisorio,DIP_CABA,CABA,11,comuna 11,113,fit-u,552,11100,10595,otro
2019,G,provisorio,DIP_CABA,CABA,11,comuna 11,113,frente de todos,3643,11100,10595,pj
2019,G,provisorio,DIP_CABA,CABA,11,comuna 11,113,impugnado,0,11100,10595,neg
2019,G,provisorio,DIP_CABA,CABA,11,comuna 11,113,juntos por el cambio,5096,11100,10595,jxc-pro
2019,G,provisorio,DIP_CABA,CABA,11,comuna 11,113,nulo,88,11100,10595,neg
2019,G,provisorio,DIP_CABA,CABA,11,comuna 11,113,unite,208,11100,10595,otro
2019,G,provisorio,DIP_CABA,CABA,11,comuna 11,113,votos recurridos,0,11100,10595,otro
2019,G,provisorio,DIP_CABA,CABA,11,comuna 11,114,blanco,475,14700,13929,neg
2019,G,provisorio,DIP_CABA,CABA,11,comuna 11,114,consenso federal,856,14700,13929,otro
2019,G,provisorio,DIP_CABA,CABA,11,comuna 11,114,fit-u,662,14700,13929,otro
2019,G,provisorio,DIP_CABA,CABA,11,comuna 11,114,frente de todos,4780,14700,13929,pj
2019,G,provisorio,DIP_CABA,CABA,11,comuna 11,114,impugnado,0,14700,13929,neg
2019,G,provisorio,DIP_CABA,CABA,11,comuna 11,114,juntos por el cambio,6802,14700,13929,jxc-pro
2019,G,provisorio,DIP_CABA,CABA,11,comuna 11,114,nulo,122,14700,13929,neg
2019,G,provisorio,DIP_CABA,CABA,11,comuna 11,114,unite,232,14700,13929,otro
2019,G,provisorio,DIP_CABA,CABA,11,comuna 11,114,votos recurridos,0,14700,13929,otro
2019,G,provisorio,DIP_CABA,CABA,11,comuna 11,115,blanco,391,10800,10037,neg
2019,G,provisorio,DIP_CABA,CABA,11,comuna 11,115,consenso federal,593,10800,10037,otro
2019,G,provisorio,DIP_CABA,CABA,11,comuna 11,115,fit-u,545,10800,10037,otro
2019,G,provisorio,DIP_CABA,CABA,11,comuna 11,115,frente de todos,3702,10800,10037,pj
2019,G,provisorio,DIP_CABA,CABA,11,comuna 11,115,impugnado,0,10800,10037,neg
2019,G,provisorio,DIP_CABA,CABA,11,comuna 11,115,juntos por el cambio,4558,10800,10037,jxc-pro
2019,G,provisorio,DIP_CABA,CABA,11,comuna 11,115,nulo,68,10800,10037,neg
2019,G,provisorio,DIP_CABA,CABA,11,comuna 11,115,unite,180,10800,10037,otro
2019,G,provisorio,DIP_CABA,CABA,11,comuna 11,115,votos recurridos,0,10800,10037,otro
2019,G,provisorio,DIP_CABA,CABA,11,comuna 11,116,blanco,554,15000,14409,neg
2019,G,provisorio,DIP_CABA,CABA,11,comuna 11,116,consenso federal,851,15000,14409,otro
2019,G,provisorio,DIP_CABA,CABA,11,comuna 11,116,fit-u,824,15000,14409,otro
2019,G,provisorio,DIP_CABA,CABA,11,comuna 11,116,frente de todos,5282,15000,14409,pj
2019,G,provisorio,DIP_CABA,CABA,11,comuna 11,116,impugnado,0,15000,14409,neg
2019,G,provisorio,DIP_CABA,CABA,11,comuna 11,116,juntos por el cambio,6569,15000,14409,jxc-pro
2019,G,provisorio,DIP_CABA,CABA,11,comuna 11,116,nulo,82,15000,14409,neg
2019,G,provisorio,DIP_CABA,CABA,11,comuna 11,116,unite,247,15000,14409,otro
2019,G,provisorio,DIP_CABA,CABA,11,comuna 11,116,votos recurridos,0,15000,14409,otro
2019,G,provisorio,DIP_CABA,CABA,11,comuna 11,117,blanco,537,15900,15328,neg
2019,G,provisorio,DIP_CABA,CABA,11,comuna 11,117,consenso federal,929,15900,15328,otro
2019,G,provisorio,DIP_CABA,CABA,11,comuna 11,117,fit-u,725,15900,15328,otro
2019,G,provisorio,DIP_CABA,CABA,11,comuna 11,117,frente de todos,5069,15900,15328,pj
2019,G,provisorio,DIP_CABA,CABA,11,comuna 11,117,impugnado,0,15900,15328,neg
2019,G,provisorio,DIP_CABA,CABA,11,comuna 11,117,juntos por el cambio,7675,15900,15328,jxc-pro
2019,G,provisorio,DIP_CABA,CABA,11,comuna 11,117,nulo,120,15900,15328,neg
2019,G,provisorio,DIP_CABA,CABA,11,comuna 11,117,unite,273,15900,15328,otro
2019,G,provisorio,DIP_CABA,CABA,11,comuna 11,117,votos recurridos,0,15900,15328,otro
2019,G,provisorio,DIP_CABA,CABA,11,comuna 11,118,blanco,356,12600,12041,neg
2019,G,provisorio,DIP_CABA,CABA,11,comuna 11,118,consenso federal,693,12600,12041,otro
2019,G,provisorio,DIP_CABA,CABA,11,comuna 11,118,fit-u,526,12600,12041,otro
2019,G,provisorio,DIP_CABA,CABA,11,comuna 11,118,frente de todos,3485,12600,12041,pj
2019,G,provisorio,DIP_CABA,CABA,11,comuna 11,118,impugnado,0,12600,12041,neg
2019,G,provisorio,DIP_CABA,CABA,11,comuna 11,118,juntos por el cambio,6690,12600,12041,jxc-pro
2019,G,provisorio,DIP_CABA,CABA,11,comuna 11,118,nulo,89,12600,12041,neg
2019,G,provisorio,DIP_CABA,CABA,11,comuna 11,118,unite,202,12600,12041,otro
2019,G,provisorio,DIP_CABA,CABA,11,comuna 11,118,votos recurridos,0,12600,12041,otro
2019,G,provisorio,DIP_CABA,CABA,11,comuna 11,119,blanco,515,15600,15026,neg
2019,G,provisorio,DIP_CABA,CABA,11,comuna 11,119,consenso federal,957,15600,15026,otro
2019,G,provisorio,DIP_CABA,CABA,11,comuna 11,119,fit-u,621,15600,15026,otro
2019,G,provisorio,DIP_CABA,CABA,11,comuna 11,119,frente de todos,4466,15600,15026,pj
2019,G,provisorio,DIP_CABA,CABA,11,comuna 11,119,impugnado,0,15600,15026,neg
2019,G,provisorio,DIP_CABA,CABA,11,comuna 11,119,juntos por el cambio,8122,15600,15026,jxc-pro
2019,G,provisorio,DIP_CABA,CABA,11,comuna 11,119,nulo,80,15600,15026,neg
2019,G,provisorio,DIP_CABA,CABA,11,comuna 11,119,unite,265,15600,15026,otro
2019,G,provisorio,DIP_CABA,CABA,11,comuna 11,119,votos recurridos,0,15600,15026,otro
2019,G,provisorio,DIP_CABA,CABA,11,comuna 11,120,blanco,518,16500,15903,neg
2019,G,provisorio,DIP_CABA,CABA,11,comuna 11,120,consenso federal,904,16500,15903,otro
2019,G,provisorio,DIP_CABA,CABA,11,comuna 11,120,fit-u,658,16500,15903,otro
2019,G,provisorio,DIP_CABA,CABA,11,comuna 11,120,frente de todos,4356,16500,15903,pj
2019,G,provisorio,DIP_CABA,CABA,11,comuna 11,120,impugnado,0,16500,15903,neg
2019,G,provisorio,DIP_CABA,CABA,11,comuna 11,120,juntos por el cambio,9007,16500,15903,jxc-pro
2019,G,provisorio,DIP_CABA,CABA,11,comuna 11,120,nulo,126,16500,15903,neg
2019,G,provisorio,DIP_CABA,CABA,11,comuna 11,120,unite,333,16500,15903,otro
2019,G,provisorio,DIP_CABA,CABA,11,comuna 11,120,votos recurridos,1,16500,15903,otro
2019,G,provisorio,DIP_CABA,CABA,11,comuna 11,121,blanco,541,13500,12990,neg
2019,G,provisorio,DIP_CABA,CABA,11,comuna 11,121,consenso federal,841,13500,12990,otro
2019,G,provisorio,DIP_CABA,CABA,11,comuna 11,121,fit-u,483,13500,12990,otro
2019,G,provisorio,DIP_CABA,CABA,11,comuna 11,121,frente de todos,3790,13500,12990,pj
2019,G,provisorio,DIP_CABA,CABA,11,comuna 11,121,impugnado,0,13500,12990,neg
2019,G,provisorio,DIP_CABA,CABA,11,comuna 11,121,juntos por el cambio,7015,13500,12990,jxc-pro
2019,G,provisorio,DIP_CABA,CABA,11,comuna 11,121,nulo,65,13500,12990,neg
2019,G,provisorio,DIP_CABA,CABA,11,comuna 11,121,unite,255,13500,12990,otro
2019,G,provisorio,DIP_CABA,CABA,11,comuna 11,121,votos recurridos,0,13500,12990,otro
2019,G,provisorio,DIP_CABA,CABA,11,comuna 11,122,blanco,310,12000,11366,neg
2019,G,provisorio,DIP_CABA,CABA,11,comuna 11,122,consenso federal,566,12000,11366,otro
2019,G,provisorio,DIP_CABA,CABA,11,comuna 11,122,fit-u,383,12000,11366,otro
2019,G,provisorio,DIP_CABA,CABA,11,comuna 11,122,frente de todos,2390,12000,11366,pj
2019,G,provisorio,DIP_CABA,CABA,11,comuna 11,122,impugnado,0,12000,11366,neg
2019,G,provisorio,DIP_CABA,CABA,11,comuna 11,122,juntos por el cambio,7420,12000,11366,jxc-pro
2019,G,provisorio,DIP_CABA,CABA,11,comuna 11,122,nulo,91,12000,11366,neg
2019,G,provisorio,DIP_CABA,CABA,11,comuna 11,122,unite,205,12000,11366,otro
2019,G,provisorio,DIP_CABA,CABA,11,comuna 11,122,votos recurridos,1,12000,11366,otro
2019,G,provisorio,DIP_CABA,CABA,11,comuna 11,123,blanco,400,12600,12037,neg
2019,G,provisorio,DIP_CABA,CABA,11,comuna 11,123,consenso federal,723,12600,12037,otro
2019,G,provisorio,DIP_CABA,CABA,11,comuna 11,123,fit-u,543,12600,12037,otro
2019,G,provisorio,DIP_CABA,CABA,11,comuna 11,123,frente de todos,3383,12600,12037,pj
2019,G,provisorio,DIP_CABA,CABA,11,comuna 11,123,impugnado,0,12600,12037,neg
2019,G,provisorio,DIP_CABA,CABA,11,comuna 11,123,juntos por el cambio,6641,12600,12037,jxc-pro
2019,G,provisorio,DIP_CABA,CABA,11,comuna 11,123,nulo,113,12600,12037,neg
2019,G,provisorio,DIP_CABA,CABA,11,comuna 11,123,unite,234,12600,12037,otro
2019,G,provisorio,DIP_CABA,CABA,11,comuna 11,123,votos recurridos,0,12600,12037,otro
2019,G,provisorio,DIP_CABA,CABA,12,comuna 12,124,blanco,489,14400,13790,neg
2019,G,provisorio,DIP_CABA,CABA,12,comuna 12,124,consenso federal,792,14400,13790,otro
2019,G,provisorio,DIP_CABA,CABA,12,comuna 12,124,fit-u,627,14400,13790,otro
2019,G,provisorio,DIP_CABA,CABA,12,comuna 12,124,frente de todos,4839,14400,13790,pj
2019,G,provisorio,DIP_CABA,CABA,12,comuna 12,124,impugnado,0,14400,13790,neg
2019,G,provisorio,DIP_CABA,CABA,12,comuna 12,124,juntos por el cambio,6671,14400,13790,jxc-pro
2019,G,provisorio,DIP_CABA,CABA,12,comuna 12,124,nulo,117,14400,13790,neg
2019,G,provisorio,DIP_CABA,CABA,12,comuna 12,124,unite,255,14400,13790,otro
2019,G,provisorio,DIP_CABA,CABA,12,comuna 12,124,votos recurridos,0,14400,13790,otro
2019,G,provisorio,DIP_CABA,CABA,12,comuna 12,125,blanco,598,18900,18211,neg
2019,G,provisorio,DIP_CABA,CABA,12,comuna 12,125,consenso federal,1133,18900,18211,otro
2019,G,provisorio,DIP_CABA,CABA,12,comuna 12,125,fit-u,905,18900,18211,otro
2019,G,provisorio,DIP_CABA,CABA,12,comuna 12,125,frente de todos,5605,18900,18211,pj
2019,G,provisorio,DIP_CABA,CABA,12,comuna 12,125,impugnado,1,18900,18211,neg
2019,G,provisorio,DIP_CABA,CABA,12,comuna 12,125,juntos por el cambio,9533,18900,18211,jxc-pro
2019,G,provisorio,DIP_CABA,CABA,12,comuna 12,125,nulo,143,18900,18211,neg
2019,G,provisorio,DIP_CABA,CABA,12,comuna 12,125,unite,293,18900,18211,otro
2019,G,provisorio,DIP_CABA,CABA,12,comuna 12,125,votos recurridos,0,18900,18211,otro
2019,G,provisorio,DIP_CABA,CABA,12,comuna 12,126,blanco,482,15600,15163,neg
2019,G,provisorio,DIP_CABA,CABA,12,comuna 12,126,consenso federal,985,15600,15163,otro
2019,G,provisorio,DIP_CABA,CABA,12,comuna 12,126,fit-u,796,15600,15163,otro
2019,G,provisorio,DIP_CABA,CABA,12,comuna 12,126,frente de todos,4763,15600,15163,pj
2019,G,provisorio,DIP_CABA,CABA,12,comuna 12,126,impugnado,0,15600,15163,neg
2019,G,provisorio,DIP_CABA,CABA,12,comuna 12,126,juntos por el cambio,7750,15600,15163,jxc-pro
2019,G,provisorio,DIP_CABA,CABA,12,comuna 12,126,nulo,100,15600,15163,neg
2019,G,provisorio,DIP_CABA,CABA,12,comuna 12,126,unite,287,15600,15163,otro
2019,G,provisorio,DIP_CABA,CABA,12,comuna 12,126,votos recurridos,0,15600,15163,otro
2019,G,provisorio,DIP_CABA,CABA,12,comuna 12,127,blanco,565,21000,20317,neg
2019,G,provisorio,DIP_CABA,CABA,12,comuna 12,127,consenso federal,1034,21000,20317,otro
2019,G,provisorio,DIP_CABA,CABA,12,comuna 12,127,fit-u,870,21000,20317,otro
2019,G,provisorio,DIP_CABA,CABA,12,comuna 12,127,frente de todos,5014,21000,20317,pj
2019,G,provisorio,DIP_CABA,CABA,12,comuna 12,127,impugnado,0,21000,20317,neg
2019,G,provisorio,DIP_CABA,CABA,12,comuna 12,127,juntos por el cambio,12319,21000,20317,jxc-pro
2019,G,provisorio,DIP_CABA,CABA,12,comuna 12,127,nulo,146,21000,20317,neg
2019,G,provisorio,DIP_CABA,CABA,12,comuna 12,127,unite,368,21000,20317,otro
2019,G,provisorio,DIP_CABA,CABA,12,comuna 12,127,votos recurridos,1,21000,20317,otro
2019,G,provisorio,DIP_CABA,CABA,12,comuna 12,128,blanco,508,17100,16717,neg
2019,G,provisorio,DIP_CABA,CABA,12,comuna 12,128,consenso federal,969,17100,16717,otro
2019,G,provisorio,DIP_CABA,CABA,12,comuna 12,128,fit-u,898,17100,16717,otro
2019,G,provisorio,DIP_CABA,CABA,12,comuna 12,128,frente de todos,5038,17100,16717,pj
2019,G,provisorio,DIP_CABA,CABA,12,comuna 12,128,impugnado,1,17100,16717,neg
2019,G,provisorio,DIP_CABA,CABA,12,comuna 12,128,juntos por el cambio,8899,17100,16717,jxc-pro
2019,G,provisorio,DIP_CABA,CABA,12,comuna 12,128,nulo,123,17100,16717,neg
2019,G,provisorio,DIP_CABA,CABA,12,comuna 12,128,unite,281,17100,16717,otro
2019,G,provisorio,DIP_CABA,CABA,12,comuna 12,128,votos recurridos,0,17100,16717,otro
2019,G,provisorio,DIP_CABA,CABA,12,comuna 12,129,blanco,680,22200,21217,neg
2019,G,provisorio,DIP_CABA,CABA,12,comuna 12,129,consenso federal,1064,22200,21217,otro
2019,G,provisorio,DIP_CABA,CABA,12,comuna 12,129,fit-u,1046,22200,21217,otro
2019,G,provisorio,DIP_CABA,CABA,12,comuna 12,129,frente de todos,5968,22200,21217,pj
2019,G,provisorio,DIP_CABA,CABA,12,comuna 12,129,impugnado,0,22200,21217,neg
2019,G,provisorio,DIP_CABA,CABA,12,comuna 12,129,juntos por el cambio,11970,22200,21217,jxc-pro
2019,G,provisorio,DIP_CABA,CABA,12,comuna 12,129,nulo,158,22200,21217,neg
2019,G,provisorio,DIP_CABA,CABA,12,comuna 12,129,unite,331,22200,21217,otro
2019,G,provisorio,DIP_CABA,CABA,12,comuna 12,129,votos recurridos,0,22200,21217,otro
2019,G,provisorio,DIP_CABA,CABA,12,comuna 12,130,blanco,469,15600,14784,neg
2019,G,provisorio,DIP_CABA,CABA,12,comuna 12,130,consenso federal,709,15600,14784,otro
2019,G,provisorio,DIP_CABA,CABA,12,comuna 12,130,fit-u,759,15600,14784,otro
2019,G,provisorio,DIP_CABA,CABA,12,comuna 12,130,frente de todos,4267,15600,14784,pj
2019,G,provisorio,DIP_CABA,CABA,12,comuna 12,130,impugnado,0,15600,14784,neg
2019,G,provisorio,DIP_CABA,CABA,12,comuna 12,130,juntos por el cambio,8236,15600,14784,jxc-pro
2019,G,provisorio,DIP_CABA,CABA,12,comuna 12,130,nulo,103,15600,14784,neg
2019,G,provisorio,DIP_CABA,CABA,12,comuna 12,130,unite,241,15600,14784,otro
2019,G,provisorio,DIP_CABA,CABA,12,comuna 12,130,votos recurridos,0,15600,14784,otro
2019,G,provisorio,DIP_CABA,CABA,12,comuna 12,131,blanco,177,5100,4698,neg
2019,G,provisorio,DIP_CABA,CABA,12,comuna 12,131,consenso federal,285,5100,4698,otro
2019,G,provisorio,DIP_CABA,CABA,12,comuna 12,131,fit-u,214,5100,4698,otro
2019,G,provisorio,DIP_CABA,CABA,12,comuna 12,131,frente de todos,1407,5100,4698,pj
2019,G,provisorio,DIP_CABA,CABA,12,comuna 12,131,impugnado,0,5100,4698,neg
2019,G,provisorio,DIP_CABA,CABA,12,comuna 12,131,juntos por el cambio,2505,5100,4698,jxc-pro
2019,G,provisorio,DIP_CABA,CABA,12,comuna 12,131,nulo,22,5100,4698,neg
2019,G,provisorio,DIP_CABA,CABA,12,comuna 12,131,unite,88,5100,4698,otro
2019,G,provisorio,DIP_CABA,CABA,12,comuna 12,131,votos recurridos,0,5100,4698,otro
2019,G,provisorio,DIP_CABA,CABA,12,comuna 12,132,blanco,581,18000,17025,neg
2019,G,provisorio,DIP_CABA,CABA,12,comuna 12,132,consenso federal,982,18000,17025,otro
2019,G,provisorio,DIP_CABA,CABA,12,comuna 12,132,fit-u,760,18000,17025,otro
2019,G,provisorio,DIP_CABA,CABA,12,comuna 12,132,frente de todos,5454,18000,17025,pj
2019,G,provisorio,DIP_CABA,CABA,12,comuna 12,132,impugnado,1,18000,17025,neg
2019,G,provisorio,DIP_CABA,CABA,12,comuna 12,132,juntos por el cambio,8821,18000,17025,jxc-pro
2019,G,provisorio,DIP_CABA,CABA,12,comuna 12,132,nulo,125,18000,17025,neg
2019,G,provisorio,DIP_CABA,CABA,12,comuna 12,132,unite,301,18000,17025,otro
2019,G,provisorio,DIP_CABA,CABA,12,comuna 12,132,votos recurridos,0,18000,17025,otro
2019,G,provisorio,DIP_CABA,CABA,12,comuna 12,133,blanco,513,18000,17025,neg
2019,G,provisorio,DIP_CABA,CABA,12,comuna 12,133,consenso federal,987,18000,17025,otro
2019,G,provisorio,DIP_CABA,CABA,12,comuna 12,133,fit-u,861,18000,17025,otro
2019,G,provisorio,DIP_CABA,CABA,12,comuna 12,133,frente de todos,4720,18000,17025,pj
2019,G,provisorio,DIP_CABA,CABA,12,comuna 12,133,impugnado,0,18000,17025,neg
2019,G,provisorio,DIP_CABA,CABA,12,comuna 12,133,juntos por el cambio,9581,18000,17025,jxc-pro
2019,G,provisorio,DIP_CABA,CABA,12,comuna 12,133,nulo,97,18000,17025,neg
2019,G,provisorio,DIP_CABA,CABA,12,comuna 12,133,unite,266,18000,17025,otro
2019,G,provisorio,DIP_CABA,CABA,12,comuna 12,133,votos recurridos,0,18000,17025,otro
2019,G,provisorio,DIP_CABA,CABA,13,comuna 13,134,blanco,193,7800,7132,neg
2019,G,provisorio,DIP_CABA,CABA,13,comuna 13,134,consenso federal,336,7800,7132,otro
2019,G,provisorio,DIP_CABA,CABA,13,comuna 13,134,fit-u,309,7800,7132,otro
2019,G,provisorio,DIP_CABA,CABA,13,comuna 13,134,frente de todos,1591,7800,7132,pj
2019,G,provisorio,DIP_CABA,CABA,13,comuna 13,134,impugnado,0,7800,7132,neg
2019,G,provisorio,DIP_CABA,CABA,13,comuna 13,134,juntos por el cambio,4554,7800,7132,jxc-pro
2019,G,provisorio,DIP_CABA,CABA,13,comuna 13,134,nulo,45,7800,7132,neg
2019,G,provisorio,DIP_CABA,CABA,13,comuna 13,134,unite,104,7800,7132,otro
2019,G,provisorio,DIP_CABA,CABA,13,comuna 13,134,votos recurridos,0,7800,7132,otro
2019,G,provisorio,DIP_CABA,CABA,13,comuna 13,135,blanco,250,10500,9905,neg
2019,G,provisorio,DIP_CABA,CABA,13,comuna 13,135,consenso federal,440,10500,9905,otro
2019,G,provisorio,DIP_CABA,CABA,13,comuna 13,135,fit-u,409,10500,9905,otro
2019,G,provisorio,DIP_CABA,CABA,13,comuna 13,135,frente de todos,2232,10500,9905,pj
2019,G,provisorio,DIP_CABA,CABA,13,comuna 13,135,impugnado,0,10500,9905,neg
2019,G,provisorio,DIP_CABA,CABA,13,comuna 13,135,juntos por el cambio,6359,10500,9905,jxc-pro
2019,G,provisorio,DIP_CABA,CABA,13,comuna 13,135,nulo,50,10500,9905,neg
2019,G,provisorio,DIP_CABA,CABA,13,comuna 13,135,unite,164,10500,9905,otro
2019,G,provisorio,DIP_CABA,CABA,13,comuna 13,135,votos recurridos,1,10500,9905,otro
2019,G,provisorio,DIP_CABA,CABA,13,comuna 13,136,blanco,371,12900,12000,neg
2019,G,provisorio,DIP_CABA,CABA,13,comuna 13,136,consenso federal,594,12900,12000,otro
2019,G,provisorio,DIP_CABA,CABA,13,comuna 13,136,fit-u,584,12900,12000,otro
2019,G,provisorio,DIP_CABA,CABA,13,comuna 13,136,frente de todos,2957,12900,12000,pj
2019,G,provisorio,DIP_CABA,CABA,13,comuna 13,136,impugnado,0,12900,12000,neg
2019,G,provisorio,DIP_CABA,CABA,13,comuna 13,136,juntos por el cambio,7214,12900,12000,jxc-pro
2019,G,provisorio,DIP_CABA,CABA,13,comuna 13,136,nulo,75,12900,12000,neg
2019,G,provisorio,DIP_CABA,CABA,13,comuna 13,136,unite,205,12900,12000,otro
2019,G,provisorio,DIP_CABA,CABA,13,comuna 13,136,votos recurridos,0,12900,12000,otro
2019,G,provisorio,DIP_CABA,CABA,13,comuna 13,137,blanco,320,12300,11555,neg
2019,G,provisorio,DIP_CABA,CABA,13,comuna 13,137,consenso federal,579,12300,11555,otro
2019,G,provisorio,DIP_CABA,CABA,13,comuna 13,137,fit-u,551,12300,11555,otro
2019,G,provisorio,DIP_CABA,CABA,13,comuna 13,137,frente de todos,2963,12300,11555,pj
2019,G,provisorio,DIP_CABA,CABA,13,comuna 13,137,impugnado,0,12300,11555,neg
2019,G,provisorio,DIP_CABA,CABA,13,comuna 13,137,juntos por el cambio,6893,12300,11555,jxc-pro
2019,G,provisorio,DIP_CABA,CABA,13,comuna 13,137,nulo,79,12300,11555,neg
2019,G,provisorio,DIP_CABA,CABA,13,comuna 13,137,unite,170,12300,11555,otro
2019,G,provisorio,DIP_CABA,CABA,13,comuna 13,137,votos recurridos,0,12300,11555,otro
2019,G,provisorio,DIP_CABA,CABA,13,comuna 13,138,blanco,698,25200,23523,neg
2019,G,provisorio,DIP_CABA,CABA,13,comuna 13,138,consenso federal,1035,25200,23523,otro
2019,G,provisorio,DIP_CABA,CABA,13,comuna 13,138,fit-u,946,25200,23523,otro
2019,G,provisorio,DIP_CABA,CABA,13,comuna 13,138,frente de todos,4818,25200,23523,pj
2019,G,provisorio,DIP_CABA,CABA,13,comuna 13,138,impugnado,0,25200,23523,neg
2019,G,provisorio,DIP_CABA,CABA,13,comuna 13,138,juntos por el cambio,15492,25200,23523,jxc-pro
2019,G,provisorio,DIP_CABA,CABA,13,comuna 13,138,nulo,162,25200,23523,neg
2019,G,provisorio,DIP_CABA,CABA,13,comuna 13,138,unite,372,25200,23523,otro
2019,G,provisorio,DIP_CABA,CABA,13,comuna 13,138,votos recurridos,0,25200,23523,otro
2019,G,provisorio,DIP_CABA,CABA,13,comuna 13,139,blanco,422,15900,14818,neg
2019,G,provisorio,DIP_CABA,CABA,13,comuna 13,139,consenso federal,586,15900,14818,otro
2019,G,provisorio,DIP_CABA,CABA,13,comuna 13,139,fit-u,558,15900,14818,otro
2019,G,provisorio,DIP_CABA,CABA,13,comuna 13,139,frente de todos,2924,15900,14818,pj
2019,G,provisorio,DIP_CABA,CABA,13,comuna 13,139,impugnado,0,15900,14818,neg
2019,G,provisorio,DIP_CABA,CABA,13,comuna 13,139,juntos por el cambio,10046,15900,14818,jxc-pro
2019,G,provisorio,DIP_CABA,CABA,13,comuna 13,139,nulo,70,15900,14818,neg
2019,G,provisorio,DIP_CABA,CABA,13,comuna 13,139,unite,212,15900,14818,otro
2019,G,provisorio,DIP_CABA,CABA,13,comuna 13,139,votos recurridos,0,15900,14818,otro
2019,G,provisorio,DIP_CABA,CABA,13,comuna 13,140,blanco,195,7500,6856,neg
2019,G,provisorio,DIP_CABA,CABA,13,comuna 13,140,consenso federal,278,7500,6856,otro
2019,G,provisorio,DIP_CABA,CABA,13,comuna 13,140,fit-u,296,7500,6856,otro
2019,G,provisorio,DIP_CABA,CABA,13,comuna 13,140,frente de todos,1617,7500,6856,pj
2019,G,provisorio,DIP_CABA,CABA,13,comuna 13,140,impugnado,0,7500,6856,neg
2019,G,provisorio,DIP_CABA,CABA,13,comuna 13,140,juntos por el cambio,4338,7500,6856,jxc-pro
2019,G,provisorio,DIP_CABA,CABA,13,comuna 13,140,nulo,25,7500,6856,neg
2019,G,provisorio,DIP_CABA,CABA,13,comuna 13,140,unite,107,7500,6856,otro
2019,G,provisorio,DIP_CABA,CABA,13,comuna 13,140,votos recurridos,0,7500,6856,otro
2019,G,provisorio,DIP_CABA,CABA,13,comuna 13,141,blanco,280,12900,11759,neg
2019,G,provisorio,DIP_CABA,CABA,13,comuna 13,141,consenso federal,398,12900,11759,otro
2019,G,provisorio,DIP_CABA,CABA,13,comuna 13,141,fit-u,410,12900,11759,otro
2019,G,provisorio,DIP_CABA,CABA,13,comuna 13,141,frente de todos,2463,12900,11759,pj
2019,G,provisorio,DIP_CABA,CABA,13,comuna 13,141,impugnado,0,12900,11759,neg
2019,G,provisorio,DIP_CABA,CABA,13,comuna 13,141,juntos por el cambio,7952,12900,11759,jxc-pro
2019,G,provisorio,DIP_CABA,CABA,13,comuna 13,141,nulo,54,12900,11759,neg
2019,G,provisorio,DIP_CABA,CABA,13,comuna 13,141,unite,202,12900,11759,otro
2019,G,provisorio,DIP_CABA,CABA,13,comuna 13,141,votos recurridos,0,12900,11759,otro
2019,G,provisorio,DIP_CABA,CABA,13,comuna 13,142,blanco,376,21600,19723,neg
2019,G,provisorio,DIP_CABA,CABA,13,comuna 13,142,consenso federal,551,21600,19723,otro
2019,G,provisorio,DIP_CABA,CABA,13,comuna 13,142,fit-u,442,21600,19723,otro
2019,G,provisorio,DIP_CABA,CABA,13,comuna 13,142,frente de todos,2265,21600,19723,pj
2019,G,provisorio,DIP_CABA,CABA,13,comuna 13,142,impugnado,1,21600,19723,neg
2019,G,provisorio,DIP_CABA,CABA,13,comuna 13,142,juntos por el cambio,15774,21600,19723,jxc-pro
2019,G,provisorio,DIP_CABA,CABA,13,comuna 13,142,nulo,56,21600,19723,neg
2019,G,provisorio,DIP_CABA,CABA,13,comuna 13,142,unite,258,21600,19723,otro
2019,G,provisorio,DIP_CABA,CABA,13,comuna 13,142,votos recurridos,0,21600,19723,otro
2019,G,provisorio,DIP_CABA,CABA,13,comuna 13,143,blanco,372,15900,14484,neg
2019,G,provisorio,DIP_CABA,CABA,13,comuna 13,143,consenso federal,588,15900,14484,otro
2019,G,provisorio,DIP_CABA,CABA,13,comuna 13,143,fit-u,522,15900,14484,otro
2019,G,provisorio,DIP_CABA,CABA,13,comuna 13,143,frente de todos,2791,15900,14484,pj
2019,G,provisorio,DIP_CABA,CABA,13,comuna 13,143,impugnado,5,15900,14484,neg
2019,G,provisorio,DIP_CABA,CABA,13,comuna 13,143,juntos por el cambio,9883,15900,14484,jxc-pro
2019,G,provisorio,DIP_CABA,CABA,13,comuna 13,143,nulo,82,15900,14484,neg
2019,G,provisorio,DIP_CABA,CABA,13,comuna 13,143,unite,241,15900,14484,otro
2019,G,provisorio,DIP_CABA,CABA,13,comuna 13,143,votos recurridos,0,15900,14484,otro
2019,G,provisorio,DIP_CABA,CABA,13,comuna 13,144,blanco,168,7200,6516,neg
2019,G,provisorio,DIP_CABA,CABA,13,comuna 13,144,consenso federal,205,7200,6516,otro
2019,G,provisorio,DIP_CABA,CABA,13,comuna 13,144,fit-u,284,7200,6516,otro
2019,G,provisorio,DIP_CABA,CABA,13,comuna 13,144,frente de todos,1116,7200,6516,pj
2019,G,provisorio,DIP_CABA,CABA,13,comuna 13,144,impugnado,0,7200,6516,neg
2019,G,provisorio,DIP_CABA,CABA,13,comuna 13,144,juntos por el cambio,4607,7200,6516,jxc-pro
2019,G,provisorio,DIP_CABA,CABA,13,comuna 13,144,nulo,40,7200,6516,neg
2019,G,provisorio,DIP_CABA,CABA,13,comuna 13,144,unite,96,7200,6516,otro
2019,G,provisorio,DIP_CABA,CABA,13,comuna 13,144,votos recurridos,0,7200,6516,otro
2019,G,provisorio,DIP_CABA,CABA,13,comuna 13,145,blanco,387,13500,12596,neg
2019,G,provisorio,DIP_CABA,CABA,13,comuna 13,145,consenso federal,603,13500,12596,otro
2019,G,provisorio,DIP_CABA,CABA,13,comuna 13,145,fit-u,660,13500,12596,otro
2019,G,provisorio,DIP_CABA,CABA,13,comuna 13,145,frente de todos,3629,13500,12596,pj
2019,G,provisorio,DIP_CABA,CABA,13,comuna 13,145,impugnado,0,13500,12596,neg
2019,G,provisorio,DIP_CABA,CABA,13,comuna 13,145,juntos por el cambio,7038,13500,12596,jxc-pro
2019,G,provisorio,DIP_CABA,CABA,13,comuna 13,145,nulo,82,13500,12596,neg
2019,G,provisorio,DIP_CABA,CABA,13,comuna 13,145,unite,197,13500,12596,otro
2019,G,provisorio,DIP_CABA,CABA,13,comuna 13,145,votos recurridos,0,13500,12596,otro
2019,G,provisorio,DIP_CABA,CABA,13,comuna 13,146,blanco,307,10200,9407,neg
2019,G,provisorio,DIP_CABA,CABA,13,comuna 13,146,consenso federal,437,10200,9407,otro
2019,G,provisorio,DIP_CABA,CABA,13,comuna 13,146,fit-u,482,10200,9407,otro
2019,G,provisorio,DIP_CABA,CABA,13,comuna 13,146,frente de todos,2999,10200,9407,pj
2019,G,provisorio,DIP_CABA,CABA,13,comuna 13,146,impugnado,0,10200,9407,neg
2019,G,provisorio,DIP_CABA,CABA,13,comuna 13,146,juntos por el cambio,4971,10200,9407,jxc-pro
2019,G,provisorio,DIP_CABA,CABA,13,comuna 13,146,nulo,61,10200,9407,neg
2019,G,provisorio,DIP_CABA,CABA,13,comuna 13,146,unite,150,10200,9407,otro
2019,G,provisorio,DIP_CABA,CABA,13,comuna 13,146,votos recurridos,0,10200,9407,otro
2019,G,provisorio,DIP_CABA,CABA,13,comuna 13,147,blanco,424,18000,16571,neg
2019,G,provisorio,DIP_CABA,CABA,13,comuna 13,147,consenso federal,692,18000,16571,otro
2019,G,provisorio,DIP_CABA,CABA,13,comuna 13,147,fit-u,579,18000,16571,otro
2019,G,provisorio,DIP_CABA,CABA,13,comuna 13,147,frente de todos,3379,18000,16571,pj
2019,G,provisorio,DIP_CABA,CABA,13,comuna 13,147,impugnado,0,18000,16571,neg
2019,G,provisorio,DIP_CABA,CABA,13,comuna 13,147,juntos por el cambio,11167,18000,16571,jxc-pro
2019,G,provisorio,DIP_CABA,CABA,13,comuna 13,147,nulo,72,18000,16571,neg
2019,G,provisorio,DIP_CABA,CABA,13,comuna 13,147,unite,258,18000,16571,otro
2019,G,provisorio,DIP_CABA,CABA,13,comuna 13,147,votos recurridos,0,18000,16571,otro
2019,G,provisorio,DIP_CABA,CABA,14,comuna 14,148,blanco,454,19800,18161,neg
2019,G,provisorio,DIP_CABA,CABA,14,comuna 14,148,consenso federal,714,19800,18161,otro
2019,G,provisorio,DIP_CABA,CABA,14,comuna 14,148,fit-u,580,19800,18161,otro
2019,G,provisorio,DIP_CABA,CABA,14,comuna 14,148,frente de todos,3115,19800,18161,pj
2019,G,provisorio,DIP_CABA,CABA,14,comuna 14,148,impugnado,0,19800,18161,neg
2019,G,provisorio,DIP_CABA,CABA,14,comuna 14,148,juntos por el cambio,12936,19800,18161,jxc-pro
2019,G,provisorio,DIP_CABA,CABA,14,comuna 14,148,nulo,88,19800,18161,neg
2019,G,provisorio,DIP_CABA,CABA,14,comuna 14,148,unite,274,19800,18161,otro
2019,G,provisorio,DIP_CABA,CABA,14,comuna 14,148,votos recurridos,0,19800,18161,otro
2019,G,provisorio,DIP_CABA,CABA,14,comuna 14,149,blanco,432,22500,20231,neg
2019,G,provisorio,DIP_CABA,CABA,14,comuna 14,149,consenso federal,686,22500,20231,otro
2019,G,provisorio,DIP_CABA,CABA,14,comuna 14,149,fit-u,591,22500,20231,otro
2019,G,provisorio,DIP_CABA,CABA,14,comuna 14,149,frente de todos,3239,22500,20231,pj
2019,G,provisorio,DIP_CABA,CABA,14,comuna 14,149,impugnado,0,22500,20231,neg
2019,G,provisorio,DIP_CABA,CABA,14,comuna 14,149,juntos por el cambio,14935,22500,20231,jxc-pro
2019,G,provisorio,DIP_CABA,CABA,14,comuna 14,149,nulo,83,22500,20231,neg
2019,G,provisorio,DIP_CABA,CABA,14,comuna 14,149,unite,265,22500,20231,otro
2019,G,provisorio,DIP_CABA,CABA,14,comuna 14,149,votos recurridos,0,22500,20231,otro
2019,G,provisorio,DIP_CABA,CABA,14,comuna 14,150,blanco,195,11700,10510,neg
2019,G,provisorio,DIP_CABA,CABA,14,comuna 14,150,consenso federal,216,11700,10510,otro
2019,G,provisorio,DIP_CABA,CABA,14,comuna 14,150,fit-u,177,11700,10510,otro
2019,G,provisorio,DIP_CABA,CABA,14,comuna 14,150,frente de todos,1041,11700,10510,pj
2019,G,provisorio,DIP_CABA,CABA,14,comuna 14,150,impugnado,0,11700,10510,neg
2019,G,provisorio,DIP_CABA,CABA,14,comuna 14,150,juntos por el cambio,8700,11700,10510,jxc-pro
2019,G,provisorio,DIP_CABA,CABA,14,comuna 14,150,nulo,37,11700,10510,neg
2019,G,provisorio,DIP_CABA,CABA,14,comuna 14,150,unite,144,11700,10510,otro
2019,G,provisorio,DIP_CABA,CABA,14,comuna 14,150,votos recurridos,0,11700,10510,otro
2019,G,provisorio,DIP_CABA,CABA,14,comuna 14,151,blanco,421,23100,21119,neg
2019,G,provisorio,DIP_CABA,CABA,14,comuna 14,151,consenso federal,630,23100,21119,otro
2019,G,provisorio,DIP_CABA,CABA,14,comuna 14,151,fit-u,623,23100,21119,otro
2019,G,provisorio,DIP_CABA,CABA,14,comuna 14,151,frente de todos,3304,23100,21119,pj
2019,G,provisorio,DIP_CABA,CABA,14,comuna 14,151,impugnado,0,23100,21119,neg
2019,G,provisorio,DIP_CABA,CABA,14,comuna 14,151,juntos por el cambio,15783,23100,21119,jxc-pro
2019,G,provisorio,DIP_CABA,CABA,14,comuna 14,151,nulo,88,23100,21119,neg
2019,G,provisorio,DIP_CABA,CABA,14,comuna 14,151,unite,270,23100,21119,otro
2019,G,provisorio,DIP_CABA,CABA,14,comuna 14,151,votos recurridos,0,23100,21119,otro
2019,G,provisorio,DIP_CABA,CABA,14,comuna 14,152,blanco,403,18000,16027,neg
2019,G,provisorio,DIP_CABA,CABA,14,comuna 14,152,consenso federal,463,18000,16027,otro
2019,G,provisorio,DIP_CABA,CABA,14,comuna 14,152,fit-u,512,18000,16027,otro
2019,G,provisorio,DIP_CABA,CABA,14,comuna 14,152,frente de todos,2844,18000,16027,pj
2019,G,provisorio,DIP_CABA,CABA,14,comuna 14,152,impugnado,0,18000,16027,neg
2019,G,provisorio,DIP_CABA,CABA,14,comuna 14,152,juntos por el cambio,11477,18000,16027,jxc-pro
2019,G,provisorio,DIP_CABA,CABA,14,comuna 14,152,nulo,97,18000,16027,neg
2019,G,provisorio,DIP_CABA,CABA,14,comuna 14,152,unite,231,18000,16027,otro
2019,G,provisorio,DIP_CABA,CABA,14,comuna 14,152,votos recurridos,0,18000,16027,otro
2019,G,provisorio,DIP_CABA,CABA,14,comuna 14,153,blanco,533,21000,18859,neg
2019,G,provisorio,DIP_CABA,CABA,14,comuna 14,153,consenso federal,737,21000,18859,otro
2019,G,provisorio,DIP_CABA,CABA,14,comuna 14,153,fit-u,874,21000,18859,otro
2019,G,provisorio,DIP_CABA,CABA,14,comuna 14,153,frente de todos,4681,21000,18859,pj
2019,G,provisorio,DIP_CABA,CABA,14,comuna 14,153,impugnado,0,21000,18859,neg
2019,G,provisorio,DIP_CABA,CABA,14,comuna 14,153,juntos por el cambio,11671,21000,18859,jxc-pro
2019,G,provisorio,DIP_CABA,CABA,14,comuna 14,153,nulo,101,21000,18859,neg
2019,G,provisorio,DIP_CABA,CABA,14,comuna 14,153,unite,262,21000,18859,otro
2019,G,provisorio,DIP_CABA,CABA,14,comuna 14,153,votos recurridos,0,21000,18859,otro
2019,G,provisorio,DIP_CABA,CABA,14,comuna 14,154,blanco,653,23700,21241,neg
2019,G,provisorio,DIP_CABA,CABA,14,comuna 14,154,consenso federal,914,23700,21241,otro
2019,G,provisorio,DIP_CABA,CABA,14,comuna 14,154,fit-u,1040,23700,21241,otro
2019,G,provisorio,DIP_CABA,CABA,14,comuna 14,154,frente de todos,5912,23700,21241,pj
2019,G,provisorio,DIP_CABA,CABA,14,comuna 14,154,impugnado,0,23700,21241,neg
2019,G,provisorio,DIP_CABA,CABA,14,comuna 14,154,juntos por el cambio,12232,23700,21241,jxc-pro
2019,G,provisorio,DIP_CABA,CABA,14,comuna 14,154,nulo,157,23700,21241,neg
2019,G,provisorio,DIP_CABA,CABA,14,comuna 14,154,unite,333,23700,21241,otro
2019,G,provisorio,DIP_CABA,CABA,14,comuna 14,154,votos recurridos,0,23700,21241,otro
2019,G,provisorio,DIP_CABA,CABA,14,comuna 14,155,blanco,549,21000,19182,neg
2019,G,provisorio,DIP_CABA,CABA,14,comuna 14,155,consenso federal,866,21000,19182,otro
2019,G,provisorio,DIP_CABA,CABA,14,comuna 14,155,fit-u,869,21000,19182,otro
2019,G,provisorio,DIP_CABA,CABA,14,comuna 14,155,frente de todos,5840,21000,19182,pj
2019,G,provisorio,DIP_CABA,CABA,14,comuna 14,155,impugnado,0,21000,19182,neg
2019,G,provisorio,DIP_CABA,CABA,14,comuna 14,155,juntos por el cambio,10631,21000,19182,jxc-pro
2019,G,provisorio,DIP_CABA,CABA,14,comuna 14,155,nulo,108,21000,19182,neg
2019,G,provisorio,DIP_CABA,CABA,14,comuna 14,155,unite,319,21000,19182,otro
2019,G,provisorio,DIP_CABA,CABA,14,comuna 14,155,votos recurridos,0,21000,19182,otro
2019,G,provisorio,DIP_CABA,CABA,14,comuna 14,156,blanco,278,9000,7926,neg
2019,G,provisorio,DIP_CABA,CABA,14,comuna 14,156,consenso federal,412,9000,7926,otro
2019,G,provisorio,DIP_CABA,CABA,14,comuna 14,156,fit-u,499,9000,7926,otro
2019,G,provisorio,DIP_CABA,CABA,14,comuna 14,156,frente de todos,2693,9000,7926,pj
2019,G,provisorio,DIP_CABA,CABA,14,comuna 14,156,impugnado,0,9000,7926,neg
2019,G,provisorio,DIP_CABA,CABA,14,comuna 14,156,juntos por el cambio,3863,9000,7926,jxc-pro
2019,G,provisorio,DIP_CABA,CABA,14,comuna 14,156,nulo,46,9000,7926,neg
2019,G,provisorio,DIP_CABA,CABA,14,comuna 14,156,unite,135,9000,7926,otro
2019,G,provisorio,DIP_CABA,CABA,14,comuna 14,156,votos recurridos,0,9000,7926,otro
2019,G,provisorio,DIP_CABA,CABA,14,comuna 14,157,blanco,491,14100,13030,neg
2019,G,provisorio,DIP_CABA,CABA,14,comuna 14,157,consenso federal,610,14100,13030,otro
2019,G,provisorio,DIP_CABA,CABA,14,comuna 14,157,fit-u,748,14100,13030,otro
2019,G,provisorio,DIP_CABA,CABA,14,comuna 14,157,frente de todos,4380,14100,13030,pj
2019,G,provisorio,DIP_CABA,CABA,14,comuna 14,157,impugnado,0,14100,13030,neg
2019,G,provisorio,DIP_CABA,CABA,14,comuna 14,157,juntos por el cambio,6527,14100,13030,jxc-pro
2019,G,provisorio,DIP_CABA,CABA,14,comuna 14,157,nulo,80,14100,13030,neg
2019,G,provisorio,DIP_CABA,CABA,14,comuna 14,157,unite,194,14100,13030,otro
2019,G,provisorio,DIP_CABA,CABA,14,comuna 14,157,votos recurridos,0,14100,13030,otro
2019,G,provisorio,DIP_CABA,CABA,15,comuna 15,158,blanco,635,17400,15871,neg
2019,G,provisorio,DIP_CABA,CABA,15,comuna 15,158,consenso federal,889,17400,15871,otro
2019,G,provisorio,DIP_CABA,CABA,15,comuna 15,158,fit-u,960,17400,15871,otro
2019,G,provisorio,DIP_CABA,CABA,15,comuna 15,158,frente de todos,5394,17400,15871,pj
2019,G,provisorio,DIP_CABA,CABA,15,comuna 15,158,impugnado,0,17400,15871,neg
2019,G,provisorio,DIP_CABA,CABA,15,comuna 15,158,juntos por el cambio,7624,17400,15871,jxc-pro
2019,G,provisorio,DIP_CABA,CABA,15,comuna 15,158,nulo,107,17400,15871,neg
2019,G,provisorio,DIP_CABA,CABA,15,comuna 15,158,unite,262,17400,15871,otro
2019,G,provisorio,DIP_CABA,CABA,15,comuna 15,158,votos recurridos,0,17400,15871,otro
2019,G,provisorio,DIP_CABA,CABA,15,comuna 15,159,blanco,378,10800,9795,neg
2019,G,provisorio,DIP_CABA,CABA,15,comuna 15,159,consenso federal,496,10800,9795,otro
2019,G,provisorio,DIP_CABA,CABA,15,comuna 15,159,fit-u,597,10800,9795,otro
2019,G,provisorio,DIP_CABA,CABA,15,comuna 15,159,frente de todos,3643,10800,9795,pj
2019,G,provisorio,DIP_CABA,CABA,15,comuna 15,159,impugnado,0,10800,9795,neg
2019,G,provisorio,DIP_CABA,CABA,15,comuna 15,159,juntos por el cambio,4488,10800,9795,jxc-pro
2019,G,provisorio,DIP_CABA,CABA,15,comuna 15,159,nulo,61,10800,9795,neg
2019,G,provisorio,DIP_CABA,CABA,15,comuna 15,159,unite,132,10800,9795,otro
2019,G,provisorio,DIP_CABA,CABA,15,comuna 15,159,votos recurridos,0,10800,9795,otro
2019,G,provisorio,DIP_CABA,CABA,15,comuna 15,160,blanco,764,20100,18356,neg
2019,G,provisorio,DIP_CABA,CABA,15,comuna 15,160,consenso federal,988,20100,18356,otro
2019,G,provisorio,DIP_CABA,CABA,15,comuna 15,160,fit-u,1095,20100,18356,otro
2019,G,provisorio,DIP_CABA,CABA,15,comuna 15,160,frente de todos,6223,20100,18356,pj
2019,G,provisorio,DIP_CABA,CABA,15,comuna 15,160,impugnado,0,20100,18356,neg
2019,G,provisorio,DIP_CABA,CABA,15,comuna 15,160,juntos por el cambio,8848,20100,18356,jxc-pro
2019,G,provisorio,DIP_CABA,CABA,15,comuna 15,160,nulo,130,20100,18356,neg
2019,G,provisorio,DIP_CABA,CABA,15,comuna 15,160,unite,308,20100,18356,otro
2019,G,provisorio,DIP_CABA,CABA,15,comuna 15,160,votos recurridos,0,20100,18356,otro
2019,G,provisorio,DIP_CABA,CABA,15,comuna 15,161,blanco,593,17700,16192,neg
2019,G,provisorio,DIP_CABA,CABA,15,comuna 15,161,consenso federal,940,17700,16192,otro
2019,G,provisorio,DIP_CABA,CABA,15,comuna 15,161,fit-u,971,17700,16192,otro
2019,G,provisorio,DIP_CABA,CABA,15,comuna 15,161,frente de todos,5861,17700,16192,pj
2019,G,provisorio,DIP_CABA,CABA,15,comuna 15,161,impugnado,0,17700,16192,neg
2019,G,provisorio,DIP_CABA,CABA,15,comuna 15,161,juntos por el cambio,7425,17700,16192,jxc-pro
2019,G,provisorio,DIP_CABA,CABA,15,comuna 15,161,nulo,124,17700,16192,neg
2019,G,provisorio,DIP_CABA,CABA,15,comuna 15,161,unite,277,17700,16192,otro
2019,G,provisorio,DIP_CABA,CABA,15,comuna 15,161,votos recurridos,1,17700,16192,otro
2019,G,provisorio,DIP_CABA,CABA,15,comuna 15,162,blanco,571,14700,13441,neg
2019,G,provisorio,DIP_CABA,CABA,15,comuna 15,162,consenso federal,757,14700,13441,otro
2019,G,provisorio,DIP_CABA,CABA,15,comuna 15,162,fit-u,760,14700,13441,otro
2019,G,provisorio,DIP_CABA,CABA,15,comuna 15,162,frente de todos,5548,14700,13441,pj
2019,G,provisorio,DIP_CABA,CABA,15,comuna 15,162,impugnado,0,14700,13441,neg
2019,G,provisorio,DIP_CABA,CABA,15,comuna 15,162,juntos por el cambio,5491,14700,13441,jxc-pro
2019,G,provisorio,DIP_CABA,CABA,15,comuna 15,162,nulo,93,14700,13441,neg
2019,G,provisorio,DIP_CABA,CABA,15,comuna 15,162,unite,221,14700,13441,otro
2019,G,provisorio,DIP_CABA,CABA,15,comuna 15,162,votos recurridos,0,14700,13441,otro
2019,G,provisorio,DIP_CABA,CABA,15,comuna 15,163,blanco,390,10800,9927,neg
2019,G,provisorio,DIP_CABA,CABA,15,comuna 15,163,consenso federal,494,10800,9927,otro
2019,G,provisorio,DIP_CABA,CABA,15,comuna 15,163,fit-u,567,10800,9927,otro
2019,G,provisorio,DIP_CABA,CABA,15,comuna 15,163,frente de todos,4211,10800,9927,pj
2019,G,provisorio,DIP_CABA,CABA,15,comuna 15,163,impugnado,0,10800,9927,neg
2019,G,provisorio,DIP_CABA,CABA,15,comuna 15,163,juntos por el cambio,4042,10800,9927,jxc-pro
2019,G,provisorio,DIP_CABA,CABA,15,comuna 15,163,nulo,69,10800,9927,neg
2019,G,provisorio,DIP_CABA,CABA,15,comuna 15,163,unite,153,10800,9927,otro
2019,G,provisorio,DIP_CABA,CABA,15,comuna 15,163,votos recurridos,1,10800,9927,otro
2019,G,provisorio,DIP_CABA,CABA,15,comuna 15,164,blanco,414,10500,9531,neg
2019,G,provisorio,DIP_CABA,CABA,15,comuna 15,164,consenso federal,465,10500,9531,otro
2019,G,provisorio,DIP_CABA,CABA,15,comuna 15,164,fit-u,598,10500,9531,otro
2019,G,provisorio,DIP_CABA,CABA,15,comuna 15,164,frente de todos,3505,10500,9531,pj
2019,G,provisorio,DIP_CABA,CABA,15,comuna 15,164,impugnado,0,10500,9531,neg
2019,G,provisorio,DIP_CABA,CABA,15,comuna 15,164,juntos por el cambio,4236,10500,9531,jxc-pro
2019,G,provisorio,DIP_CABA,CABA,15,comuna 15,164,nulo,148,10500,9531,neg
2019,G,provisorio,DIP_CABA,CABA,15,comuna 15,164,unite,164,10500,9531,otro
2019,G,provisorio,DIP_CABA,CABA,15,comuna 15,164,votos recurridos,1,10500,9531,otro
2019,G,provisorio,DIP_CABA,CABA,15,comuna 15,165,blanco,585,17400,16360,neg
2019,G,provisorio,DIP_CABA,CABA,15,comuna 15,165,consenso federal,866,17400,16360,otro
2019,G,provisorio,DIP_CABA,CABA,15,comuna 15,165,fit-u,919,17400,16360,otro
2019,G,provisorio,DIP_CABA,CABA,15,comuna 15,165,frente de todos,5459,17400,16360,pj
2019,G,provisorio,DIP_CABA,CABA,15,comuna 15,165,impugnado,1,17400,16360,neg
2019,G,provisorio,DIP_CABA,CABA,15,comuna 15,165,juntos por el cambio,8198,17400,16360,jxc-pro
2019,G,provisorio,DIP_CABA,CABA,15,comuna 15,165,nulo,91,17400,16360,neg
2019,G,provisorio,DIP_CABA,CABA,15,comuna 15,165,unite,241,17400,16360,otro
2019,G,provisorio,DIP_CABA,CABA,15,comuna 15,165,votos recurridos,0,17400,16360,otro
2019,G,provisorio,DIP_CABA,CABA,15,comuna 15,166,blanco,480,14100,13606,neg
2019,G,provisorio,DIP_CABA,CABA,15,comuna 15,166,consenso federal,786,14100,13606,otro
2019,G,provisorio,DIP_CABA,CABA,15,comuna 15,166,fit-u,724,14100,13606,otro
2019,G,provisorio,DIP_CABA,CABA,15,comuna 15,166,frente de todos,4908,14100,13606,pj
2019,G,provisorio,DIP_CABA,CABA,15,comuna 15,166,impugnado,0,14100,13606,neg
2019,G,provisorio,DIP_CABA,CABA,15,comuna 15,166,juntos por el cambio,6365,14100,13606,jxc-pro
2019,G,provisorio,DIP_CABA,CABA,15,comuna 15,166,nulo,102,14100,13606,neg
2019,G,provisorio,DIP_CABA,CABA,15,comuna 15,166,unite,241,14100,13606,otro
2019,G,provisorio,DIP_CABA,CABA,15,comuna 15,166,votos recurridos,0,14100,13606,otro
2019,G,provisorio,DIP_CABA,CABA,15,comuna 15,167,blanco,340,11400,10950,neg
2019,G,provisorio,DIP_CABA,CABA,15,comuna 15,167,consenso federal,624,11400,10950,otro
2019,G,provisorio,DIP_CABA,CABA,15,comuna 15,167,fit-u,566,11400,10950,otro
2019,G,provisorio,DIP_CABA,CABA,15,comuna 15,167,frente de todos,3462,11400,10950,pj
2019,G,provisorio,DIP_CABA,CABA,15,comuna 15,167,impugnado,1,11400,10950,neg
2019,G,provisorio,DIP_CABA,CABA,15,comuna 15,167,juntos por el cambio,5703,11400,10950,jxc-pro
2019,G,provisorio,DIP_CABA,CABA,15,comuna 15,167,nulo,89,11400,10950,neg
2019,G,provisorio,DIP_CABA,CABA,15,comuna 15,167,unite,165,11400,10950,otro
2019,G,provisorio,DIP_CABA,CABA,15,comuna 15,167,votos recurridos,0,11400,10950,otro
2023,G,provisorio,DIP_CABA,CABA,1,comuna 01,1,blanco,907,12230,7643,neg
2023,G,provisorio,DIP_CABA,CABA,1,comuna 01,1,comando,9,12230,7643,neg
2023,G,provisorio,DIP_CABA,CABA,1,comuna 01,1,fit-u,462,12230,7643,otro
2023,G,provisorio,DIP_CABA,CABA,1,comuna 01,1,impugnado,0,12230,7643,neg
2023,G,provisorio,DIP_CABA,CABA,1,comuna 01,1,juntos por el cambio,2686,12230,7643,jxc-pro
2023,G,provisorio,DIP_CABA,CABA,1,comuna 01,1,la libertad avanza,896,12230,7643,la libertad avanza
2023,G,provisorio,DIP_CABA,CABA,1,comuna 01,1,nulo,51,12230,7643,neg
2023,G,provisorio,DIP_CABA,CABA,1,comuna 01,1,recurrido,3,12230,7643,neg
2023,G,provisorio,DIP_CABA,CABA,1,comuna 01,1,union por la patria,2629,12230,7643,pj
2023,G,provisorio,DIP_CABA,CABA,1,comuna 01,2,blanco,691,12479,7051,neg
2023,G,provisorio,DIP_CABA,CABA,1,comuna 01,2,comando,12,12479,7051,neg
2023,G,provisorio,DIP_CABA,CABA,1,comuna 01,2,fit-u,428,12479,7051,otro
2023,G,provisorio,DIP_CABA,CABA,1,comuna 01,2,impugnado,1,12479,7051,neg
2023,G,provisorio,DIP_CABA,CABA,1,comuna 01,2,juntos por el cambio,2367,12479,7051,jxc-pro
2023,G,provisorio,DIP_CABA,CABA,1,comuna 01,2,la libertad avanza,859,12479,7051,la libertad avanza
2023,G,provisorio,DIP_CABA,CABA,1,comuna 01,2,nulo,44,12479,7051,neg
2023,G,provisorio,DIP_CABA,CABA,1,comuna 01,2,recurrido,2,12479,7051,neg
2023,G,provisorio,DIP_CABA,CABA,1,comuna 01,2,union por la patria,2647,12479,7051,pj
2023,G,provisorio,DIP_CABA,CABA,1,comuna 01,3,blanco,188,3378,2239,neg
2023,G,provisorio,DIP_CABA,CABA,1,comuna 01,3,comando,6,3378,2239,neg
2023,G,provisorio,DIP_CABA,CABA,1,comuna 01,3,fit-u,29,3378,2239,otro
2023,G,provisorio,DIP_CABA,CABA,1,comuna 01,3,impugnado,1,3378,2239,neg
2023,G,provisorio,DIP_CABA,CABA,1,comuna 01,3,juntos por el cambio,1360,3378,2239,jxc-pro
2023,G,provisorio,DIP_CABA,CABA,1,comuna 01,3,la libertad avanza,361,3378,2239,la libertad avanza
2023,G,provisorio,DIP_CABA,CABA,1,comuna 01,3,nulo,4,3378,2239,neg
2023,G,provisorio,DIP_CABA,CABA,1,comuna 01,3,recurrido,1,3378,2239,neg
2023,G,provisorio,DIP_CABA,CABA,1,comuna 01,3,union por la patria,289,3378,2239,pj
2023,G,provisorio,DIP_CABA,CABA,1,comuna 01,4,blanco,99,2951,1838,neg
2023,G,provisorio,DIP_CABA,CABA,1,comuna 01,4,comando,9,2951,1838,neg
2023,G,provisorio,DIP_CABA,CABA,1,comuna 01,4,fit-u,23,2951,1838,otro
2023,G,provisorio,DIP_CABA,CABA,1,comuna 01,4,impugnado,0,2951,1838,neg
2023,G,provisorio,DIP_CABA,CABA,1,comuna 01,4,juntos por el cambio,1255,2951,1838,jxc-pro
2023,G,provisorio,DIP_CABA,CABA,1,comuna 01,4,la libertad avanza,246,2951,1838,la libertad avanza
2023,G,provisorio,DIP_CABA,CABA,1,comuna 01,4,nulo,2,2951,1838,neg
2023,G,provisorio,DIP_CABA,CABA,1,comuna 01,4,recurrido,0,2951,1838,neg
2023,G,provisorio,DIP_CABA,CABA,1,comuna 01,4,union por la patria,204,2951,1838,pj
2023,G,provisorio,DIP_CABA,CABA,1,comuna 01,5,blanco,2090,26190,11430,neg
2023,G,provisorio,DIP_CABA,CABA,1,comuna 01,5,comando,66,26190,11430,neg
2023,G,provisorio,DIP_CABA,CABA,1,comuna 01,5,fit-u,762,26190,11430,otro
2023,G,provisorio,DIP_CABA,CABA,1,comuna 01,5,impugnado,203,26190,11430,neg
2023,G,provisorio,DIP_CABA,CABA,1,comuna 01,5,juntos por el cambio,2595,26190,11430,jxc-pro
2023,G,provisorio,DIP_CABA,CABA,1,comuna 01,5,la libertad avanza,1801,26190,11430,la libertad avanza
2023,G,provisorio,DIP_CABA,CABA,1,comuna 01,5,nulo,151,26190,11430,neg
2023,G,provisorio,DIP_CABA,CABA,1,comuna 01,5,recurrido,5,26190,11430,neg
2023,G,provisorio,DIP_CABA,CABA,1,comuna 01,5,union por la patria,3757,26190,11430,pj
2023,G,provisorio,DIP_CABA,CABA,1,comuna 01,6,blanco,787,21552,12027,neg
2023,G,provisorio,DIP_CABA,CABA,1,comuna 01,6,comando,19,21552,12027,neg
2023,G,provisorio,DIP_CABA,CABA,1,comuna 01,6,fit-u,228,21552,12027,otro
2023,G,provisorio,DIP_CABA,CABA,1,comuna 01,6,impugnado,162,21552,12027,neg
2023,G,provisorio,DIP_CABA,CABA,1,comuna 01,6,juntos por el cambio,8065,21552,12027,jxc-pro
2023,G,provisorio,DIP_CABA,CABA,1,comuna 01,6,la libertad avanza,1407,21552,12027,la libertad avanza
2023,G,provisorio,DIP_CABA,CABA,1,comuna 01,6,nulo,35,21552,12027,neg
2023,G,provisorio,DIP_CABA,CABA,1,comuna 01,6,recurrido,3,21552,12027,neg
2023,G,provisorio,DIP_CABA,CABA,1,comuna 01,6,union por la patria,1321,21552,12027,pj
2023,G,provisorio,DIP_CABA,CABA,1,comuna 01,7,blanco,423,9331,5884,neg
2023,G,provisorio,DIP_CABA,CABA,1,comuna 01,7,comando,9,9331,5884,neg
2023,G,provisorio,DIP_CABA,CABA,1,comuna 01,7,fit-u,146,9331,5884,otro
2023,G,provisorio,DIP_CABA,CABA,1,comuna 01,7,impugnado,44,9331,5884,neg
2023,G,provisorio,DIP_CABA,CABA,1,comuna 01,7,juntos por el cambio,3621,9331,5884,jxc-pro
2023,G,provisorio,DIP_CABA,CABA,1,comuna 01,7,la libertad avanza,764,9331,5884,la libertad avanza
2023,G,provisorio,DIP_CABA,CABA,1,comuna 01,7,nulo,23,9331,5884,neg
2023,G,provisorio,DIP_CABA,CABA,1,comuna 01,7,recurrido,0,9331,5884,neg
2023,G,provisorio,DIP_CABA,CABA,1,comuna 01,7,union por la patria,854,9331,5884,pj
2023,G,provisorio,DIP_CABA,CABA,1,comuna 01,8,blanco,588,11237,5993,neg
2023,G,provisorio,DIP_CABA,CABA,1,comuna 01,8,comando,5,11237,5993,neg
2023,G,provisorio,DIP_CABA,CABA,1,comuna 01,8,fit-u,178,11237,5993,otro
2023,G,provisorio,DIP_CABA,CABA,1,comuna 01,8,impugnado,0,11237,5993,neg
2023,G,provisorio,DIP_CABA,CABA,1,comuna 01,8,juntos por el cambio,3191,11237,5993,jxc-pro
2023,G,provisorio,DIP_CABA,CABA,1,comuna 01,8,la libertad avanza,917,11237,5993,la libertad avanza
2023,G,provisorio,DIP_CABA,CABA,1,comuna 01,8,nulo,32,11237,5993,neg
2023,G,provisorio,DIP_CABA,CABA,1,comuna 01,8,recurrido,4,11237,5993,neg
2023,G,provisorio,DIP_CABA,CABA,1,comuna 01,8,union por la patria,1078,11237,5993,pj
2023,G,provisorio,DIP_CABA,CABA,1,comuna 01,9,blanco,805,17149,7924,neg
2023,G,provisorio,DIP_CABA,CABA,1,comuna 01,9,comando,20,17149,7924,neg
2023,G,provisorio,DIP_CABA,CABA,1,comuna 01,9,fit-u,308,17149,7924,otro
2023,G,provisorio,DIP_CABA,CABA,1,comuna 01,9,impugnado,3,17149,7924,neg
2023,G,provisorio,DIP_CABA,CABA,1,comuna 01,9,juntos por el cambio,3759,17149,7924,jxc-pro
2023,G,provisorio,DIP_CABA,CABA,1,comuna 01,9,la libertad avanza,1367,17149,7924,la libertad avanza
2023,G,provisorio,DIP_CABA,CABA,1,comuna 01,9,nulo,47,17149,7924,neg
2023,G,provisorio,DIP_CABA,CABA,1,comuna 01,9,recurrido,50,17149,7924,neg
2023,G,provisorio,DIP_CABA,CABA,1,comuna 01,9,union por la patria,1565,17149,7924,pj
2023,G,provisorio,DIP_CABA,CABA,1,comuna 01,10,blanco,826,13782,8328,neg
2023,G,provisorio,DIP_CABA,CABA,1,comuna 01,10,comando,14,13782,8328,neg
2023,G,provisorio,DIP_CABA,CABA,1,comuna 01,10,fit-u,317,13782,8328,otro
2023,G,provisorio,DIP_CABA,CABA,1,comuna 01,10,impugnado,1,13782,8328,neg
2023,G,provisorio,DIP_CABA,CABA,1,comuna 01,10,juntos por el cambio,3969,13782,8328,jxc-pro
2023,G,provisorio,DIP_CABA,CABA,1,comuna 01,10,la libertad avanza,1189,13782,8328,la libertad avanza
2023,G,provisorio,DIP_CABA,CABA,1,comuna 01,10,nulo,47,13782,8328,neg
2023,G,provisorio,DIP_CABA,CABA,1,comuna 01,10,recurrido,2,13782,8328,neg
2023,G,provisorio,DIP_CABA,CABA,1,comuna 01,10,union por la patria,1963,13782,8328,pj
2023,G,provisorio,DIP_CABA,CABA,1,comuna 01,11,blanco,1114,16058,8510,neg
2023,G,provisorio,DIP_CABA,CABA,1,comuna 01,11,comando,15,16058,8510,neg
2023,G,provisorio,DIP_CABA,CABA,1,comuna 01,11,fit-u,401,16058,8510,otro
2023,G,provisorio,DIP_CABA,CABA,1,comuna 01,11,impugnado,2,16058,8510,neg
2023,G,provisorio,DIP_CABA,CABA,1,comuna 01,11,juntos por el cambio,3160,16058,8510,jxc-pro
2023,G,provisorio,DIP_CABA,CABA,1,comuna 01,11,la libertad avanza,1332,16058,8510,la libertad avanza
2023,G,provisorio,DIP_CABA,CABA,1,comuna 01,11,nulo,58,16058,8510,neg
2023,G,provisorio,DIP_CABA,CABA,1,comuna 01,11,recurrido,3,16058,8510,neg
2023,G,provisorio,DIP_CABA,CABA,1,comuna 01,11,union por la patria,2425,16058,8510,pj
2023,G,provisorio,DIP_CABA,CABA,1,comuna 01,12,blanco,968,10569,7304,neg
2023,G,provisorio,DIP_CABA,CABA,1,comuna 01,12,comando,4,10569,7304,neg
2023,G,provisorio,DIP_CABA,CABA,1,comuna 01,12,fit-u,356,10569,7304,otro
2023,G,provisorio,DIP_CABA,CABA,1,comuna 01,12,impugnado,1,10569,7304,neg
2023,G,provisorio,DIP_CABA,CABA,1,comuna 01,12,juntos por el cambio,2777,10569,7304,jxc-pro
2023,G,provisorio,DIP_CABA,CABA,1,comuna 01,12,la libertad avanza,986,10569,7304,la libertad avanza
2023,G,provisorio,DIP_CABA,CABA,1,comuna 01,12,nulo,49,10569,7304,neg
2023,G,provisorio,DIP_CABA,CABA,1,comuna 01,12,recurrido,1,10569,7304,neg
2023,G,provisorio,DIP_CABA,CABA,1,comuna 01,12,union por la patria,2162,10569,7304,pj
2023,G,provisorio,DIP_CABA,CABA,1,comuna 01,13,blanco,1160,16188,9391,neg
2023,G,provisorio,DIP_CABA,CABA,1,comuna 01,13,comando,17,16188,9391,neg
2023,G,provisorio,DIP_CABA,CABA,1,comuna 01,13,fit-u,490,16188,9391,otro
2023,G,provisorio,DIP_CABA,CABA,1,comuna 01,13,impugnado,0,16188,9391,neg
2023,G,provisorio,DIP_CABA,CABA,1,comuna 01,13,juntos por el cambio,3545,16188,9391,jxc-pro
2023,G,provisorio,DIP_CABA,CABA,1,comuna 01,13,la libertad avanza,1343,16188,9391,la libertad avanza
2023,G,provisorio,DIP_CABA,CABA,1,comuna 01,13,nulo,67,16188,9391,neg
2023,G,provisorio,DIP_CABA,CABA,1,comuna 01,13,recurrido,3,16188,9391,neg
2023,G,provisorio,DIP_CABA,CABA,1,comuna 01,13,union por la patria,2766,16188,9391,pj
2023,G,provisorio,DIP_CABA,CABA,1,comuna 01,14,blanco,413,6858,3514,neg
2023,G,provisorio,DIP_CABA,CABA,1,comuna 01,14,comando,53,6858,3514,neg
2023,G,provisorio,DIP_CABA,CABA,1,comuna 01,14,fit-u,150,6858,3514,otro
2023,G,provisorio,DIP_CABA,CABA,1,comuna 01,14,impugnado,0,6858,3514,neg
2023,G,provisorio,DIP_CABA,CABA,1,comuna 01,14,juntos por el cambio,1377,6858,3514,jxc-pro
2023,G,provisorio,DIP_CABA,CABA,1,comuna 01,14,la libertad avanza,577,6858,3514,la libertad avanza
2023,G,provisorio,DIP_CABA,CABA,1,comuna 01,14,nulo,24,6858,3514,neg
2023,G,provisorio,DIP_CABA,CABA,1,comuna 01,14,recurrido,2,6858,3514,neg
2023,G,provisorio,DIP_CABA,CABA,1,comuna 01,14,union por la patria,918,6858,3514,pj
2023,G,provisorio,DIP_CABA,CABA,1,comuna 01,15,blanco,793,10408,5934,neg
2023,G,provisorio,DIP_CABA,CABA,1,comuna 01,15,comando,12,10408,5934,neg
2023,G,provisorio,DIP_CABA,CABA,1,comuna 01,15,fit-u,354,10408,5934,otro
2023,G,provisorio,DIP_CABA,CABA,1,comuna 01,15,impugnado,0,10408,5934,neg
2023,G,provisorio,DIP_CABA,CABA,1,comuna 01,15,juntos por el cambio,1916,10408,5934,jxc-pro
2023,G,provisorio,DIP_CABA,CABA,1,comuna 01,15,la libertad avanza,801,10408,5934,la libertad avanza
2023,G,provisorio,DIP_CABA,CABA,1,comuna 01,15,nulo,39,10408,5934,neg
2023,G,provisorio,DIP_CABA,CABA,1,comuna 01,15,recurrido,3,10408,5934,neg
2023,G,provisorio,DIP_CABA,CABA,1,comuna 01,15,union por la patria,2016,10408,5934,pj
2023,G,provisorio,DIP_CABA,CABA,1,comuna 01,16,blanco,860,10050,5932,neg
2023,G,provisorio,DIP_CABA,CABA,1,comuna 01,16,comando,9,10050,5932,neg
2023,G,provisorio,DIP_CABA,CABA,1,comuna 01,16,fit-u,323,10050,5932,otro
2023,G,provisorio,DIP_CABA,CABA,1,comuna 01,16,impugnado,64,10050,5932,neg
2023,G,provisorio,DIP_CABA,CABA,1,comuna 01,16,juntos por el cambio,1983,10050,5932,jxc-pro
2023,G,provisorio,DIP_CABA,CABA,1,comuna 01,16,la libertad avanza,799,10050,5932,la libertad avanza
2023,G,provisorio,DIP_CABA,CABA,1,comuna 01,16,nulo,35,10050,5932,neg
2023,G,provisorio,DIP_CABA,CABA,1,comuna 01,16,recurrido,1,10050,5932,neg
2023,G,provisorio,DIP_CABA,CABA,1,comuna 01,16,union por la patria,1858,10050,5932,pj
2023,G,provisorio,DIP_CABA,CABA,1,comuna 01,17,blanco,1356,18004,9606,neg
2023,G,provisorio,DIP_CABA,CABA,1,comuna 01,17,comando,11,18004,9606,neg
2023,G,provisorio,DIP_CABA,CABA,1,comuna 01,17,fit-u,502,18004,9606,otro
2023,G,provisorio,DIP_CABA,CABA,1,comuna 01,17,impugnado,59,18004,9606,neg
2023,G,provisorio,DIP_CABA,CABA,1,comuna 01,17,juntos por el cambio,3304,18004,9606,jxc-pro
2023,G,provisorio,DIP_CABA,CABA,1,comuna 01,17,la libertad avanza,1387,18004,9606,la libertad avanza
2023,G,provisorio,DIP_CABA,CABA,1,comuna 01,17,nulo,83,18004,9606,neg
2023,G,provisorio,DIP_CABA,CABA,1,comuna 01,17,recurrido,1,18004,9606,neg
2023,G,provisorio,DIP_CABA,CABA,1,comuna 01,17,union por la patria,2903,18004,9606,pj
2023,G,provisorio,DIP_CABA,CABA,1,comuna 01,18,blanco,736,9938,5115,neg
2023,G,provisorio,DIP_CABA,CABA,1,comuna 01,18,comando,6,9938,5115,neg
2023,G,provisorio,DIP_CABA,CABA,1,comuna 01,18,fit-u,240,9938,5115,otro
2023,G,provisorio,DIP_CABA,CABA,1,comuna 01,18,impugnado,62,9938,5115,neg
2023,G,provisorio,DIP_CABA,CABA,1,comuna 01,18,juntos por el cambio,1587,9938,5115,jxc-pro
2023,G,provisorio,DIP_CABA,CABA,1,comuna 01,18,la libertad avanza,870,9938,5115,la libertad avanza
2023,G,provisorio,DIP_CABA,CABA,1,comuna 01,18,nulo,36,9938,5115,neg
2023,G,provisorio,DIP_CABA,CABA,1,comuna 01,18,recurrido,6,9938,5115,neg
2023,G,provisorio,DIP_CABA,CABA,1,comuna 01,18,union por la patria,1572,9938,5115,pj
2023,G,provisorio,DIP_CABA,CABA,1,comuna 01,19,blanco,1479,14438,8346,neg
2023,G,provisorio,DIP_CABA,CABA,1,comuna 01,19,comando,13,14438,8346,neg
2023,G,provisorio,DIP_CABA,CABA,1,comuna 01,19,fit-u,409,14438,8346,otro
2023,G,provisorio,DIP_CABA,CABA,1,comuna 01,19,impugnado,116,14438,8346,neg
2023,G,provisorio,DIP_CABA,CABA,1,comuna 01,19,juntos por el cambio,2375,14438,8346,jxc-pro
2023,G,provisorio,DIP_CABA,CABA,1,comuna 01,19,la libertad avanza,1219,14438,8346,la libertad avanza
2023,G,provisorio,DIP_CABA,CABA,1,comuna 01,19,nulo,78,14438,8346,neg
2023,G,provisorio,DIP_CABA,CABA,1,comuna 01,19,recurrido,2,14438,8346,neg
2023,G,provisorio,DIP_CABA,CABA,1,comuna 01,19,union por la patria,2655,14438,8346,pj
2023,G,provisorio,DIP_CABA,CABA,2,comuna 02,20,blanco,868,13656,8234,neg
2023,G,provisorio,DIP_CABA,CABA,2,comuna 02,20,comando,3,13656,8234,neg
2023,G,provisorio,DIP_CABA,CABA,2,comuna 02,20,fit-u,170,13656,8234,otro
2023,G,provisorio,DIP_CABA,CABA,2,comuna 02,20,impugnado,37,13656,8234,neg
2023,G,provisorio,DIP_CABA,CABA,2,comuna 02,20,juntos por el cambio,5009,13656,8234,jxc-pro
2023,G,provisorio,DIP_CABA,CABA,2,comuna 02,20,la libertad avanza,1012,13656,8234,la libertad avanza
2023,G,provisorio,DIP_CABA,CABA,2,comuna 02,20,nulo,40,13656,8234,neg
2023,G,provisorio,DIP_CABA,CABA,2,comuna 02,20,recurrido,0,13656,8234,neg
2023,G,provisorio,DIP_CABA,CABA,2,comuna 02,20,union por la patria,1095,13656,8234,pj
2023,G,provisorio,DIP_CABA,CABA,2,comuna 02,21,blanco,486,10282,7100,neg
2023,G,provisorio,DIP_CABA,CABA,2,comuna 02,21,comando,7,10282,7100,neg
2023,G,provisorio,DIP_CABA,CABA,2,comuna 02,21,fit-u,100,10282,7100,otro
2023,G,provisorio,DIP_CABA,CABA,2,comuna 02,21,impugnado,0,10282,7100,neg
2023,G,provisorio,DIP_CABA,CABA,2,comuna 02,21,juntos por el cambio,5028,10282,7100,jxc-pro
2023,G,provisorio,DIP_CABA,CABA,2,comuna 02,21,la libertad avanza,788,10282,7100,la libertad avanza
2023,G,provisorio,DIP_CABA,CABA,2,comuna 02,21,nulo,29,10282,7100,neg
2023,G,provisorio,DIP_CABA,CABA,2,comuna 02,21,recurrido,2,10282,7100,neg
2023,G,provisorio,DIP_CABA,CABA,2,comuna 02,21,union por la patria,660,10282,7100,pj
2023,G,provisorio,DIP_CABA,CABA,2,comuna 02,22,blanco,982,17384,11714,neg
2023,G,provisorio,DIP_CABA,CABA,2,comuna 02,22,comando,11,17384,11714,neg
2023,G,provisorio,DIP_CABA,CABA,2,comuna 02,22,fit-u,335,17384,11714,otro
2023,G,provisorio,DIP_CABA,CABA,2,comuna 02,22,impugnado,0,17384,11714,neg
2023,G,provisorio,DIP_CABA,CABA,2,comuna 02,22,juntos por el cambio,7025,17384,11714,jxc-pro
2023,G,provisorio,DIP_CABA,CABA,2,comuna 02,22,la libertad avanza,1139,17384,11714,la libertad avanza
2023,G,provisorio,DIP_CABA,CABA,2,comuna 02,22,nulo,58,17384,11714,neg
2023,G,provisorio,DIP_CABA,CABA,2,comuna 02,22,recurrido,4,17384,11714,neg
2023,G,provisorio,DIP_CABA,CABA,2,comuna 02,22,union por la patria,2160,17384,11714,pj
2023,G,provisorio,DIP_CABA,CABA,2,comuna 02,23,blanco,1163,22735,14623,neg
2023,G,provisorio,DIP_CABA,CABA,2,comuna 02,23,comando,9,22735,14623,neg
2023,G,provisorio,DIP_CABA,CABA,2,comuna 02,23,fit-u,502,22735,14623,otro
2023,G,provisorio,DIP_CABA,CABA,2,comuna 02,23,impugnado,47,22735,14623,neg
2023,G,provisorio,DIP_CABA,CABA,2,comuna 02,23,juntos por el cambio,8607,22735,14623,jxc-pro
2023,G,provisorio,DIP_CABA,CABA,2,comuna 02,23,la libertad avanza,1578,22735,14623,la libertad avanza
2023,G,provisorio,DIP_CABA,CABA,2,comuna 02,23,nulo,71,22735,14623,neg
2023,G,provisorio,DIP_CABA,CABA,2,comuna 02,23,recurrido,2,22735,14623,neg
2023,G,provisorio,DIP_CABA,CABA,2,comuna 02,23,union por la patria,2644,22735,14623,pj
2023,G,provisorio,DIP_CABA,CABA,2,comuna 02,24,blanco,726,14264,9078,neg
2023,G,provisorio,DIP_CABA,CABA,2,comuna 02,24,comando,4,14264,9078,neg
2023,G,provisorio,DIP_CABA,CABA,2,comuna 02,24,fit-u,251,14264,9078,otro
2023,G,provisorio,DIP_CABA,CABA,2,comuna 02,24,impugnado,0,14264,9078,neg
2023,G,provisorio,DIP_CABA,CABA,2,comuna 02,24,juntos por el cambio,5665,14264,9078,jxc-pro
2023,G,provisorio,DIP_CABA,CABA,2,comuna 02,24,la libertad avanza,1053,14264,9078,la libertad avanza
2023,G,provisorio,DIP_CABA,CABA,2,comuna 02,24,nulo,42,14264,9078,neg
2023,G,provisorio,DIP_CABA,CABA,2,comuna 02,24,recurrido,3,14264,9078,neg
2023,G,provisorio,DIP_CABA,CABA,2,comuna 02,24,union por la patria,1334,14264,9078,pj
2023,G,provisorio,DIP_CABA,CABA,2,comuna 02,25,blanco,729,14373,9246,neg
2023,G,provisorio,DIP_CABA,CABA,2,comuna 02,25,comando,2,14373,9246,neg
2023,G,provisorio,DIP_CABA,CABA,2,comuna 02,25,fit-u,181,14373,9246,otro
2023,G,provisorio,DIP_CABA,CABA,2,comuna 02,25,impugnado,0,14373,9246,neg
2023,G,provisorio,DIP_CABA,CABA,2,comuna 02,25,juntos por el cambio,6076,14373,9246,jxc-pro
2023,G,provisorio,DIP_CABA,CABA,2,comuna 02,25,la libertad avanza,1049,14373,9246,la libertad avanza
2023,G,provisorio,DIP_CABA,CABA,2,comuna 02,25,nulo,40,14373,9246,neg
2023,G,provisorio,DIP_CABA,CABA,2,comuna 02,25,recurrido,1,14373,9246,neg
2023,G,provisorio,DIP_CABA,CABA,2,comuna 02,25,union por la patria,1168,14373,9246,pj
2023,G,provisorio,DIP_CABA,CABA,2,comuna 02,26,blanco,806,18440,12362,neg
2023,G,provisorio,DIP_CABA,CABA,2,comuna 02,26,comando,11,18440,12362,neg
2023,G,provisorio,DIP_CABA,CABA,2,comuna 02,26,fit-u,226,18440,12362,otro
2023,G,provisorio,DIP_CABA,CABA,2,comuna 02,26,impugnado,43,18440,12362,neg
2023,G,provisorio,DIP_CABA,CABA,2,comuna 02,26,juntos por el cambio,8300,18440,12362,jxc-pro
2023,G,provisorio,DIP_CABA,CABA,2,comuna 02,26,la libertad avanza,1478,18440,12362,la libertad avanza
2023,G,provisorio,DIP_CABA,CABA,2,comuna 02,26,nulo,45,18440,12362,neg
2023,G,provisorio,DIP_CABA,CABA,2,comuna 02,26,recurrido,2,18440,12362,neg
2023,G,provisorio,DIP_CABA,CABA,2,comuna 02,26,union por la patria,1451,18440,12362,pj
2023,G,provisorio,DIP_CABA,CABA,2,comuna 02,27,blanco,653,14509,9272,neg
2023,G,provisorio,DIP_CABA,CABA,2,comuna 02,27,comando,7,14509,9272,neg
2023,G,provisorio,DIP_CABA,CABA,2,comuna 02,27,fit-u,343,14509,9272,otro
2023,G,provisorio,DIP_CABA,CABA,2,comuna 02,27,impugnado,0,14509,9272,neg
2023,G,provisorio,DIP_CABA,CABA,2,comuna 02,27,juntos por el cambio,5241,14509,9272,jxc-pro
2023,G,provisorio,DIP_CABA,CABA,2,comuna 02,27,la libertad avanza,1128,14509,9272,la libertad avanza
2023,G,provisorio,DIP_CABA,CABA,2,comuna 02,27,nulo,73,14509,9272,neg
2023,G,provisorio,DIP_CABA,CABA,2,comuna 02,27,recurrido,3,14509,9272,neg
2023,G,provisorio,DIP_CABA,CABA,2,comuna 02,27,union por la patria,1824,14509,9272,pj
2023,G,provisorio,DIP_CABA,CABA,2,comuna 02,28,blanco,1147,22096,13341,neg
2023,G,provisorio,DIP_CABA,CABA,2,comuna 02,28,comando,6,22096,13341,neg
2023,G,provisorio,DIP_CABA,CABA,2,comuna 02,28,fit-u,546,22096,13341,otro
2023,G,provisorio,DIP_CABA,CABA,2,comuna 02,28,impugnado,50,22096,13341,neg
2023,G,provisorio,DIP_CABA,CABA,2,comuna 02,28,juntos por el cambio,6849,22096,13341,jxc-pro
2023,G,provisorio,DIP_CABA,CABA,2,comuna 02,28,la libertad avanza,1646,22096,13341,la libertad avanza
2023,G,provisorio,DIP_CABA,CABA,2,comuna 02,28,nulo,63,22096,13341,neg
2023,G,provisorio,DIP_CABA,CABA,2,comuna 02,28,recurrido,4,22096,13341,neg
2023,G,provisorio,DIP_CABA,CABA,2,comuna 02,28,union por la patria,3030,22096,13341,pj
2023,G,provisorio,DIP_CABA,CABA,2,comuna 02,29,blanco,778,13396,8621,neg
2023,G,provisorio,DIP_CABA,CABA,2,comuna 02,29,comando,4,13396,8621,neg
2023,G,provisorio,DIP_CABA,CABA,2,comuna 02,29,fit-u,353,13396,8621,otro
2023,G,provisorio,DIP_CABA,CABA,2,comuna 02,29,impugnado,9,13396,8621,neg
2023,G,provisorio,DIP_CABA,CABA,2,comuna 02,29,juntos por el cambio,4486,13396,8621,jxc-pro
2023,G,provisorio,DIP_CABA,CABA,2,comuna 02,29,la libertad avanza,901,13396,8621,la libertad avanza
2023,G,provisorio,DIP_CABA,CABA,2,comuna 02,29,nulo,50,13396,8621,neg
2023,G,provisorio,DIP_CABA,CABA,2,comuna 02,29,recurrido,1,13396,8621,neg
2023,G,provisorio,DIP_CABA,CABA,2,comuna 02,29,union por la patria,2039,13396,8621,pj
2023,G,provisorio,DIP_CABA,CABA,3,comuna 03,30,blanco,1144,14611,8414,neg
2023,G,provisorio,DIP_CABA,CABA,3,comuna 03,30,comando,9,14611,8414,neg
2023,G,provisorio,DIP_CABA,CABA,3,comuna 03,30,fit-u,363,14611,8414,otro
2023,G,provisorio,DIP_CABA,CABA,3,comuna 03,30,impugnado,1,14611,8414,neg
2023,G,provisorio,DIP_CABA,CABA,3,comuna 03,30,juntos por el cambio,3641,14611,8414,jxc-pro
2023,G,provisorio,DIP_CABA,CABA,3,comuna 03,30,la libertad avanza,1192,14611,8414,la libertad avanza
2023,G,provisorio,DIP_CABA,CABA,3,comuna 03,30,nulo,68,14611,8414,neg
2023,G,provisorio,DIP_CABA,CABA,3,comuna 03,30,recurrido,1,14611,8414,neg
2023,G,provisorio,DIP_CABA,CABA,3,comuna 03,30,union por la patria,1995,14611,8414,pj
2023,G,provisorio,DIP_CABA,CABA,3,comuna 03,31,blanco,1072,19487,9388,neg
2023,G,provisorio,DIP_CABA,CABA,3,comuna 03,31,comando,6,19487,9388,neg
2023,G,provisorio,DIP_CABA,CABA,3,comuna 03,31,fit-u,416,19487,9388,otro
2023,G,provisorio,DIP_CABA,CABA,3,comuna 03,31,impugnado,110,19487,9388,neg
2023,G,provisorio,DIP_CABA,CABA,3,comuna 03,31,juntos por el cambio,3930,19487,9388,jxc-pro
2023,G,provisorio,DIP_CABA,CABA,3,comuna 03,31,la libertad avanza,1521,19487,9388,la libertad avanza
2023,G,provisorio,DIP_CABA,CABA,3,comuna 03,31,nulo,65,19487,9388,neg
2023,G,provisorio,DIP_CABA,CABA,3,comuna 03,31,recurrido,1,19487,9388,neg
2023,G,provisorio,DIP_CABA,CABA,3,comuna 03,31,union por la patria,2267,19487,9388,pj
2023,G,provisorio,DIP_CABA,CABA,3,comuna 03,32,blanco,950,13895,7825,neg
2023,G,provisorio,DIP_CABA,CABA,3,comuna 03,32,comando,8,13895,7825,neg
2023,G,provisorio,DIP_CABA,CABA,3,comuna 03,32,fit-u,400,13895,7825,otro
2023,G,provisorio,DIP_CABA,CABA,3,comuna 03,32,impugnado,0,13895,7825,neg
2023,G,provisorio,DIP_CABA,CABA,3,comuna 03,32,juntos por el cambio,3300,13895,7825,jxc-pro
2023,G,provisorio,DIP_CABA,CABA,3,comuna 03,32,la libertad avanza,1049,13895,7825,la libertad avanza
2023,G,provisorio,DIP_CABA,CABA,3,comuna 03,32,nulo,61,13895,7825,neg
2023,G,provisorio,DIP_CABA,CABA,3,comuna 03,32,recurrido,3,13895,7825,neg
2023,G,provisorio,DIP_CABA,CABA,3,comuna 03,32,union por la patria,2054,13895,7825,pj
2023,G,provisorio,DIP_CABA,CABA,3,comuna 03,33,blanco,1061,13313,6619,neg
2023,G,provisorio,DIP_CABA,CABA,3,comuna 03,33,comando,3,13313,6619,neg
2023,G,provisorio,DIP_CABA,CABA,3,comuna 03,33,fit-u,286,13313,6619,otro
2023,G,provisorio,DIP_CABA,CABA,3,comuna 03,33,impugnado,0,13313,6619,neg
2023,G,provisorio,DIP_CABA,CABA,3,comuna 03,33,juntos por el cambio,2398,13313,6619,jxc-pro
2023,G,provisorio,DIP_CABA,CABA,3,comuna 03,33,la libertad avanza,1042,13313,6619,la libertad avanza
2023,G,provisorio,DIP_CABA,CABA,3,comuna 03,33,nulo,85,13313,6619,neg
2023,G,provisorio,DIP_CABA,CABA,3,comuna 03,33,recurrido,3,13313,6619,neg
2023,G,provisorio,DIP_CABA,CABA,3,comuna 03,33,union por la patria,1741,13313,6619,pj
2023,G,provisorio,DIP_CABA,CABA,3,comuna 03,34,blanco,1261,19956,10947,neg
2023,G,provisorio,DIP_CABA,CABA,3,comuna 03,34,comando,1,19956,10947,neg
2023,G,provisorio,DIP_CABA,CABA,3,comuna 03,34,fit-u,568,19956,10947,otro
2023,G,provisorio,DIP_CABA,CABA,3,comuna 03,34,impugnado,1,19956,10947,neg
2023,G,provisorio,DIP_CABA,CABA,3,comuna 03,34,juntos por el cambio,4228,19956,10947,jxc-pro
2023,G,provisorio,DIP_CABA,CABA,3,comuna 03,34,la libertad avanza,1795,19956,10947,la libertad avanza
2023,G,provisorio,DIP_CABA,CABA,3,comuna 03,34,nulo,88,19956,10947,neg
2023,G,provisorio,DIP_CABA,CABA,3,comuna 03,34,recurrido,7,19956,10947,neg
2023,G,provisorio,DIP_CABA,CABA,3,comuna 03,34,union por la patria,2998,19956,10947,pj
2023,G,provisorio,DIP_CABA,CABA,3,comuna 03,35,blanco,1307,15806,9463,neg
2023,G,provisorio,DIP_CABA,CABA,3,comuna 03,35,comando,0,15806,9463,neg
2023,G,provisorio,DIP_CABA,CABA,3,comuna 03,35,fit-u,515,15806,9463,otro
2023,G,provisorio,DIP_CABA,CABA,3,comuna 03,35,impugnado,0,15806,9463,neg
2023,G,provisorio,DIP_CABA,CABA,3,comuna 03,35,juntos por el cambio,3260,15806,9463,jxc-pro
2023,G,provisorio,DIP_CABA,CABA,3,comuna 03,35,la libertad avanza,1438,15806,9463,la libertad avanza
2023,G,provisorio,DIP_CABA,CABA,3,comuna 03,35,nulo,54,15806,9463,neg
2023,G,provisorio,DIP_CABA,CABA,3,comuna 03,35,recurrido,2,15806,9463,neg
2023,G,provisorio,DIP_CABA,CABA,3,comuna 03,35,union por la patria,2887,15806,9463,pj
2023,G,provisorio,DIP_CABA,CABA,3,comuna 03,36,blanco,1032,10205,6509,neg
2023,G,provisorio,DIP_CABA,CABA,3,comuna 03,36,comando,0,10205,6509,neg
2023,G,provisorio,DIP_CABA,CABA,3,comuna 03,36,fit-u,359,10205,6509,otro
2023,G,provisorio,DIP_CABA,CABA,3,comuna 03,36,impugnado,0,10205,6509,neg
2023,G,provisorio,DIP_CABA,CABA,3,comuna 03,36,juntos por el cambio,2029,10205,6509,jxc-pro
2023,G,provisorio,DIP_CABA,CABA,3,comuna 03,36,la libertad avanza,944,10205,6509,la libertad avanza
2023,G,provisorio,DIP_CABA,CABA,3,comuna 03,36,nulo,48,10205,6509,neg
2023,G,provisorio,DIP_CABA,CABA,3,comuna 03,36,recurrido,1,10205,6509,neg
2023,G,provisorio,DIP_CABA,CABA,3,comuna 03,36,union por la patria,2096,10205,6509,pj
2023,G,provisorio,DIP_CABA,CABA,3,comuna 03,37,blanco,1047,13214,8240,neg
2023,G,provisorio,DIP_CABA,CABA,3,comuna 03,37,comando,0,13214,8240,neg
2023,G,provisorio,DIP_CABA,CABA,3,comuna 03,37,fit-u,432,13214,8240,otro
2023,G,provisorio,DIP_CABA,CABA,3,comuna 03,37,impugnado,1,13214,8240,neg
2023,G,provisorio,DIP_CABA,CABA,3,comuna 03,37,juntos por el cambio,3000,13214,8240,jxc-pro
2023,G,provisorio,DIP_CABA,CABA,3,comuna 03,37,la libertad avanza,1121,13214,8240,la libertad avanza
2023,G,provisorio,DIP_CABA,CABA,3,comuna 03,37,nulo,67,13214,8240,neg
2023,G,provisorio,DIP_CABA,CABA,3,comuna 03,37,recurrido,0,13214,8240,neg
2023,G,provisorio,DIP_CABA,CABA,3,comuna 03,37,union por la patria,2572,13214,8240,pj
2023,G,provisorio,DIP_CABA,CABA,3,comuna 03,38,blanco,1213,15090,9521,neg
2023,G,provisorio,DIP_CABA,CABA,3,comuna 03,38,comando,0,15090,9521,neg
2023,G,provisorio,DIP_CABA,CABA,3,comuna 03,38,fit-u,488,15090,9521,otro
2023,G,provisorio,DIP_CABA,CABA,3,comuna 03,38,impugnado,0,15090,9521,neg
2023,G,provisorio,DIP_CABA,CABA,3,comuna 03,38,juntos por el cambio,3529,15090,9521,jxc-pro
2023,G,provisorio,DIP_CABA,CABA,3,comuna 03,38,la libertad avanza,1298,15090,9521,la libertad avanza
2023,G,provisorio,DIP_CABA,CABA,3,comuna 03,38,nulo,63,15090,9521,neg
2023,G,provisorio,DIP_CABA,CABA,3,comuna 03,38,recurrido,3,15090,9521,neg
2023,G,provisorio,DIP_CABA,CABA,3,comuna 03,38,union por la patria,2927,15090,9521,pj
2023,G,provisorio,DIP_CABA,CABA,3,comuna 03,39,blanco,1256,15382,9472,neg
2023,G,provisorio,DIP_CABA,CABA,3,comuna 03,39,comando,0,15382,9472,neg
2023,G,provisorio,DIP_CABA,CABA,3,comuna 03,39,fit-u,477,15382,9472,otro
2023,G,provisorio,DIP_CABA,CABA,3,comuna 03,39,impugnado,0,15382,9472,neg
2023,G,provisorio,DIP_CABA,CABA,3,comuna 03,39,juntos por el cambio,3536,15382,9472,jxc-pro
2023,G,provisorio,DIP_CABA,CABA,3,comuna 03,39,la libertad avanza,1301,15382,9472,la libertad avanza
2023,G,provisorio,DIP_CABA,CABA,3,comuna 03,39,nulo,86,15382,9472,neg
2023,G,provisorio,DIP_CABA,CABA,3,comuna 03,39,recurrido,2,15382,9472,neg
2023,G,provisorio,DIP_CABA,CABA,3,comuna 03,39,union por la patria,2814,15382,9472,pj
2023,G,provisorio,DIP_CABA,CABA,3,comuna 03,40,blanco,881,10656,7666,neg
2023,G,provisorio,DIP_CABA,CABA,3,comuna 03,40,comando,0,10656,7666,neg
2023,G,provisorio,DIP_CABA,CABA,3,comuna 03,40,fit-u,394,10656,7666,otro
2023,G,provisorio,DIP_CABA,CABA,3,comuna 03,40,impugnado,0,10656,7666,neg
2023,G,provisorio,DIP_CABA,CABA,3,comuna 03,40,juntos por el cambio,3056,10656,7666,jxc-pro
2023,G,provisorio,DIP_CABA,CABA,3,comuna 03,40,la libertad avanza,919,10656,7666,la libertad avanza
2023,G,provisorio,DIP_CABA,CABA,3,comuna 03,40,nulo,48,10656,7666,neg
2023,G,provisorio,DIP_CABA,CABA,3,comuna 03,40,recurrido,1,10656,7666,neg
2023,G,provisorio,DIP_CABA,CABA,3,comuna 03,40,union por la patria,2367,10656,7666,pj
2023,G,provisorio,DIP_CABA,CABA,3,comuna 03,41,blanco,2078,21895,14528,neg
2023,G,provisorio,DIP_CABA,CABA,3,comuna 03,41,comando,0,21895,14528,neg
2023,G,provisorio,DIP_CABA,CABA,3,comuna 03,41,fit-u,794,21895,14528,otro
2023,G,provisorio,DIP_CABA,CABA,3,comuna 03,41,impugnado,0,21895,14528,neg
2023,G,provisorio,DIP_CABA,CABA,3,comuna 03,41,juntos por el cambio,4994,21895,14528,jxc-pro
2023,G,provisorio,DIP_CABA,CABA,3,comuna 03,41,la libertad avanza,1922,21895,14528,la libertad avanza
2023,G,provisorio,DIP_CABA,CABA,3,comuna 03,41,nulo,94,21895,14528,neg
2023,G,provisorio,DIP_CABA,CABA,3,comuna 03,41,recurrido,2,21895,14528,neg
2023,G,provisorio,DIP_CABA,CABA,3,comuna 03,41,union por la patria,4644,21895,14528,pj
2023,G,provisorio,DIP_CABA,CABA,3,comuna 03,42,blanco,1643,18130,12293,neg
2023,G,provisorio,DIP_CABA,CABA,3,comuna 03,42,comando,0,18130,12293,neg
2023,G,provisorio,DIP_CABA,CABA,3,comuna 03,42,fit-u,652,18130,12293,otro
2023,G,provisorio,DIP_CABA,CABA,3,comuna 03,42,impugnado,77,18130,12293,neg
2023,G,provisorio,DIP_CABA,CABA,3,comuna 03,42,juntos por el cambio,4449,18130,12293,jxc-pro
2023,G,provisorio,DIP_CABA,CABA,3,comuna 03,42,la libertad avanza,1532,18130,12293,la libertad avanza
2023,G,provisorio,DIP_CABA,CABA,3,comuna 03,42,nulo,95,18130,12293,neg
2023,G,provisorio,DIP_CABA,CABA,3,comuna 03,42,recurrido,7,18130,12293,neg
2023,G,provisorio,DIP_CABA,CABA,3,comuna 03,42,union por la patria,3838,18130,12293,pj
2023,G,provisorio,DIP_CABA,CABA,4,comuna 04,43,blanco,1124,13637,9802,neg
2023,G,provisorio,DIP_CABA,CABA,4,comuna 04,43,comando,11,13637,9802,neg
2023,G,provisorio,DIP_CABA,CABA,4,comuna 04,43,fit-u,549,13637,9802,otro
2023,G,provisorio,DIP_CABA,CABA,4,comuna 04,43,impugnado,0,13637,9802,neg
2023,G,provisorio,DIP_CABA,CABA,4,comuna 04,43,juntos por el cambio,3677,13637,9802,jxc-pro
2023,G,provisorio,DIP_CABA,CABA,4,comuna 04,43,la libertad avanza,1197,13637,9802,la libertad avanza
2023,G,provisorio,DIP_CABA,CABA,4,comuna 04,43,nulo,62,13637,9802,neg
2023,G,provisorio,DIP_CABA,CABA,4,comuna 04,43,recurrido,0,13637,9802,neg
2023,G,provisorio,DIP_CABA,CABA,4,comuna 04,43,union por la patria,3182,13637,9802,pj
2023,G,provisorio,DIP_CABA,CABA,4,comuna 04,44,blanco,755,10250,7255,neg
2023,G,provisorio,DIP_CABA,CABA,4,comuna 04,44,comando,0,10250,7255,neg
2023,G,provisorio,DIP_CABA,CABA,4,comuna 04,44,fit-u,392,10250,7255,otro
2023,G,provisorio,DIP_CABA,CABA,4,comuna 04,44,impugnado,71,10250,7255,neg
2023,G,provisorio,DIP_CABA,CABA,4,comuna 04,44,juntos por el cambio,2667,10250,7255,jxc-pro
2023,G,provisorio,DIP_CABA,CABA,4,comuna 04,44,la libertad avanza,826,10250,7255,la libertad avanza
2023,G,provisorio,DIP_CABA,CABA,4,comuna 04,44,nulo,64,10250,7255,neg
2023,G,provisorio,DIP_CABA,CABA,4,comuna 04,44,recurrido,0,10250,7255,neg
2023,G,provisorio,DIP_CABA,CABA,4,comuna 04,44,union por la patria,2480,10250,7255,pj
2023,G,provisorio,DIP_CABA,CABA,4,comuna 04,45,blanco,910,8436,5648,neg
2023,G,provisorio,DIP_CABA,CABA,4,comuna 04,45,comando,8,8436,5648,neg
2023,G,provisorio,DIP_CABA,CABA,4,comuna 04,45,fit-u,280,8436,5648,otro
2023,G,provisorio,DIP_CABA,CABA,4,comuna 04,45,impugnado,2,8436,5648,neg
2023,G,provisorio,DIP_CABA,CABA,4,comuna 04,45,juntos por el cambio,1826,8436,5648,jxc-pro
2023,G,provisorio,DIP_CABA,CABA,4,comuna 04,45,la libertad avanza,777,8436,5648,la libertad avanza
2023,G,provisorio,DIP_CABA,CABA,4,comuna 04,45,nulo,46,8436,5648,neg
2023,G,provisorio,DIP_CABA,CABA,4,comuna 04,45,recurrido,0,8436,5648,neg
2023,G,provisorio,DIP_CABA,CABA,4,comuna 04,45,union por la patria,1799,8436,5648,pj
2023,G,provisorio,DIP_CABA,CABA,4,comuna 04,46,blanco,661,8415,5373,neg
2023,G,provisorio,DIP_CABA,CABA,4,comuna 04,46,comando,7,8415,5373,neg
2023,G,provisorio,DIP_CABA,CABA,4,comuna 04,46,fit-u,319,8415,5373,otro
2023,G,provisorio,DIP_CABA,CABA,4,comuna 04,46,impugnado,0,8415,5373,neg
2023,G,provisorio,DIP_CABA,CABA,4,comuna 04,46,juntos por el cambio,1715,8415,5373,jxc-pro
2023,G,provisorio,DIP_CABA,CABA,4,comuna 04,46,la libertad avanza,832,8415,5373,la libertad avanza
2023,G,provisorio,DIP_CABA,CABA,4,comuna 04,46,nulo,60,8415,5373,neg
2023,G,provisorio,DIP_CABA,CABA,4,comuna 04,46,recurrido,0,8415,5373,neg
2023,G,provisorio,DIP_CABA,CABA,4,comuna 04,46,union por la patria,1779,8415,5373,pj
2023,G,provisorio,DIP_CABA,CABA,4,comuna 04,47,blanco,3546,34745,15491,neg
2023,G,provisorio,DIP_CABA,CABA,4,comuna 04,47,comando,7,34745,15491,neg
2023,G,provisorio,DIP_CABA,CABA,4,comuna 04,47,fit-u,786,34745,15491,otro
2023,G,provisorio,DIP_CABA,CABA,4,comuna 04,47,impugnado,63,34745,15491,neg
2023,G,provisorio,DIP_CABA,CABA,4,comuna 04,47,juntos por el cambio,2391,34745,15491,jxc-pro
2023,G,provisorio,DIP_CABA,CABA,4,comuna 04,47,la libertad avanza,2342,34745,15491,la libertad avanza
2023,G,provisorio,DIP_CABA,CABA,4,comuna 04,47,nulo,116,34745,15491,neg
2023,G,provisorio,DIP_CABA,CABA,4,comuna 04,47,recurrido,70,34745,15491,neg
2023,G,provisorio,DIP_CABA,CABA,4,comuna 04,47,union por la patria,6170,34745,15491,pj
2023,G,provisorio,DIP_CABA,CABA,4,comuna 04,48,blanco,1394,15385,10088,neg
2023,G,provisorio,DIP_CABA,CABA,4,comuna 04,48,comando,11,15385,10088,neg
2023,G,provisorio,DIP_CABA,CABA,4,comuna 04,48,fit-u,556,15385,10088,otro
2023,G,provisorio,DIP_CABA,CABA,4,comuna 04,48,impugnado,7,15385,10088,neg
2023,G,provisorio,DIP_CABA,CABA,4,comuna 04,48,juntos por el cambio,4046,15385,10088,jxc-pro
2023,G,provisorio,DIP_CABA,CABA,4,comuna 04,48,la libertad avanza,1119,15385,10088,la libertad avanza
2023,G,provisorio,DIP_CABA,CABA,4,comuna 04,48,nulo,80,15385,10088,neg
2023,G,provisorio,DIP_CABA,CABA,4,comuna 04,48,recurrido,0,15385,10088,neg
2023,G,provisorio,DIP_CABA,CABA,4,comuna 04,48,union por la patria,2875,15385,10088,pj
2023,G,provisorio,DIP_CABA,CABA,4,comuna 04,49,blanco,1360,13309,8931,neg
2023,G,provisorio,DIP_CABA,CABA,4,comuna 04,49,comando,8,13309,8931,neg
2023,G,provisorio,DIP_CABA,CABA,4,comuna 04,49,fit-u,414,13309,8931,otro
2023,G,provisorio,DIP_CABA,CABA,4,comuna 04,49,impugnado,4,13309,8931,neg
2023,G,provisorio,DIP_CABA,CABA,4,comuna 04,49,juntos por el cambio,3032,13309,8931,jxc-pro
2023,G,provisorio,DIP_CABA,CABA,4,comuna 04,49,la libertad avanza,1233,13309,8931,la libertad avanza
2023,G,provisorio,DIP_CABA,CABA,4,comuna 04,49,nulo,85,13309,8931,neg
2023,G,provisorio,DIP_CABA,CABA,4,comuna 04,49,recurrido,0,13309,8931,neg
2023,G,provisorio,DIP_CABA,CABA,4,comuna 04,49,union por la patria,2795,13309,8931,pj
2023,G,provisorio,DIP_CABA,CABA,4,comuna 04,50,blanco,1109,15030,10509,neg
2023,G,provisorio,DIP_CABA,CABA,4,comuna 04,50,comando,10,15030,10509,neg
2023,G,provisorio,DIP_CABA,CABA,4,comuna 04,50,fit-u,501,15030,10509,otro
2023,G,provisorio,DIP_CABA,CABA,4,comuna 04,50,impugnado,2,15030,10509,neg
2023,G,provisorio,DIP_CABA,CABA,4,comuna 04,50,juntos por el cambio,4773,15030,10509,jxc-pro
2023,G,provisorio,DIP_CABA,CABA,4,comuna 04,50,la libertad avanza,1125,15030,10509,la libertad avanza
2023,G,provisorio,DIP_CABA,CABA,4,comuna 04,50,nulo,88,15030,10509,neg
2023,G,provisorio,DIP_CABA,CABA,4,comuna 04,50,recurrido,1,15030,10509,neg
2023,G,provisorio,DIP_CABA,CABA,4,comuna 04,50,union por la patria,2900,15030,10509,pj
2023,G,provisorio,DIP_CABA,CABA,4,comuna 04,51,blanco,986,10655,7990,neg
2023,G,provisorio,DIP_CABA,CABA,4,comuna 04,51,comando,11,10655,7990,neg
2023,G,provisorio,DIP_CABA,CABA,4,comuna 04,51,fit-u,334,10655,7990,otro
2023,G,provisorio,DIP_CABA,CABA,4,comuna 04,51,impugnado,0,10655,7990,neg
2023,G,provisorio,DIP_CABA,CABA,4,comuna 04,51,juntos por el cambio,3583,10655,7990,jxc-pro
2023,G,provisorio,DIP_CABA,CABA,4,comuna 04,51,la libertad avanza,922,10655,7990,la libertad avanza
2023,G,provisorio,DIP_CABA,CABA,4,comuna 04,51,nulo,54,10655,7990,neg
2023,G,provisorio,DIP_CABA,CABA,4,comuna 04,51,recurrido,0,10655,7990,neg
2023,G,provisorio,DIP_CABA,CABA,4,comuna 04,51,union por la patria,2100,10655,7990,pj
2023,G,provisorio,DIP_CABA,CABA,4,comuna 04,52,blanco,1757,13684,9110,neg
2023,G,provisorio,DIP_CABA,CABA,4,comuna 04,52,comando,13,13684,9110,neg
2023,G,provisorio,DIP_CABA,CABA,4,comuna 04,52,fit-u,456,13684,9110,otro
2023,G,provisorio,DIP_CABA,CABA,4,comuna 04,52,impugnado,1,13684,9110,neg
2023,G,provisorio,DIP_CABA,CABA,4,comuna 04,52,juntos por el cambio,2432,13684,9110,jxc-pro
2023,G,provisorio,DIP_CABA,CABA,4,comuna 04,52,la libertad avanza,1392,13684,9110,la libertad avanza
2023,G,provisorio,DIP_CABA,CABA,4,comuna 04,52,nulo,95,13684,9110,neg
2023,G,provisorio,DIP_CABA,CABA,4,comuna 04,52,recurrido,1,13684,9110,neg
2023,G,provisorio,DIP_CABA,CABA,4,comuna 04,52,union por la patria,2963,13684,9110,pj
2023,G,provisorio,DIP_CABA,CABA,4,comuna 04,53,blanco,1962,17637,11001,neg
2023,G,provisorio,DIP_CABA,CABA,4,comuna 04,53,comando,6,17637,11001,neg
2023,G,provisorio,DIP_CABA,CABA,4,comuna 04,53,fit-u,590,17637,11001,otro
2023,G,provisorio,DIP_CABA,CABA,4,comuna 04,53,impugnado,0,17637,11001,neg
2023,G,provisorio,DIP_CABA,CABA,4,comuna 04,53,juntos por el cambio,3177,17637,11001,jxc-pro
2023,G,provisorio,DIP_CABA,CABA,4,comuna 04,53,la libertad avanza,1589,17637,11001,la libertad avanza
2023,G,provisorio,DIP_CABA,CABA,4,comuna 04,53,nulo,89,17637,11001,neg
2023,G,provisorio,DIP_CABA,CABA,4,comuna 04,53,recurrido,0,17637,11001,neg
2023,G,provisorio,DIP_CABA,CABA,4,comuna 04,53,union por la patria,3588,17637,11001,pj
2023,G,provisorio,DIP_CABA,CABA,4,comuna 04,54,blanco,1365,17576,11663,neg
2023,G,provisorio,DIP_CABA,CABA,4,comuna 04,54,comando,11,17576,11663,neg
2023,G,provisorio,DIP_CABA,CABA,4,comuna 04,54,fit-u,605,17576,11663,otro
2023,G,provisorio,DIP_CABA,CABA,4,comuna 04,54,impugnado,90,17576,11663,neg
2023,G,provisorio,DIP_CABA,CABA,4,comuna 04,54,juntos por el cambio,4227,17576,11663,jxc-pro
2023,G,provisorio,DIP_CABA,CABA,4,comuna 04,54,la libertad avanza,1566,17576,11663,la libertad avanza
2023,G,provisorio,DIP_CABA,CABA,4,comuna 04,54,nulo,79,17576,11663,neg
2023,G,provisorio,DIP_CABA,CABA,4,comuna 04,54,recurrido,5,17576,11663,neg
2023,G,provisorio,DIP_CABA,CABA,4,comuna 04,54,union por la patria,3715,17576,11663,pj
2023,G,provisorio,DIP_CABA,CABA,4,comuna 04,55,blanco,1236,11722,7604,neg
2023,G,provisorio,DIP_CABA,CABA,4,comuna 04,55,comando,14,11722,7604,neg
2023,G,provisorio,DIP_CABA,CABA,4,comuna 04,55,fit-u,369,11722,7604,otro
2023,G,provisorio,DIP_CABA,CABA,4,comuna 04,55,impugnado,1,11722,7604,neg
2023,G,provisorio,DIP_CABA,CABA,4,comuna 04,55,juntos por el cambio,2263,11722,7604,jxc-pro
2023,G,provisorio,DIP_CABA,CABA,4,comuna 04,55,la libertad avanza,1168,11722,7604,la libertad avanza
2023,G,provisorio,DIP_CABA,CABA,4,comuna 04,55,nulo,99,11722,7604,neg
2023,G,provisorio,DIP_CABA,CABA,4,comuna 04,55,recurrido,1,11722,7604,neg
2023,G,provisorio,DIP_CABA,CABA,4,comuna 04,55,union por la patria,2453,11722,7604,pj
2023,G,provisorio,DIP_CABA,CABA,4,comuna 04,56,blanco,969,11134,7147,neg
2023,G,provisorio,DIP_CABA,CABA,4,comuna 04,56,comando,5,11134,7147,neg
2023,G,provisorio,DIP_CABA,CABA,4,comuna 04,56,fit-u,423,11134,7147,otro
2023,G,provisorio,DIP_CABA,CABA,4,comuna 04,56,impugnado,2,11134,7147,neg
2023,G,provisorio,DIP_CABA,CABA,4,comuna 04,56,juntos por el cambio,2158,11134,7147,jxc-pro
2023,G,provisorio,DIP_CABA,CABA,4,comuna 04,56,la libertad avanza,1158,11134,7147,la libertad avanza
2023,G,provisorio,DIP_CABA,CABA,4,comuna 04,56,nulo,69,11134,7147,neg
2023,G,provisorio,DIP_CABA,CABA,4,comuna 04,56,recurrido,0,11134,7147,neg
2023,G,provisorio,DIP_CABA,CABA,4,comuna 04,56,union por la patria,2363,11134,7147,pj
2023,G,provisorio,DIP_CABA,CABA,4,comuna 04,57,blanco,2132,23578,15100,neg
2023,G,provisorio,DIP_CABA,CABA,4,comuna 04,57,comando,20,23578,15100,neg
2023,G,provisorio,DIP_CABA,CABA,4,comuna 04,57,fit-u,843,23578,15100,otro
2023,G,provisorio,DIP_CABA,CABA,4,comuna 04,57,impugnado,0,23578,15100,neg
2023,G,provisorio,DIP_CABA,CABA,4,comuna 04,57,juntos por el cambio,4982,23578,15100,jxc-pro
2023,G,provisorio,DIP_CABA,CABA,4,comuna 04,57,la libertad avanza,2252,23578,15100,la libertad avanza
2023,G,provisorio,DIP_CABA,CABA,4,comuna 04,57,nulo,123,23578,15100,neg
2023,G,provisorio,DIP_CABA,CABA,4,comuna 04,57,recurrido,3,23578,15100,neg
2023,G,provisorio,DIP_CABA,CABA,4,comuna 04,57,union por la patria,4745,23578,15100,pj
2023,G,provisorio,DIP_CABA,CABA,5,comuna 05,58,blanco,1333,16160,11415,neg
2023,G,provisorio,DIP_CABA,CABA,5,comuna 05,58,comando,6,16160,11415,neg
2023,G,provisorio,DIP_CABA,CABA,5,comuna 05,58,fit-u,642,16160,11415,otro
2023,G,provisorio,DIP_CABA,CABA,5,comuna 05,58,impugnado,1,16160,11415,neg
2023,G,provisorio,DIP_CABA,CABA,5,comuna 05,58,juntos por el cambio,4099,16160,11415,jxc-pro
2023,G,provisorio,DIP_CABA,CABA,5,comuna 05,58,la libertad avanza,1436,16160,11415,la libertad avanza
2023,G,provisorio,DIP_CABA,CABA,5,comuna 05,58,nulo,92,16160,11415,neg
2023,G,provisorio,DIP_CABA,CABA,5,comuna 05,58,recurrido,3,16160,11415,neg
2023,G,provisorio,DIP_CABA,CABA,5,comuna 05,58,union por la patria,3803,16160,11415,pj
2023,G,provisorio,DIP_CABA,CABA,5,comuna 05,59,blanco,1147,14221,10358,neg
2023,G,provisorio,DIP_CABA,CABA,5,comuna 05,59,comando,6,14221,10358,neg
2023,G,provisorio,DIP_CABA,CABA,5,comuna 05,59,fit-u,597,14221,10358,otro
2023,G,provisorio,DIP_CABA,CABA,5,comuna 05,59,impugnado,1,14221,10358,neg
2023,G,provisorio,DIP_CABA,CABA,5,comuna 05,59,juntos por el cambio,3771,14221,10358,jxc-pro
2023,G,provisorio,DIP_CABA,CABA,5,comuna 05,59,la libertad avanza,1201,14221,10358,la libertad avanza
2023,G,provisorio,DIP_CABA,CABA,5,comuna 05,59,nulo,56,14221,10358,neg
2023,G,provisorio,DIP_CABA,CABA,5,comuna 05,59,recurrido,2,14221,10358,neg
2023,G,provisorio,DIP_CABA,CABA,5,comuna 05,59,union por la patria,3577,14221,10358,pj
2023,G,provisorio,DIP_CABA,CABA,5,comuna 05,60,blanco,1405,17599,12747,neg
2023,G,provisorio,DIP_CABA,CABA,5,comuna 05,60,comando,5,17599,12747,neg
2023,G,provisorio,DIP_CABA,CABA,5,comuna 05,60,fit-u,713,17599,12747,otro
2023,G,provisorio,DIP_CABA,CABA,5,comuna 05,60,impugnado,2,17599,12747,neg
2023,G,provisorio,DIP_CABA,CABA,5,comuna 05,60,juntos por el cambio,4971,17599,12747,jxc-pro
2023,G,provisorio,DIP_CABA,CABA,5,comuna 05,60,la libertad avanza,1310,17599,12747,la libertad avanza
2023,G,provisorio,DIP_CABA,CABA,5,comuna 05,60,nulo,81,17599,12747,neg
2023,G,provisorio,DIP_CABA,CABA,5,comuna 05,60,recurrido,4,17599,12747,neg
2023,G,provisorio,DIP_CABA,CABA,5,comuna 05,60,union por la patria,4256,17599,12747,pj
2023,G,provisorio,DIP_CABA,CABA,5,comuna 05,61,blanco,984,16292,11100,neg
2023,G,provisorio,DIP_CABA,CABA,5,comuna 05,61,comando,4,16292,11100,neg
2023,G,provisorio,DIP_CABA,CABA,5,comuna 05,61,fit-u,598,16292,11100,otro
2023,G,provisorio,DIP_CABA,CABA,5,comuna 05,61,impugnado,5,16292,11100,neg
2023,G,provisorio,DIP_CABA,CABA,5,comuna 05,61,juntos por el cambio,4848,16292,11100,jxc-pro
2023,G,provisorio,DIP_CABA,CABA,5,comuna 05,61,la libertad avanza,1260,16292,11100,la libertad avanza
2023,G,provisorio,DIP_CABA,CABA,5,comuna 05,61,nulo,56,16292,11100,neg
2023,G,provisorio,DIP_CABA,CABA,5,comuna 05,61,recurrido,2,16292,11100,neg
2023,G,provisorio,DIP_CABA,CABA,5,comuna 05,61,union por la patria,3343,16292,11100,pj
2023,G,provisorio,DIP_CABA,CABA,5,comuna 05,62,blanco,990,11672,8250,neg
2023,G,provisorio,DIP_CABA,CABA,5,comuna 05,62,comando,3,11672,8250,neg
2023,G,provisorio,DIP_CABA,CABA,5,comuna 05,62,fit-u,505,11672,8250,otro
2023,G,provisorio,DIP_CABA,CABA,5,comuna 05,62,impugnado,5,11672,8250,neg
2023,G,provisorio,DIP_CABA,CABA,5,comuna 05,62,juntos por el cambio,3064,11672,8250,jxc-pro
2023,G,provisorio,DIP_CABA,CABA,5,comuna 05,62,la libertad avanza,979,11672,8250,la libertad avanza
2023,G,provisorio,DIP_CABA,CABA,5,comuna 05,62,nulo,31,11672,8250,neg
2023,G,provisorio,DIP_CABA,CABA,5,comuna 05,62,recurrido,0,11672,8250,neg
2023,G,provisorio,DIP_CABA,CABA,5,comuna 05,62,union por la patria,2673,11672,8250,pj
2023,G,provisorio,DIP_CABA,CABA,5,comuna 05,63,blanco,1620,22504,15383,neg
2023,G,provisorio,DIP_CABA,CABA,5,comuna 05,63,comando,8,22504,15383,neg
2023,G,provisorio,DIP_CABA,CABA,5,comuna 05,63,fit-u,879,22504,15383,otro
2023,G,provisorio,DIP_CABA,CABA,5,comuna 05,63,impugnado,0,22504,15383,neg
2023,G,provisorio,DIP_CABA,CABA,5,comuna 05,63,juntos por el cambio,6387,22504,15383,jxc-pro
2023,G,provisorio,DIP_CABA,CABA,5,comuna 05,63,la libertad avanza,1808,22504,15383,la libertad avanza
2023,G,provisorio,DIP_CABA,CABA,5,comuna 05,63,nulo,108,22504,15383,neg
2023,G,provisorio,DIP_CABA,CABA,5,comuna 05,63,recurrido,4,22504,15383,neg
2023,G,provisorio,DIP_CABA,CABA,5,comuna 05,63,union por la patria,4569,22504,15383,pj
2023,G,provisorio,DIP_CABA,CABA,5,comuna 05,64,blanco,1746,26675,16619,neg
2023,G,provisorio,DIP_CABA,CABA,5,comuna 05,64,comando,7,26675,16619,neg
2023,G,provisorio,DIP_CABA,CABA,5,comuna 05,64,fit-u,862,26675,16619,otro
2023,G,provisorio,DIP_CABA,CABA,5,comuna 05,64,impugnado,1,26675,16619,neg
2023,G,provisorio,DIP_CABA,CABA,5,comuna 05,64,juntos por el cambio,6804,26675,16619,jxc-pro
2023,G,provisorio,DIP_CABA,CABA,5,comuna 05,64,la libertad avanza,1941,26675,16619,la libertad avanza
2023,G,provisorio,DIP_CABA,CABA,5,comuna 05,64,nulo,95,26675,16619,neg
2023,G,provisorio,DIP_CABA,CABA,5,comuna 05,64,recurrido,4,26675,16619,neg
2023,G,provisorio,DIP_CABA,CABA,5,comuna 05,64,union por la patria,5159,26675,16619,pj
2023,G,provisorio,DIP_CABA,CABA,5,comuna 05,65,blanco,1067,16627,10711,neg
2023,G,provisorio,DIP_CABA,CABA,5,comuna 05,65,comando,0,16627,10711,neg
2023,G,provisorio,DIP_CABA,CABA,5,comuna 05,65,fit-u,555,16627,10711,otro
2023,G,provisorio,DIP_CABA,CABA,5,comuna 05,65,impugnado,0,16627,10711,neg
2023,G,provisorio,DIP_CABA,CABA,5,comuna 05,65,juntos por el cambio,4501,16627,10711,jxc-pro
2023,G,provisorio,DIP_CABA,CABA,5,comuna 05,65,la libertad avanza,1298,16627,10711,la libertad avanza
2023,G,provisorio,DIP_CABA,CABA,5,comuna 05,65,nulo,74,16627,10711,neg
2023,G,provisorio,DIP_CABA,CABA,5,comuna 05,65,recurrido,9,16627,10711,neg
2023,G,provisorio,DIP_CABA,CABA,5,comuna 05,65,union por la patria,3207,16627,10711,pj
2023,G,provisorio,DIP_CABA,CABA,5,comuna 05,66,blanco,933,14971,10461,neg
2023,G,provisorio,DIP_CABA,CABA,5,comuna 05,66,comando,0,14971,10461,neg
2023,G,provisorio,DIP_CABA,CABA,5,comuna 05,66,fit-u,569,14971,10461,otro
2023,G,provisorio,DIP_CABA,CABA,5,comuna 05,66,impugnado,0,14971,10461,neg
2023,G,provisorio,DIP_CABA,CABA,5,comuna 05,66,juntos por el cambio,4394,14971,10461,jxc-pro
2023,G,provisorio,DIP_CABA,CABA,5,comuna 05,66,la libertad avanza,1247,14971,10461,la libertad avanza
2023,G,provisorio,DIP_CABA,CABA,5,comuna 05,66,nulo,60,14971,10461,neg
2023,G,provisorio,DIP_CABA,CABA,5,comuna 05,66,recurrido,2,14971,10461,neg
2023,G,provisorio,DIP_CABA,CABA,5,comuna 05,66,union por la patria,3256,14971,10461,pj
2023,G,provisorio,DIP_CABA,CABA,5,comuna 05,67,blanco,1509,22772,15559,neg
2023,G,provisorio,DIP_CABA,CABA,5,comuna 05,67,comando,0,22772,15559,neg
2023,G,provisorio,DIP_CABA,CABA,5,comuna 05,67,fit-u,862,22772,15559,otro
2023,G,provisorio,DIP_CABA,CABA,5,comuna 05,67,impugnado,0,22772,15559,neg
2023,G,provisorio,DIP_CABA,CABA,5,comuna 05,67,juntos por el cambio,6558,22772,15559,jxc-pro
2023,G,provisorio,DIP_CABA,CABA,5,comuna 05,67,la libertad avanza,1705,22772,15559,la libertad avanza
2023,G,provisorio,DIP_CABA,CABA,5,comuna 05,67,nulo,136,22772,15559,neg
2023,G,provisorio,DIP_CABA,CABA,5,comuna 05,67,recurrido,3,22772,15559,neg
2023,G,provisorio,DIP_CABA,CABA,5,comuna 05,67,union por la patria,4786,22772,15559,pj
2023,G,provisorio,DIP_CABA,CABA,6,comuna 06,68,blanco,1508,21681,15771,neg
2023,G,provisorio,DIP_CABA,CABA,6,comuna 06,68,comando,19,21681,15771,neg
2023,G,provisorio,DIP_CABA,CABA,6,comuna 06,68,fit-u,889,21681,15771,otro
2023,G,provisorio,DIP_CABA,CABA,6,comuna 06,68,impugnado,0,21681,15771,neg
2023,G,provisorio,DIP_CABA,CABA,6,comuna 06,68,juntos por el cambio,6910,21681,15771,jxc-pro
2023,G,provisorio,DIP_CABA,CABA,6,comuna 06,68,la libertad avanza,1487,21681,15771,la libertad avanza
2023,G,provisorio,DIP_CABA,CABA,6,comuna 06,68,nulo,87,21681,15771,neg
2023,G,provisorio,DIP_CABA,CABA,6,comuna 06,68,recurrido,5,21681,15771,neg
2023,G,provisorio,DIP_CABA,CABA,6,comuna 06,68,union por la patria,4866,21681,15771,pj
2023,G,provisorio,DIP_CABA,CABA,6,comuna 06,69,blanco,1793,31071,22908,neg
2023,G,provisorio,DIP_CABA,CABA,6,comuna 06,69,comando,18,31071,22908,neg
2023,G,provisorio,DIP_CABA,CABA,6,comuna 06,69,fit-u,1001,31071,22908,otro
2023,G,provisorio,DIP_CABA,CABA,6,comuna 06,69,impugnado,0,31071,22908,neg
2023,G,provisorio,DIP_CABA,CABA,6,comuna 06,69,juntos por el cambio,11827,31071,22908,jxc-pro
2023,G,provisorio,DIP_CABA,CABA,6,comuna 06,69,la libertad avanza,2339,31071,22908,la libertad avanza
2023,G,provisorio,DIP_CABA,CABA,6,comuna 06,69,nulo,125,31071,22908,neg
2023,G,provisorio,DIP_CABA,CABA,6,comuna 06,69,recurrido,3,31071,22908,neg
2023,G,provisorio,DIP_CABA,CABA,6,comuna 06,69,union por la patria,5802,31071,22908,pj
2023,G,provisorio,DIP_CABA,CABA,6,comuna 06,70,blanco,1959,29257,20931,neg
2023,G,provisorio,DIP_CABA,CABA,6,comuna 06,70,comando,12,29257,20931,neg
2023,G,provisorio,DIP_CABA,CABA,6,comuna 06,70,fit-u,1047,29257,20931,otro
2023,G,provisorio,DIP_CABA,CABA,6,comuna 06,70,impugnado,66,29257,20931,neg
2023,G,provisorio,DIP_CABA,CABA,6,comuna 06,70,juntos por el cambio,9351,29257,20931,jxc-pro
2023,G,provisorio,DIP_CABA,CABA,6,comuna 06,70,la libertad avanza,2126,29257,20931,la libertad avanza
2023,G,provisorio,DIP_CABA,CABA,6,comuna 06,70,nulo,122,29257,20931,neg
2023,G,provisorio,DIP_CABA,CABA,6,comuna 06,70,recurrido,8,29257,20931,neg
2023,G,provisorio,DIP_CABA,CABA,6,comuna 06,70,union por la patria,6240,29257,20931,pj
2023,G,provisorio,DIP_CABA,CABA,6,comuna 06,71,blanco,2091,34687,24748,neg
2023,G,provisorio,DIP_CABA,CABA,6,comuna 06,71,comando,15,34687,24748,neg
2023,G,provisorio,DIP_CABA,CABA,6,comuna 06,71,fit-u,1118,34687,24748,otro
2023,G,provisorio,DIP_CABA,CABA,6,comuna 06,71,impugnado,4,34687,24748,neg
2023,G,provisorio,DIP_CABA,CABA,6,comuna 06,71,juntos por el cambio,12278,34687,24748,jxc-pro
2023,G,provisorio,DIP_CABA,CABA,6,comuna 06,71,la libertad avanza,2605,34687,24748,la libertad avanza
2023,G,provisorio,DIP_CABA,CABA,6,comuna 06,71,nulo,114,34687,24748,neg
2023,G,provisorio,DIP_CABA,CABA,6,comuna 06,71,recurrido,6,34687,24748,neg
2023,G,provisorio,DIP_CABA,CABA,6,comuna 06,71,union por la patria,6517,34687,24748,pj
2023,G,provisorio,DIP_CABA,CABA,6,comuna 06,72,blanco,1096,14636,10560,neg
2023,G,provisorio,DIP_CABA,CABA,6,comuna 06,72,comando,12,14636,10560,neg
2023,G,provisorio,DIP_CABA,CABA,6,comuna 06,72,fit-u,584,14636,10560,otro
2023,G,provisorio,DIP_CABA,CABA,6,comuna 06,72,impugnado,0,14636,10560,neg
2023,G,provisorio,DIP_CABA,CABA,6,comuna 06,72,juntos por el cambio,4267,14636,10560,jxc-pro
2023,G,provisorio,DIP_CABA,CABA,6,comuna 06,72,la libertad avanza,1158,14636,10560,la libertad avanza
2023,G,provisorio,DIP_CABA,CABA,6,comuna 06,72,nulo,77,14636,10560,neg
2023,G,provisorio,DIP_CABA,CABA,6,comuna 06,72,recurrido,4,14636,10560,neg
2023,G,provisorio,DIP_CABA,CABA,6,comuna 06,72,union por la patria,3362,14636,10560,pj
2023,G,provisorio,DIP_CABA,CABA,6,comuna 06,73,blanco,1273,19093,13916,neg
2023,G,provisorio,DIP_CABA,CABA,6,comuna 06,73,comando,11,19093,13916,neg
2023,G,provisorio,DIP_CABA,CABA,6,comuna 06,73,fit-u,846,19093,13916,otro
2023,G,provisorio,DIP_CABA,CABA,6,comuna 06,73,impugnado,114,19093,13916,neg
2023,G,provisorio,DIP_CABA,CABA,6,comuna 06,73,juntos por el cambio,6011,19093,13916,jxc-pro
2023,G,provisorio,DIP_CABA,CABA,6,comuna 06,73,la libertad avanza,1308,19093,13916,la libertad avanza
2023,G,provisorio,DIP_CABA,CABA,6,comuna 06,73,nulo,74,19093,13916,neg
2023,G,provisorio,DIP_CABA,CABA,6,comuna 06,73,recurrido,7,19093,13916,neg
2023,G,provisorio,DIP_CABA,CABA,6,comuna 06,73,union por la patria,4272,19093,13916,pj
2023,G,provisorio,DIP_CABA,CABA,6,comuna 06,74,blanco,1576,26165,19355,neg
2023,G,provisorio,DIP_CABA,CABA,6,comuna 06,74,comando,14,26165,19355,neg
2023,G,provisorio,DIP_CABA,CABA,6,comuna 06,74,fit-u,816,26165,19355,otro
2023,G,provisorio,DIP_CABA,CABA,6,comuna 06,74,impugnado,0,26165,19355,neg
2023,G,provisorio,DIP_CABA,CABA,6,comuna 06,74,juntos por el cambio,10052,26165,19355,jxc-pro
2023,G,provisorio,DIP_CABA,CABA,6,comuna 06,74,la libertad avanza,2023,26165,19355,la libertad avanza
2023,G,provisorio,DIP_CABA,CABA,6,comuna 06,74,nulo,99,26165,19355,neg
2023,G,provisorio,DIP_CABA,CABA,6,comuna 06,74,recurrido,2,26165,19355,neg
2023,G,provisorio,DIP_CABA,CABA,6,comuna 06,74,union por la patria,4773,26165,19355,pj
2023,G,provisorio,DIP_CABA,CABA,7,comuna 07,75,blanco,843,11130,8421,neg
2023,G,provisorio,DIP_CABA,CABA,7,comuna 07,75,comando,9,11130,8421,neg
2023,G,provisorio,DIP_CABA,CABA,7,comuna 07,75,fit-u,425,11130,8421,otro
2023,G,provisorio,DIP_CABA,CABA,7,comuna 07,75,impugnado,0,11130,8421,neg
2023,G,provisorio,DIP_CABA,CABA,7,comuna 07,75,juntos por el cambio,3642,11130,8421,jxc-pro
2023,G,provisorio,DIP_CABA,CABA,7,comuna 07,75,la libertad avanza,913,11130,8421,la libertad avanza
2023,G,provisorio,DIP_CABA,CABA,7,comuna 07,75,nulo,53,11130,8421,neg
2023,G,provisorio,DIP_CABA,CABA,7,comuna 07,75,recurrido,1,11130,8421,neg
2023,G,provisorio,DIP_CABA,CABA,7,comuna 07,75,union por la patria,2535,11130,8421,pj
2023,G,provisorio,DIP_CABA,CABA,7,comuna 07,76,blanco,1364,17691,13338,neg
2023,G,provisorio,DIP_CABA,CABA,7,comuna 07,76,comando,9,17691,13338,neg
2023,G,provisorio,DIP_CABA,CABA,7,comuna 07,76,fit-u,682,17691,13338,otro
2023,G,provisorio,DIP_CABA,CABA,7,comuna 07,76,impugnado,0,17691,13338,neg
2023,G,provisorio,DIP_CABA,CABA,7,comuna 07,76,juntos por el cambio,5800,17691,13338,jxc-pro
2023,G,provisorio,DIP_CABA,CABA,7,comuna 07,76,la libertad avanza,1454,17691,13338,la libertad avanza
2023,G,provisorio,DIP_CABA,CABA,7,comuna 07,76,nulo,61,17691,13338,neg
2023,G,provisorio,DIP_CABA,CABA,7,comuna 07,76,recurrido,3,17691,13338,neg
2023,G,provisorio,DIP_CABA,CABA,7,comuna 07,76,union por la patria,3965,17691,13338,pj
2023,G,provisorio,DIP_CABA,CABA,7,comuna 07,77,blanco,1463,15232,10793,neg
2023,G,provisorio,DIP_CABA,CABA,7,comuna 07,77,comando,12,15232,10793,neg
2023,G,provisorio,DIP_CABA,CABA,7,comuna 07,77,fit-u,512,15232,10793,otro
2023,G,provisorio,DIP_CABA,CABA,7,comuna 07,77,impugnado,0,15232,10793,neg
2023,G,provisorio,DIP_CABA,CABA,7,comuna 07,77,juntos por el cambio,3853,15232,10793,jxc-pro
2023,G,provisorio,DIP_CABA,CABA,7,comuna 07,77,la libertad avanza,1354,15232,10793,la libertad avanza
2023,G,provisorio,DIP_CABA,CABA,7,comuna 07,77,nulo,66,15232,10793,neg
2023,G,provisorio,DIP_CABA,CABA,7,comuna 07,77,recurrido,5,15232,10793,neg
2023,G,provisorio,DIP_CABA,CABA,7,comuna 07,77,union por la patria,3528,15232,10793,pj
2023,G,provisorio,DIP_CABA,CABA,7,comuna 07,78,blanco,1024,13357,8674,neg
2023,G,provisorio,DIP_CABA,CABA,7,comuna 07,78,comando,5,13357,8674,neg
2023,G,provisorio,DIP_CABA,CABA,7,comuna 07,78,fit-u,432,13357,8674,otro
2023,G,provisorio,DIP_CABA,CABA,7,comuna 07,78,impugnado,0,13357,8674,neg
2023,G,provisorio,DIP_CABA,CABA,7,comuna 07,78,juntos por el cambio,3098,13357,8674,jxc-pro
2023,G,provisorio,DIP_CABA,CABA,7,comuna 07,78,la libertad avanza,1265,13357,8674,la libertad avanza
2023,G,provisorio,DIP_CABA,CABA,7,comuna 07,78,nulo,67,13357,8674,neg
2023,G,provisorio,DIP_CABA,CABA,7,comuna 07,78,recurrido,0,13357,8674,neg
2023,G,provisorio,DIP_CABA,CABA,7,comuna 07,78,union por la patria,2783,13357,8674,pj
2023,G,provisorio,DIP_CABA,CABA,7,comuna 07,79,blanco,1494,17161,10256,neg
2023,G,provisorio,DIP_CABA,CABA,7,comuna 07,79,comando,9,17161,10256,neg
2023,G,provisorio,DIP_CABA,CABA,7,comuna 07,79,fit-u,493,17161,10256,otro
2023,G,provisorio,DIP_CABA,CABA,7,comuna 07,79,impugnado,56,17161,10256,neg
2023,G,provisorio,DIP_CABA,CABA,7,comuna 07,79,juntos por el cambio,4077,17161,10256,jxc-pro
2023,G,provisorio,DIP_CABA,CABA,7,comuna 07,79,la libertad avanza,1416,17161,10256,la libertad avanza
2023,G,provisorio,DIP_CABA,CABA,7,comuna 07,79,nulo,77,17161,10256,neg
2023,G,provisorio,DIP_CABA,CABA,7,comuna 07,79,recurrido,0,17161,10256,neg
2023,G,provisorio,DIP_CABA,CABA,7,comuna 07,79,union por la patria,2634,17161,10256,pj
2023,G,provisorio,DIP_CABA,CABA,7,comuna 07,80,blanco,1231,14693,10846,neg
2023,G,provisorio,DIP_CABA,CABA,7,comuna 07,80,comando,7,14693,10846,neg
2023,G,provisorio,DIP_CABA,CABA,7,comuna 07,80,fit-u,466,14693,10846,otro
2023,G,provisorio,DIP_CABA,CABA,7,comuna 07,80,impugnado,50,14693,10846,neg
2023,G,provisorio,DIP_CABA,CABA,7,comuna 07,80,juntos por el cambio,4863,14693,10846,jxc-pro
2023,G,provisorio,DIP_CABA,CABA,7,comuna 07,80,la libertad avanza,1145,14693,10846,la libertad avanza
2023,G,provisorio,DIP_CABA,CABA,7,comuna 07,80,nulo,87,14693,10846,neg
2023,G,provisorio,DIP_CABA,CABA,7,comuna 07,80,recurrido,2,14693,10846,neg
2023,G,provisorio,DIP_CABA,CABA,7,comuna 07,80,union por la patria,2995,14693,10846,pj
2023,G,provisorio,DIP_CABA,CABA,7,comuna 07,81,blanco,1068,14269,9993,neg
2023,G,provisorio,DIP_CABA,CABA,7,comuna 07,81,comando,5,14269,9993,neg
2023,G,provisorio,DIP_CABA,CABA,7,comuna 07,81,fit-u,429,14269,9993,otro
2023,G,provisorio,DIP_CABA,CABA,7,comuna 07,81,impugnado,1,14269,9993,neg
2023,G,provisorio,DIP_CABA,CABA,7,comuna 07,81,juntos por el cambio,4645,14269,9993,jxc-pro
2023,G,provisorio,DIP_CABA,CABA,7,comuna 07,81,la libertad avanza,1165,14269,9993,la libertad avanza
2023,G,provisorio,DIP_CABA,CABA,7,comuna 07,81,nulo,58,14269,9993,neg
2023,G,provisorio,DIP_CABA,CABA,7,comuna 07,81,recurrido,0,14269,9993,neg
2023,G,provisorio,DIP_CABA,CABA,7,comuna 07,81,union por la patria,2622,14269,9993,pj
2023,G,provisorio,DIP_CABA,CABA,7,comuna 07,82,blanco,1474,17218,11457,neg
2023,G,provisorio,DIP_CABA,CABA,7,comuna 07,82,comando,11,17218,11457,neg
2023,G,provisorio,DIP_CABA,CABA,7,comuna 07,82,fit-u,512,17218,11457,otro
2023,G,provisorio,DIP_CABA,CABA,7,comuna 07,82,impugnado,88,17218,11457,neg
2023,G,provisorio,DIP_CABA,CABA,7,comuna 07,82,juntos por el cambio,4729,17218,11457,jxc-pro
2023,G,provisorio,DIP_CABA,CABA,7,comuna 07,82,la libertad avanza,1514,17218,11457,la libertad avanza
2023,G,provisorio,DIP_CABA,CABA,7,comuna 07,82,nulo,71,17218,11457,neg
2023,G,provisorio,DIP_CABA,CABA,7,comuna 07,82,recurrido,4,17218,11457,neg
2023,G,provisorio,DIP_CABA,CABA,7,comuna 07,82,union por la patria,3054,17218,11457,pj
2023,G,provisorio,DIP_CABA,CABA,7,comuna 07,83,blanco,1636,22502,16182,neg
2023,G,provisorio,DIP_CABA,CABA,7,comuna 07,83,comando,16,22502,16182,neg
2023,G,provisorio,DIP_CABA,CABA,7,comuna 07,83,fit-u,621,22502,16182,otro
2023,G,provisorio,DIP_CABA,CABA,7,comuna 07,83,impugnado,2,22502,16182,neg
2023,G,provisorio,DIP_CABA,CABA,7,comuna 07,83,juntos por el cambio,8180,22502,16182,jxc-pro
2023,G,provisorio,DIP_CABA,CABA,7,comuna 07,83,la libertad avanza,1810,22502,16182,la libertad avanza
2023,G,provisorio,DIP_CABA,CABA,7,comuna 07,83,nulo,92,22502,16182,neg
2023,G,provisorio,DIP_CABA,CABA,7,comuna 07,83,recurrido,3,22502,16182,neg
2023,G,provisorio,DIP_CABA,CABA,7,comuna 07,83,union por la patria,3822,22502,16182,pj
2023,G,provisorio,DIP_CABA,CABA,7,comuna 07,84,blanco,1120,12714,9204,neg
2023,G,provisorio,DIP_CABA,CABA,7,comuna 07,84,comando,10,12714,9204,neg
2023,G,provisorio,DIP_CABA,CABA,7,comuna 07,84,fit-u,488,12714,9204,otro
2023,G,provisorio,DIP_CABA,CABA,7,comuna 07,84,impugnado,1,12714,9204,neg
2023,G,provisorio,DIP_CABA,CABA,7,comuna 07,84,juntos por el cambio,3619,12714,9204,jxc-pro
2023,G,provisorio,DIP_CABA,CABA,7,comuna 07,84,la libertad avanza,1173,12714,9204,la libertad avanza
2023,G,provisorio,DIP_CABA,CABA,7,comuna 07,84,nulo,39,12714,9204,neg
2023,G,provisorio,DIP_CABA,CABA,7,comuna 07,84,recurrido,5,12714,9204,neg
2023,G,provisorio,DIP_CABA,CABA,7,comuna 07,84,union por la patria,2749,12714,9204,pj
2023,G,provisorio,DIP_CABA,CABA,7,comuna 07,85,blanco,626,8379,6387,neg
2023,G,provisorio,DIP_CABA,CABA,7,comuna 07,85,comando,7,8379,6387,neg
2023,G,provisorio,DIP_CABA,CABA,7,comuna 07,85,fit-u,288,8379,6387,otro
2023,G,provisorio,DIP_CABA,CABA,7,comuna 07,85,impugnado,0,8379,6387,neg
2023,G,provisorio,DIP_CABA,CABA,7,comuna 07,85,juntos por el cambio,2907,8379,6387,jxc-pro
2023,G,provisorio,DIP_CABA,CABA,7,comuna 07,85,la libertad avanza,740,8379,6387,la libertad avanza
2023,G,provisorio,DIP_CABA,CABA,7,comuna 07,85,nulo,32,8379,6387,neg
2023,G,provisorio,DIP_CABA,CABA,7,comuna 07,85,recurrido,3,8379,6387,neg
2023,G,provisorio,DIP_CABA,CABA,7,comuna 07,85,union por la patria,1784,8379,6387,pj
2023,G,provisorio,DIP_CABA,CABA,7,comuna 07,86,blanco,4623,57515,28800,neg
2023,G,provisorio,DIP_CABA,CABA,7,comuna 07,86,comando,21,57515,28800,neg
2023,G,provisorio,DIP_CABA,CABA,7,comuna 07,86,fit-u,1678,57515,28800,otro
2023,G,provisorio,DIP_CABA,CABA,7,comuna 07,86,impugnado,528,57515,28800,neg
2023,G,provisorio,DIP_CABA,CABA,7,comuna 07,86,juntos por el cambio,5950,57515,28800,jxc-pro
2023,G,provisorio,DIP_CABA,CABA,7,comuna 07,86,la libertad avanza,5655,57515,28800,la libertad avanza
2023,G,provisorio,DIP_CABA,CABA,7,comuna 07,86,nulo,239,57515,28800,neg
2023,G,provisorio,DIP_CABA,CABA,7,comuna 07,86,recurrido,9,57515,28800,neg
2023,G,provisorio,DIP_CABA,CABA,7,comuna 07,86,union por la patria,10097,57515,28800,pj
2023,G,provisorio,DIP_CABA,CABA,8,comuna 08,87,blanco,5488,48874,28272,neg
2023,G,provisorio,DIP_CABA,CABA,8,comuna 08,87,comando,18,48874,28272,neg
2023,G,provisorio,DIP_CABA,CABA,8,comuna 08,87,fit-u,1532,48874,28272,otro
2023,G,provisorio,DIP_CABA,CABA,8,comuna 08,87,impugnado,201,48874,28272,neg
2023,G,provisorio,DIP_CABA,CABA,8,comuna 08,87,juntos por el cambio,5945,48874,28272,jxc-pro
2023,G,provisorio,DIP_CABA,CABA,8,comuna 08,87,la libertad avanza,4485,48874,28272,la libertad avanza
2023,G,provisorio,DIP_CABA,CABA,8,comuna 08,87,nulo,322,48874,28272,neg
2023,G,provisorio,DIP_CABA,CABA,8,comuna 08,87,recurrido,5,48874,28272,neg
2023,G,provisorio,DIP_CABA,CABA,8,comuna 08,87,union por la patria,10276,48874,28272,pj
2023,G,provisorio,DIP_CABA,CABA,8,comuna 08,88,blanco,1940,17685,12766,neg
2023,G,provisorio,DIP_CABA,CABA,8,comuna 08,88,comando,4,17685,12766,neg
2023,G,provisorio,DIP_CABA,CABA,8,comuna 08,88,fit-u,492,17685,12766,otro
2023,G,provisorio,DIP_CABA,CABA,8,comuna 08,88,impugnado,0,17685,12766,neg
2023,G,provisorio,DIP_CABA,CABA,8,comuna 08,88,juntos por el cambio,4852,17685,12766,jxc-pro
2023,G,provisorio,DIP_CABA,CABA,8,comuna 08,88,la libertad avanza,1973,17685,12766,la libertad avanza
2023,G,provisorio,DIP_CABA,CABA,8,comuna 08,88,nulo,107,17685,12766,neg
2023,G,provisorio,DIP_CABA,CABA,8,comuna 08,88,recurrido,1,17685,12766,neg
2023,G,provisorio,DIP_CABA,CABA,8,comuna 08,88,union por la patria,3397,17685,12766,pj
2023,G,provisorio,DIP_CABA,CABA,8,comuna 08,89,blanco,6796,72698,43385,neg
2023,G,provisorio,DIP_CABA,CABA,8,comuna 08,89,comando,30,72698,43385,neg
2023,G,provisorio,DIP_CABA,CABA,8,comuna 08,89,fit-u,1969,72698,43385,otro
2023,G,provisorio,DIP_CABA,CABA,8,comuna 08,89,impugnado,330,72698,43385,neg
2023,G,provisorio,DIP_CABA,CABA,8,comuna 08,89,juntos por el cambio,11561,72698,43385,jxc-pro
2023,G,provisorio,DIP_CABA,CABA,8,comuna 08,89,la libertad avanza,7460,72698,43385,la libertad avanza
2023,G,provisorio,DIP_CABA,CABA,8,comuna 08,89,nulo,405,72698,43385,neg
2023,G,provisorio,DIP_CABA,CABA,8,comuna 08,89,recurrido,192,72698,43385,neg
2023,G,provisorio,DIP_CABA,CABA,8,comuna 08,89,union por la patria,14642,72698,43385,pj
2023,G,provisorio,DIP_CABA,CABA,8,comuna 08,90,blanco,6813,60067,37753,neg
2023,G,provisorio,DIP_CABA,CABA,8,comuna 08,90,comando,20,60067,37753,neg
2023,G,provisorio,DIP_CABA,CABA,8,comuna 08,90,fit-u,1574,60067,37753,otro
2023,G,provisorio,DIP_CABA,CABA,8,comuna 08,90,impugnado,272,60067,37753,neg
2023,G,provisorio,DIP_CABA,CABA,8,comuna 08,90,juntos por el cambio,10316,60067,37753,jxc-pro
2023,G,provisorio,DIP_CABA,CABA,8,comuna 08,90,la libertad avanza,5727,60067,37753,la libertad avanza
2023,G,provisorio,DIP_CABA,CABA,8,comuna 08,90,nulo,354,60067,37753,neg
2023,G,provisorio,DIP_CABA,CABA,8,comuna 08,90,recurrido,11,60067,37753,neg
2023,G,provisorio,DIP_CABA,CABA,8,comuna 08,90,union por la patria,12666,60067,37753,pj
2023,G,provisorio,DIP_CABA,CABA,9,comuna 09,91,blanco,1446,15840,9172,neg
2023,G,provisorio,DIP_CABA,CABA,9,comuna 09,91,comando,10,15840,9172,neg
2023,G,provisorio,DIP_CABA,CABA,9,comuna 09,91,fit-u,470,15840,9172,otro
2023,G,provisorio,DIP_CABA,CABA,9,comuna 09,91,impugnado,5,15840,9172,neg
2023,G,provisorio,DIP_CABA,CABA,9,comuna 09,91,juntos por el cambio,1837,15840,9172,jxc-pro
2023,G,provisorio,DIP_CABA,CABA,9,comuna 09,91,la libertad avanza,1929,15840,9172,la libertad avanza
2023,G,provisorio,DIP_CABA,CABA,9,comuna 09,91,nulo,135,15840,9172,neg
2023,G,provisorio,DIP_CABA,CABA,9,comuna 09,91,recurrido,0,15840,9172,neg
2023,G,provisorio,DIP_CABA,CABA,9,comuna 09,91,union por la patria,3340,15840,9172,pj
2023,G,provisorio,DIP_CABA,CABA,9,comuna 09,92,blanco,1409,16713,11329,neg
2023,G,provisorio,DIP_CABA,CABA,9,comuna 09,92,comando,11,16713,11329,neg
2023,G,provisorio,DIP_CABA,CABA,9,comuna 09,92,fit-u,643,16713,11329,otro
2023,G,provisorio,DIP_CABA,CABA,9,comuna 09,92,impugnado,0,16713,11329,neg
2023,G,provisorio,DIP_CABA,CABA,9,comuna 09,92,juntos por el cambio,3879,16713,11329,jxc-pro
2023,G,provisorio,DIP_CABA,CABA,9,comuna 09,92,la libertad avanza,1788,16713,11329,la libertad avanza
2023,G,provisorio,DIP_CABA,CABA,9,comuna 09,92,nulo,103,16713,11329,neg
2023,G,provisorio,DIP_CABA,CABA,9,comuna 09,92,recurrido,0,16713,11329,neg
2023,G,provisorio,DIP_CABA,CABA,9,comuna 09,92,union por la patria,3496,16713,11329,pj
2023,G,provisorio,DIP_CABA,CABA,9,comuna 09,93,blanco,863,9688,6430,neg
2023,G,provisorio,DIP_CABA,CABA,9,comuna 09,93,comando,3,9688,6430,neg
2023,G,provisorio,DIP_CABA,CABA,9,comuna 09,93,fit-u,324,9688,6430,otro
2023,G,provisorio,DIP_CABA,CABA,9,comuna 09,93,impugnado,0,9688,6430,neg
2023,G,provisorio,DIP_CABA,CABA,9,comuna 09,93,juntos por el cambio,2115,9688,6430,jxc-pro
2023,G,provisorio,DIP_CABA,CABA,9,comuna 09,93,la libertad avanza,930,9688,6430,la libertad avanza
2023,G,provisorio,DIP_CABA,CABA,9,comuna 09,93,nulo,53,9688,6430,neg
2023,G,provisorio,DIP_CABA,CABA,9,comuna 09,93,recurrido,46,9688,6430,neg
2023,G,provisorio,DIP_CABA,CABA,9,comuna 09,93,union por la patria,2096,9688,6430,pj
2023,G,provisorio,DIP_CABA,CABA,9,comuna 09,94,blanco,884,12203,8214,neg
2023,G,provisorio,DIP_CABA,CABA,9,comuna 09,94,comando,8,12203,8214,neg
2023,G,provisorio,DIP_CABA,CABA,9,comuna 09,94,fit-u,480,12203,8214,otro
2023,G,provisorio,DIP_CABA,CABA,9,comuna 09,94,impugnado,0,12203,8214,neg
2023,G,provisorio,DIP_CABA,CABA,9,comuna 09,94,juntos por el cambio,2939,12203,8214,jxc-pro
2023,G,provisorio,DIP_CABA,CABA,9,comuna 09,94,la libertad avanza,1113,12203,8214,la libertad avanza
2023,G,provisorio,DIP_CABA,CABA,9,comuna 09,94,nulo,49,12203,8214,neg
2023,G,provisorio,DIP_CABA,CABA,9,comuna 09,94,recurrido,6,12203,8214,neg
2023,G,provisorio,DIP_CABA,CABA,9,comuna 09,94,union por la patria,2735,12203,8214,pj
2023,G,provisorio,DIP_CABA,CABA,9,comuna 09,95,blanco,1450,20393,13606,neg
2023,G,provisorio,DIP_CABA,CABA,9,comuna 09,95,comando,16,20393,13606,neg
2023,G,provisorio,DIP_CABA,CABA,9,comuna 09,95,fit-u,631,20393,13606,otro
2023,G,provisorio,DIP_CABA,CABA,9,comuna 09,95,impugnado,0,20393,13606,neg
2023,G,provisorio,DIP_CABA,CABA,9,comuna 09,95,juntos por el cambio,5283,20393,13606,jxc-pro
2023,G,provisorio,DIP_CABA,CABA,9,comuna 09,95,la libertad avanza,1910,20393,13606,la libertad avanza
2023,G,provisorio,DIP_CABA,CABA,9,comuna 09,95,nulo,102,20393,13606,neg
2023,G,provisorio,DIP_CABA,CABA,9,comuna 09,95,recurrido,2,20393,13606,neg
2023,G,provisorio,DIP_CABA,CABA,9,comuna 09,95,union por la patria,4212,20393,13606,pj
2023,G,provisorio,DIP_CABA,CABA,9,comuna 09,96,blanco,1491,15738,10362,neg
2023,G,provisorio,DIP_CABA,CABA,9,comuna 09,96,comando,11,15738,10362,neg
2023,G,provisorio,DIP_CABA,CABA,9,comuna 09,96,fit-u,553,15738,10362,otro
2023,G,provisorio,DIP_CABA,CABA,9,comuna 09,96,impugnado,0,15738,10362,neg
2023,G,provisorio,DIP_CABA,CABA,9,comuna 09,96,juntos por el cambio,3286,15738,10362,jxc-pro
2023,G,provisorio,DIP_CABA,CABA,9,comuna 09,96,la libertad avanza,1534,15738,10362,la libertad avanza
2023,G,provisorio,DIP_CABA,CABA,9,comuna 09,96,nulo,133,15738,10362,neg
2023,G,provisorio,DIP_CABA,CABA,9,comuna 09,96,recurrido,12,15738,10362,neg
2023,G,provisorio,DIP_CABA,CABA,9,comuna 09,96,union por la patria,3342,15738,10362,pj
2023,G,provisorio,DIP_CABA,CABA,9,comuna 09,97,blanco,1294,13316,9474,neg
2023,G,provisorio,DIP_CABA,CABA,9,comuna 09,97,comando,9,13316,9474,neg
2023,G,provisorio,DIP_CABA,CABA,9,comuna 09,97,fit-u,418,13316,9474,otro
2023,G,provisorio,DIP_CABA,CABA,9,comuna 09,97,impugnado,0,13316,9474,neg
2023,G,provisorio,DIP_CABA,CABA,9,comuna 09,97,juntos por el cambio,3067,13316,9474,jxc-pro
2023,G,provisorio,DIP_CABA,CABA,9,comuna 09,97,la libertad avanza,1326,13316,9474,la libertad avanza
2023,G,provisorio,DIP_CABA,CABA,9,comuna 09,97,nulo,56,13316,9474,neg
2023,G,provisorio,DIP_CABA,CABA,9,comuna 09,97,recurrido,1,13316,9474,neg
2023,G,provisorio,DIP_CABA,CABA,9,comuna 09,97,union por la patria,3303,13316,9474,pj
2023,G,provisorio,DIP_CABA,CABA,9,comuna 09,98,blanco,1948,23617,17441,neg
2023,G,provisorio,DIP_CABA,CABA,9,comuna 09,98,comando,15,23617,17441,neg
2023,G,provisorio,DIP_CABA,CABA,9,comuna 09,98,fit-u,737,23617,17441,otro
2023,G,provisorio,DIP_CABA,CABA,9,comuna 09,98,impugnado,9,23617,17441,neg
2023,G,provisorio,DIP_CABA,CABA,9,comuna 09,98,juntos por el cambio,7196,23617,17441,jxc-pro
2023,G,provisorio,DIP_CABA,CABA,9,comuna 09,98,la libertad avanza,2352,23617,17441,la libertad avanza
2023,G,provisorio,DIP_CABA,CABA,9,comuna 09,98,nulo,128,23617,17441,neg
2023,G,provisorio,DIP_CABA,CABA,9,comuna 09,98,recurrido,4,23617,17441,neg
2023,G,provisorio,DIP_CABA,CABA,9,comuna 09,98,union por la patria,5052,23617,17441,pj
2023,G,provisorio,DIP_CABA,CABA,9,comuna 09,99,blanco,1151,11714,9010,neg
2023,G,provisorio,DIP_CABA,CABA,9,comuna 09,99,comando,10,11714,9010,neg
2023,G,provisorio,DIP_CABA,CABA,9,comuna 09,99,fit-u,372,11714,9010,otro
2023,G,provisorio,DIP_CABA,CABA,9,comuna 09,99,impugnado,0,11714,9010,neg
2023,G,provisorio,DIP_CABA,CABA,9,comuna 09,99,juntos por el cambio,3957,11714,9010,jxc-pro
2023,G,provisorio,DIP_CABA,CABA,9,comuna 09,99,la libertad avanza,1131,11714,9010,la libertad avanza
2023,G,provisorio,DIP_CABA,CABA,9,comuna 09,99,nulo,74,11714,9010,neg
2023,G,provisorio,DIP_CABA,CABA,9,comuna 09,99,recurrido,0,11714,9010,neg
2023,G,provisorio,DIP_CABA,CABA,9,comuna 09,99,union por la patria,2315,11714,9010,pj
2023,G,provisorio,DIP_CABA,CABA,9,comuna 09,100,blanco,1435,15123,11662,neg
2023,G,provisorio,DIP_CABA,CABA,9,comuna 09,100,comando,13,15123,11662,neg
2023,G,provisorio,DIP_CABA,CABA,9,comuna 09,100,fit-u,484,15123,11662,otro
2023,G,provisorio,DIP_CABA,CABA,9,comuna 09,100,impugnado,0,15123,11662,neg
2023,G,provisorio,DIP_CABA,CABA,9,comuna 09,100,juntos por el cambio,5125,15123,11662,jxc-pro
2023,G,provisorio,DIP_CABA,CABA,9,comuna 09,100,la libertad avanza,1424,15123,11662,la libertad avanza
2023,G,provisorio,DIP_CABA,CABA,9,comuna 09,100,nulo,74,15123,11662,neg
2023,G,provisorio,DIP_CABA,CABA,9,comuna 09,100,recurrido,1,15123,11662,neg
2023,G,provisorio,DIP_CABA,CABA,9,comuna 09,100,union por la patria,3106,15123,11662,pj
2023,G,provisorio,DIP_CABA,CABA,9,comuna 09,101,blanco,1751,20573,13381,neg
2023,G,provisorio,DIP_CABA,CABA,9,comuna 09,101,comando,16,20573,13381,neg
2023,G,provisorio,DIP_CABA,CABA,9,comuna 09,101,fit-u,639,20573,13381,otro
2023,G,provisorio,DIP_CABA,CABA,9,comuna 09,101,impugnado,1,20573,13381,neg
2023,G,provisorio,DIP_CABA,CABA,9,comuna 09,101,juntos por el cambio,5491,20573,13381,jxc-pro
2023,G,provisorio,DIP_CABA,CABA,9,comuna 09,101,la libertad avanza,1742,20573,13381,la libertad avanza
2023,G,provisorio,DIP_CABA,CABA,9,comuna 09,101,nulo,142,20573,13381,neg
2023,G,provisorio,DIP_CABA,CABA,9,comuna 09,101,recurrido,6,20573,13381,neg
2023,G,provisorio,DIP_CABA,CABA,9,comuna 09,101,union por la patria,3593,20573,13381,pj
2023,G,provisorio,DIP_CABA,CABA,10,comuna 10,102,blanco,971,13953,10760,neg
2023,G,provisorio,DIP_CABA,CABA,10,comuna 10,102,comando,10,13953,10760,neg
2023,G,provisorio,DIP_CABA,CABA,10,comuna 10,102,fit-u,506,13953,10760,otro
2023,G,provisorio,DIP_CABA,CABA,10,comuna 10,102,impugnado,0,13953,10760,neg
2023,G,provisorio,DIP_CABA,CABA,10,comuna 10,102,juntos por el cambio,4982,13953,10760,jxc-pro
2023,G,provisorio,DIP_CABA,CABA,10,comuna 10,102,la libertad avanza,1343,13953,10760,la libertad avanza
2023,G,provisorio,DIP_CABA,CABA,10,comuna 10,102,nulo,80,13953,10760,neg
2023,G,provisorio,DIP_CABA,CABA,10,comuna 10,102,recurrido,0,13953,10760,neg
2023,G,provisorio,DIP_CABA,CABA,10,comuna 10,102,union por la patria,2868,13953,10760,pj
2023,G,provisorio,DIP_CABA,CABA,10,comuna 10,103,blanco,1090,13338,9870,neg
2023,G,provisorio,DIP_CABA,CABA,10,comuna 10,103,comando,6,13338,9870,neg
2023,G,provisorio,DIP_CABA,CABA,10,comuna 10,103,fit-u,445,13338,9870,otro
2023,G,provisorio,DIP_CABA,CABA,10,comuna 10,103,impugnado,0,13338,9870,neg
2023,G,provisorio,DIP_CABA,CABA,10,comuna 10,103,juntos por el cambio,4277,13338,9870,jxc-pro
2023,G,provisorio,DIP_CABA,CABA,10,comuna 10,103,la libertad avanza,1379,13338,9870,la libertad avanza
2023,G,provisorio,DIP_CABA,CABA,10,comuna 10,103,nulo,59,13338,9870,neg
2023,G,provisorio,DIP_CABA,CABA,10,comuna 10,103,recurrido,4,13338,9870,neg
2023,G,provisorio,DIP_CABA,CABA,10,comuna 10,103,union por la patria,2610,13338,9870,pj
2023,G,provisorio,DIP_CABA,CABA,10,comuna 10,104,blanco,998,13058,8850,neg
2023,G,provisorio,DIP_CABA,CABA,10,comuna 10,104,comando,5,13058,8850,neg
2023,G,provisorio,DIP_CABA,CABA,10,comuna 10,104,fit-u,422,13058,8850,otro
2023,G,provisorio,DIP_CABA,CABA,10,comuna 10,104,impugnado,9,13058,8850,neg
2023,G,provisorio,DIP_CABA,CABA,10,comuna 10,104,juntos por el cambio,3642,13058,8850,jxc-pro
2023,G,provisorio,DIP_CABA,CABA,10,comuna 10,104,la libertad avanza,1135,13058,8850,la libertad avanza
2023,G,provisorio,DIP_CABA,CABA,10,comuna 10,104,nulo,73,13058,8850,neg
2023,G,provisorio,DIP_CABA,CABA,10,comuna 10,104,recurrido,5,13058,8850,neg
2023,G,provisorio,DIP_CABA,CABA,10,comuna 10,104,union por la patria,2561,13058,8850,pj
2023,G,provisorio,DIP_CABA,CABA,10,comuna 10,105,blanco,1587,20159,14667,neg
2023,G,provisorio,DIP_CABA,CABA,10,comuna 10,105,comando,9,20159,14667,neg
2023,G,provisorio,DIP_CABA,CABA,10,comuna 10,105,fit-u,754,20159,14667,otro
2023,G,provisorio,DIP_CABA,CABA,10,comuna 10,105,impugnado,4,20159,14667,neg
2023,G,provisorio,DIP_CABA,CABA,10,comuna 10,105,juntos por el cambio,6418,20159,14667,jxc-pro
2023,G,provisorio,DIP_CABA,CABA,10,comuna 10,105,la libertad avanza,1695,20159,14667,la libertad avanza
2023,G,provisorio,DIP_CABA,CABA,10,comuna 10,105,nulo,117,20159,14667,neg
2023,G,provisorio,DIP_CABA,CABA,10,comuna 10,105,recurrido,2,20159,14667,neg
2023,G,provisorio,DIP_CABA,CABA,10,comuna 10,105,union por la patria,4081,20159,14667,pj
2023,G,provisorio,DIP_CABA,CABA,10,comuna 10,106,blanco,999,12152,9298,neg
2023,G,provisorio,DIP_CABA,CABA,10,comuna 10,106,comando,5,12152,9298,neg
2023,G,provisorio,DIP_CABA,CABA,10,comuna 10,106,fit-u,526,12152,9298,otro
2023,G,provisorio,DIP_CABA,CABA,10,comuna 10,106,impugnado,0,12152,9298,neg
2023,G,provisorio,DIP_CABA,CABA,10,comuna 10,106,juntos por el cambio,3916,12152,9298,jxc-pro
2023,G,provisorio,DIP_CABA,CABA,10,comuna 10,106,la libertad avanza,1108,12152,9298,la libertad avanza
2023,G,provisorio,DIP_CABA,CABA,10,comuna 10,106,nulo,87,12152,9298,neg
2023,G,provisorio,DIP_CABA,CABA,10,comuna 10,106,recurrido,3,12152,9298,neg
2023,G,provisorio,DIP_CABA,CABA,10,comuna 10,106,union por la patria,2654,12152,9298,pj
2023,G,provisorio,DIP_CABA,CABA,10,comuna 10,107,blanco,1687,21031,15785,neg
2023,G,provisorio,DIP_CABA,CABA,10,comuna 10,107,comando,7,21031,15785,neg
2023,G,provisorio,DIP_CABA,CABA,10,comuna 10,107,fit-u,794,21031,15785,otro
2023,G,provisorio,DIP_CABA,CABA,10,comuna 10,107,impugnado,55,21031,15785,neg
2023,G,provisorio,DIP_CABA,CABA,10,comuna 10,107,juntos por el cambio,6651,21031,15785,jxc-pro
2023,G,provisorio,DIP_CABA,CABA,10,comuna 10,107,la libertad avanza,1858,21031,15785,la libertad avanza
2023,G,provisorio,DIP_CABA,CABA,10,comuna 10,107,nulo,94,21031,15785,neg
2023,G,provisorio,DIP_CABA,CABA,10,comuna 10,107,recurrido,4,21031,15785,neg
2023,G,provisorio,DIP_CABA,CABA,10,comuna 10,107,union por la patria,4635,21031,15785,pj
2023,G,provisorio,DIP_CABA,CABA,10,comuna 10,108,blanco,929,12795,9359,neg
2023,G,provisorio,DIP_CABA,CABA,10,comuna 10,108,comando,11,12795,9359,neg
2023,G,provisorio,DIP_CABA,CABA,10,comuna 10,108,fit-u,515,12795,9359,otro
2023,G,provisorio,DIP_CABA,CABA,10,comuna 10,108,impugnado,0,12795,9359,neg
2023,G,provisorio,DIP_CABA,CABA,10,comuna 10,108,juntos por el cambio,3866,12795,9359,jxc-pro
2023,G,provisorio,DIP_CABA,CABA,10,comuna 10,108,la libertad avanza,1121,12795,9359,la libertad avanza
2023,G,provisorio,DIP_CABA,CABA,10,comuna 10,108,nulo,62,12795,9359,neg
2023,G,provisorio,DIP_CABA,CABA,10,comuna 10,108,recurrido,2,12795,9359,neg
2023,G,provisorio,DIP_CABA,CABA,10,comuna 10,108,union por la patria,2853,12795,9359,pj
2023,G,provisorio,DIP_CABA,CABA,10,comuna 10,109,blanco,1592,21401,14704,neg
2023,G,provisorio,DIP_CABA,CABA,10,comuna 10,109,comando,12,21401,14704,neg
2023,G,provisorio,DIP_CABA,CABA,10,comuna 10,109,fit-u,811,21401,14704,otro
2023,G,provisorio,DIP_CABA,CABA,10,comuna 10,109,impugnado,0,21401,14704,neg
2023,G,provisorio,DIP_CABA,CABA,10,comuna 10,109,juntos por el cambio,5896,21401,14704,jxc-pro
2023,G,provisorio,DIP_CABA,CABA,10,comuna 10,109,la libertad avanza,1851,21401,14704,la libertad avanza
2023,G,provisorio,DIP_CABA,CABA,10,comuna 10,109,nulo,113,21401,14704,neg
2023,G,provisorio,DIP_CABA,CABA,10,comuna 10,109,recurrido,15,21401,14704,neg
2023,G,provisorio,DIP_CABA,CABA,10,comuna 10,109,union por la patria,4414,21401,14704,pj
2023,G,provisorio,DIP_CABA,CABA,10,comuna 10,110,blanco,780,10703,7870,neg
2023,G,provisorio,DIP_CABA,CABA,10,comuna 10,110,comando,8,10703,7870,neg
2023,G,provisorio,DIP_CABA,CABA,10,comuna 10,110,fit-u,386,10703,7870,otro
2023,G,provisorio,DIP_CABA,CABA,10,comuna 10,110,impugnado,0,10703,7870,neg
2023,G,provisorio,DIP_CABA,CABA,10,comuna 10,110,juntos por el cambio,3153,10703,7870,jxc-pro
2023,G,provisorio,DIP_CABA,CABA,10,comuna 10,110,la libertad avanza,907,10703,7870,la libertad avanza
2023,G,provisorio,DIP_CABA,CABA,10,comuna 10,110,nulo,50,10703,7870,neg
2023,G,provisorio,DIP_CABA,CABA,10,comuna 10,110,recurrido,0,10703,7870,neg
2023,G,provisorio,DIP_CABA,CABA,10,comuna 10,110,union por la patria,2586,10703,7870,pj
2023,G,provisorio,DIP_CABA,CABA,10,comuna 10,111,blanco,1118,17177,9454,neg
2023,G,provisorio,DIP_CABA,CABA,10,comuna 10,111,comando,5,17177,9454,neg
2023,G,provisorio,DIP_CABA,CABA,10,comuna 10,111,fit-u,521,17177,9454,otro
2023,G,provisorio,DIP_CABA,CABA,10,comuna 10,111,impugnado,71,17177,9454,neg
2023,G,provisorio,DIP_CABA,CABA,10,comuna 10,111,juntos por el cambio,3580,17177,9454,jxc-pro
2023,G,provisorio,DIP_CABA,CABA,10,comuna 10,111,la libertad avanza,1388,17177,9454,la libertad avanza
2023,G,provisorio,DIP_CABA,CABA,10,comuna 10,111,nulo,51,17177,9454,neg
2023,G,provisorio,DIP_CABA,CABA,10,comuna 10,111,recurrido,1,17177,9454,neg
2023,G,provisorio,DIP_CABA,CABA,10,comuna 10,111,union por la patria,2719,17177,9454,pj
2023,G,provisorio,DIP_CABA,CABA,10,comuna 10,112,blanco,900,10228,6954,neg
2023,G,provisorio,DIP_CABA,CABA,10,comuna 10,112,comando,9,10228,6954,neg
2023,G,provisorio,DIP_CABA,CABA,10,comuna 10,112,fit-u,350,10228,6954,otro
2023,G,provisorio,DIP_CABA,CABA,10,comuna 10,112,impugnado,79,10228,6954,neg
2023,G,provisorio,DIP_CABA,CABA,10,comuna 10,112,juntos por el cambio,2602,10228,6954,jxc-pro
2023,G,provisorio,DIP_CABA,CABA,10,comuna 10,112,la libertad avanza,959,10228,6954,la libertad avanza
2023,G,provisorio,DIP_CABA,CABA,10,comuna 10,112,nulo,51,10228,6954,neg
2023,G,provisorio,DIP_CABA,CABA,10,comuna 10,112,recurrido,2,10228,6954,neg
2023,G,provisorio,DIP_CABA,CABA,10,comuna 10,112,union por la patria,2002,10228,6954,pj
2023,G,provisorio,DIP_CABA,CABA,11,comuna 11,113,blanco,1118,14216,9860,neg
2023,G,provisorio,DIP_CABA,CABA,11,comuna 11,113,comando,6,14216,9860,neg
2023,G,provisorio,DIP_CABA,CABA,11,comuna 11,113,fit-u,501,14216,9860,otro
2023,G,provisorio,DIP_CABA,CABA,11,comuna 11,113,impugnado,3,14216,9860,neg
2023,G,provisorio,DIP_CABA,CABA,11,comuna 11,113,juntos por el cambio,3976,14216,9860,jxc-pro
2023,G,provisorio,DIP_CABA,CABA,11,comuna 11,113,la libertad avanza,1307,14216,9860,la libertad avanza
2023,G,provisorio,DIP_CABA,CABA,11,comuna 11,113,nulo,72,14216,9860,neg
2023,G,provisorio,DIP_CABA,CABA,11,comuna 11,113,recurrido,6,14216,9860,neg
2023,G,provisorio,DIP_CABA,CABA,11,comuna 11,113,union por la patria,2871,14216,9860,pj
2023,G,provisorio,DIP_CABA,CABA,11,comuna 11,114,blanco,1519,19188,13696,neg
2023,G,provisorio,DIP_CABA,CABA,11,comuna 11,114,comando,9,19188,13696,neg
2023,G,provisorio,DIP_CABA,CABA,11,comuna 11,114,fit-u,689,19188,13696,otro
2023,G,provisorio,DIP_CABA,CABA,11,comuna 11,114,impugnado,0,19188,13696,neg
2023,G,provisorio,DIP_CABA,CABA,11,comuna 11,114,juntos por el cambio,5694,19188,13696,jxc-pro
2023,G,provisorio,DIP_CABA,CABA,11,comuna 11,114,la libertad avanza,1579,19188,13696,la libertad avanza
2023,G,provisorio,DIP_CABA,CABA,11,comuna 11,114,nulo,93,19188,13696,neg
2023,G,provisorio,DIP_CABA,CABA,11,comuna 11,114,recurrido,4,19188,13696,neg
2023,G,provisorio,DIP_CABA,CABA,11,comuna 11,114,union por la patria,4109,19188,13696,pj
2023,G,provisorio,DIP_CABA,CABA,11,comuna 11,115,blanco,1082,13724,9790,neg
2023,G,provisorio,DIP_CABA,CABA,11,comuna 11,115,comando,8,13724,9790,neg
2023,G,provisorio,DIP_CABA,CABA,11,comuna 11,115,fit-u,553,13724,9790,otro
2023,G,provisorio,DIP_CABA,CABA,11,comuna 11,115,impugnado,2,13724,9790,neg
2023,G,provisorio,DIP_CABA,CABA,11,comuna 11,115,juntos por el cambio,3777,13724,9790,jxc-pro
2023,G,provisorio,DIP_CABA,CABA,11,comuna 11,115,la libertad avanza,1122,13724,9790,la libertad avanza
2023,G,provisorio,DIP_CABA,CABA,11,comuna 11,115,nulo,91,13724,9790,neg
2023,G,provisorio,DIP_CABA,CABA,11,comuna 11,115,recurrido,3,13724,9790,neg
2023,G,provisorio,DIP_CABA,CABA,11,comuna 11,115,union por la patria,3152,13724,9790,pj
2023,G,provisorio,DIP_CABA,CABA,11,comuna 11,116,blanco,1515,19028,14134,neg
2023,G,provisorio,DIP_CABA,CABA,11,comuna 11,116,comando,10,19028,14134,neg
2023,G,provisorio,DIP_CABA,CABA,11,comuna 11,116,fit-u,782,19028,14134,otro
2023,G,provisorio,DIP_CABA,CABA,11,comuna 11,116,impugnado,69,19028,14134,neg
2023,G,provisorio,DIP_CABA,CABA,11,comuna 11,116,juntos por el cambio,5562,19028,14134,jxc-pro
2023,G,provisorio,DIP_CABA,CABA,11,comuna 11,116,la libertad avanza,1584,19028,14134,la libertad avanza
2023,G,provisorio,DIP_CABA,CABA,11,comuna 11,116,nulo,92,19028,14134,neg
2023,G,provisorio,DIP_CABA,CABA,11,comuna 11,116,recurrido,37,19028,14134,neg
2023,G,provisorio,DIP_CABA,CABA,11,comuna 11,116,union por la patria,4483,19028,14134,pj
2023,G,provisorio,DIP_CABA,CABA,11,comuna 11,117,blanco,1472,20042,14698,neg
2023,G,provisorio,DIP_CABA,CABA,11,comuna 11,117,comando,6,20042,14698,neg
2023,G,provisorio,DIP_CABA,CABA,11,comuna 11,117,fit-u,755,20042,14698,otro
2023,G,provisorio,DIP_CABA,CABA,11,comuna 11,117,impugnado,3,20042,14698,neg
2023,G,provisorio,DIP_CABA,CABA,11,comuna 11,117,juntos por el cambio,6459,20042,14698,jxc-pro
2023,G,provisorio,DIP_CABA,CABA,11,comuna 11,117,la libertad avanza,1599,20042,14698,la libertad avanza
2023,G,provisorio,DIP_CABA,CABA,11,comuna 11,117,nulo,105,20042,14698,neg
2023,G,provisorio,DIP_CABA,CABA,11,comuna 11,117,recurrido,4,20042,14698,neg
2023,G,provisorio,DIP_CABA,CABA,11,comuna 11,117,union por la patria,4295,20042,14698,pj
2023,G,provisorio,DIP_CABA,CABA,11,comuna 11,118,blanco,994,15456,11499,neg
2023,G,provisorio,DIP_CABA,CABA,11,comuna 11,118,comando,0,15456,11499,neg
2023,G,provisorio,DIP_CABA,CABA,11,comuna 11,118,fit-u,498,15456,11499,otro
2023,G,provisorio,DIP_CABA,CABA,11,comuna 11,118,impugnado,1,15456,11499,neg
2023,G,provisorio,DIP_CABA,CABA,11,comuna 11,118,juntos por el cambio,5473,15456,11499,jxc-pro
2023,G,provisorio,DIP_CABA,CABA,11,comuna 11,118,la libertad avanza,1420,15456,11499,la libertad avanza
2023,G,provisorio,DIP_CABA,CABA,11,comuna 11,118,nulo,70,15456,11499,neg
2023,G,provisorio,DIP_CABA,CABA,11,comuna 11,118,recurrido,5,15456,11499,neg
2023,G,provisorio,DIP_CABA,CABA,11,comuna 11,118,union por la patria,3038,15456,11499,pj
2023,G,provisorio,DIP_CABA,CABA,11,comuna 11,119,blanco,1351,18828,14557,neg
2023,G,provisorio,DIP_CABA,CABA,11,comuna 11,119,comando,1,18828,14557,neg
2023,G,provisorio,DIP_CABA,CABA,11,comuna 11,119,fit-u,657,18828,14557,otro
2023,G,provisorio,DIP_CABA,CABA,11,comuna 11,119,impugnado,3,18828,14557,neg
2023,G,provisorio,DIP_CABA,CABA,11,comuna 11,119,juntos por el cambio,6906,18828,14557,jxc-pro
2023,G,provisorio,DIP_CABA,CABA,11,comuna 11,119,la libertad avanza,1526,18828,14557,la libertad avanza
2023,G,provisorio,DIP_CABA,CABA,11,comuna 11,119,nulo,85,18828,14557,neg
2023,G,provisorio,DIP_CABA,CABA,11,comuna 11,119,recurrido,1,18828,14557,neg
2023,G,provisorio,DIP_CABA,CABA,11,comuna 11,119,union por la patria,4027,18828,14557,pj
2023,G,provisorio,DIP_CABA,CABA,11,comuna 11,120,blanco,1541,20183,15076,neg
2023,G,provisorio,DIP_CABA,CABA,11,comuna 11,120,comando,6,20183,15076,neg
2023,G,provisorio,DIP_CABA,CABA,11,comuna 11,120,fit-u,585,20183,15076,otro
2023,G,provisorio,DIP_CABA,CABA,11,comuna 11,120,impugnado,0,20183,15076,neg
2023,G,provisorio,DIP_CABA,CABA,11,comuna 11,120,juntos por el cambio,7338,20183,15076,jxc-pro
2023,G,provisorio,DIP_CABA,CABA,11,comuna 11,120,la libertad avanza,1823,20183,15076,la libertad avanza
2023,G,provisorio,DIP_CABA,CABA,11,comuna 11,120,nulo,111,20183,15076,neg
2023,G,provisorio,DIP_CABA,CABA,11,comuna 11,120,recurrido,46,20183,15076,neg
2023,G,provisorio,DIP_CABA,CABA,11,comuna 11,120,union por la patria,3626,20183,15076,pj
2023,G,provisorio,DIP_CABA,CABA,11,comuna 11,121,blanco,1237,16177,12368,neg
2023,G,provisorio,DIP_CABA,CABA,11,comuna 11,121,comando,1,16177,12368,neg
2023,G,provisorio,DIP_CABA,CABA,11,comuna 11,121,fit-u,519,16177,12368,otro
2023,G,provisorio,DIP_CABA,CABA,11,comuna 11,121,impugnado,0,16177,12368,neg
2023,G,provisorio,DIP_CABA,CABA,11,comuna 11,121,juntos por el cambio,5756,16177,12368,jxc-pro
2023,G,provisorio,DIP_CABA,CABA,11,comuna 11,121,la libertad avanza,1628,16177,12368,la libertad avanza
2023,G,provisorio,DIP_CABA,CABA,11,comuna 11,121,nulo,95,16177,12368,neg
2023,G,provisorio,DIP_CABA,CABA,11,comuna 11,121,recurrido,3,16177,12368,neg
2023,G,provisorio,DIP_CABA,CABA,11,comuna 11,121,union por la patria,3129,16177,12368,pj
2023,G,provisorio,DIP_CABA,CABA,11,comuna 11,122,blanco,882,14174,10649,neg
2023,G,provisorio,DIP_CABA,CABA,11,comuna 11,122,comando,0,14174,10649,neg
2023,G,provisorio,DIP_CABA,CABA,11,comuna 11,122,fit-u,337,14174,10649,otro
2023,G,provisorio,DIP_CABA,CABA,11,comuna 11,122,impugnado,0,14174,10649,neg
2023,G,provisorio,DIP_CABA,CABA,11,comuna 11,122,juntos por el cambio,6054,14174,10649,jxc-pro
2023,G,provisorio,DIP_CABA,CABA,11,comuna 11,122,la libertad avanza,1290,14174,10649,la libertad avanza
2023,G,provisorio,DIP_CABA,CABA,11,comuna 11,122,nulo,66,14174,10649,neg
2023,G,provisorio,DIP_CABA,CABA,11,comuna 11,122,recurrido,4,14174,10649,neg
2023,G,provisorio,DIP_CABA,CABA,11,comuna 11,122,union por la patria,2016,14174,10649,pj
2023,G,provisorio,DIP_CABA,CABA,11,comuna 11,123,blanco,1107,15148,11398,neg
2023,G,provisorio,DIP_CABA,CABA,11,comuna 11,123,comando,6,15148,11398,neg
2023,G,provisorio,DIP_CABA,CABA,11,comuna 11,123,fit-u,497,15148,11398,otro
2023,G,provisorio,DIP_CABA,CABA,11,comuna 11,123,impugnado,0,15148,11398,neg
2023,G,provisorio,DIP_CABA,CABA,11,comuna 11,123,juntos por el cambio,5533,15148,11398,jxc-pro
2023,G,provisorio,DIP_CABA,CABA,11,comuna 11,123,la libertad avanza,1294,15148,11398,la libertad avanza
2023,G,provisorio,DIP_CABA,CABA,11,comuna 11,123,nulo,76,15148,11398,neg
2023,G,provisorio,DIP_CABA,CABA,11,comuna 11,123,recurrido,5,15148,11398,neg
2023,G,provisorio,DIP_CABA,CABA,11,comuna 11,123,union por la patria,2880,15148,11398,pj
2023,G,provisorio,DIP_CABA,CABA,12,comuna 12,124,blanco,1429,17057,13304,neg
2023,G,provisorio,DIP_CABA,CABA,12,comuna 12,124,comando,12,17057,13304,neg
2023,G,provisorio,DIP_CABA,CABA,12,comuna 12,124,fit-u,607,17057,13304,otro
2023,G,provisorio,DIP_CABA,CABA,12,comuna 12,124,impugnado,2,17057,13304,neg
2023,G,provisorio,DIP_CABA,CABA,12,comuna 12,124,juntos por el cambio,5687,17057,13304,jxc-pro
2023,G,provisorio,DIP_CABA,CABA,12,comuna 12,124,la libertad avanza,1416,17057,13304,la libertad avanza
2023,G,provisorio,DIP_CABA,CABA,12,comuna 12,124,nulo,97,17057,13304,neg
2023,G,provisorio,DIP_CABA,CABA,12,comuna 12,124,recurrido,31,17057,13304,neg
2023,G,provisorio,DIP_CABA,CABA,12,comuna 12,124,union por la patria,4023,17057,13304,pj
2023,G,provisorio,DIP_CABA,CABA,12,comuna 12,125,blanco,1730,23618,17331,neg
2023,G,provisorio,DIP_CABA,CABA,12,comuna 12,125,comando,7,23618,17331,neg
2023,G,provisorio,DIP_CABA,CABA,12,comuna 12,125,fit-u,799,23618,17331,otro
2023,G,provisorio,DIP_CABA,CABA,12,comuna 12,125,impugnado,2,23618,17331,neg
2023,G,provisorio,DIP_CABA,CABA,12,comuna 12,125,juntos por el cambio,8096,23618,17331,jxc-pro
2023,G,provisorio,DIP_CABA,CABA,12,comuna 12,125,la libertad avanza,1826,23618,17331,la libertad avanza
2023,G,provisorio,DIP_CABA,CABA,12,comuna 12,125,nulo,126,23618,17331,neg
2023,G,provisorio,DIP_CABA,CABA,12,comuna 12,125,recurrido,3,23618,17331,neg
2023,G,provisorio,DIP_CABA,CABA,12,comuna 12,125,union por la patria,4742,23618,17331,pj
2023,G,provisorio,DIP_CABA,CABA,12,comuna 12,126,blanco,1628,18948,14527,neg
2023,G,provisorio,DIP_CABA,CABA,12,comuna 12,126,comando,11,18948,14527,neg
2023,G,provisorio,DIP_CABA,CABA,12,comuna 12,126,fit-u,683,18948,14527,otro
2023,G,provisorio,DIP_CABA,CABA,12,comuna 12,126,impugnado,0,18948,14527,neg
2023,G,provisorio,DIP_CABA,CABA,12,comuna 12,126,juntos por el cambio,6656,18948,14527,jxc-pro
2023,G,provisorio,DIP_CABA,CABA,12,comuna 12,126,la libertad avanza,1562,18948,14527,la libertad avanza
2023,G,provisorio,DIP_CABA,CABA,12,comuna 12,126,nulo,100,18948,14527,neg
2023,G,provisorio,DIP_CABA,CABA,12,comuna 12,126,recurrido,2,18948,14527,neg
2023,G,provisorio,DIP_CABA,CABA,12,comuna 12,126,union por la patria,3885,18948,14527,pj
2023,G,provisorio,DIP_CABA,CABA,12,comuna 12,127,blanco,1878,27618,20195,neg
2023,G,provisorio,DIP_CABA,CABA,12,comuna 12,127,comando,20,27618,20195,neg
2023,G,provisorio,DIP_CABA,CABA,12,comuna 12,127,fit-u,782,27618,20195,otro
2023,G,provisorio,DIP_CABA,CABA,12,comuna 12,127,impugnado,0,27618,20195,neg
2023,G,provisorio,DIP_CABA,CABA,12,comuna 12,127,juntos por el cambio,10740,27618,20195,jxc-pro
2023,G,provisorio,DIP_CABA,CABA,12,comuna 12,127,la libertad avanza,2270,27618,20195,la libertad avanza
2023,G,provisorio,DIP_CABA,CABA,12,comuna 12,127,nulo,112,27618,20195,neg
2023,G,provisorio,DIP_CABA,CABA,12,comuna 12,127,recurrido,2,27618,20195,neg
2023,G,provisorio,DIP_CABA,CABA,12,comuna 12,127,union por la patria,4391,27618,20195,pj
2023,G,provisorio,DIP_CABA,CABA,12,comuna 12,128,blanco,1740,21640,16237,neg
2023,G,provisorio,DIP_CABA,CABA,12,comuna 12,128,comando,10,21640,16237,neg
2023,G,provisorio,DIP_CABA,CABA,12,comuna 12,128,fit-u,765,21640,16237,otro
2023,G,provisorio,DIP_CABA,CABA,12,comuna 12,128,impugnado,1,21640,16237,neg
2023,G,provisorio,DIP_CABA,CABA,12,comuna 12,128,juntos por el cambio,7673,21640,16237,jxc-pro
2023,G,provisorio,DIP_CABA,CABA,12,comuna 12,128,la libertad avanza,1650,21640,16237,la libertad avanza
2023,G,provisorio,DIP_CABA,CABA,12,comuna 12,128,nulo,121,21640,16237,neg
2023,G,provisorio,DIP_CABA,CABA,12,comuna 12,128,recurrido,0,21640,16237,neg
2023,G,provisorio,DIP_CABA,CABA,12,comuna 12,128,union por la patria,4277,21640,16237,pj
2023,G,provisorio,DIP_CABA,CABA,12,comuna 12,129,blanco,1943,28984,21495,neg
2023,G,provisorio,DIP_CABA,CABA,12,comuna 12,129,comando,22,28984,21495,neg
2023,G,provisorio,DIP_CABA,CABA,12,comuna 12,129,fit-u,976,28984,21495,otro
2023,G,provisorio,DIP_CABA,CABA,12,comuna 12,129,impugnado,1,28984,21495,neg
2023,G,provisorio,DIP_CABA,CABA,12,comuna 12,129,juntos por el cambio,10730,28984,21495,jxc-pro
2023,G,provisorio,DIP_CABA,CABA,12,comuna 12,129,la libertad avanza,2383,28984,21495,la libertad avanza
2023,G,provisorio,DIP_CABA,CABA,12,comuna 12,129,nulo,143,28984,21495,neg
2023,G,provisorio,DIP_CABA,CABA,12,comuna 12,129,recurrido,2,28984,21495,neg
2023,G,provisorio,DIP_CABA,CABA,12,comuna 12,129,union por la patria,5295,28984,21495,pj
2023,G,provisorio,DIP_CABA,CABA,12,comuna 12,130,blanco,1322,19313,14368,neg
2023,G,provisorio,DIP_CABA,CABA,12,comuna 12,130,comando,13,19313,14368,neg
2023,G,provisorio,DIP_CABA,CABA,12,comuna 12,130,fit-u,695,19313,14368,otro
2023,G,provisorio,DIP_CABA,CABA,12,comuna 12,130,impugnado,2,19313,14368,neg
2023,G,provisorio,DIP_CABA,CABA,12,comuna 12,130,juntos por el cambio,6889,19313,14368,jxc-pro
2023,G,provisorio,DIP_CABA,CABA,12,comuna 12,130,la libertad avanza,1565,19313,14368,la libertad avanza
2023,G,provisorio,DIP_CABA,CABA,12,comuna 12,130,nulo,101,19313,14368,neg
2023,G,provisorio,DIP_CABA,CABA,12,comuna 12,130,recurrido,5,19313,14368,neg
2023,G,provisorio,DIP_CABA,CABA,12,comuna 12,130,union por la patria,3776,19313,14368,pj
2023,G,provisorio,DIP_CABA,CABA,12,comuna 12,131,blanco,546,5981,4613,neg
2023,G,provisorio,DIP_CABA,CABA,12,comuna 12,131,comando,4,5981,4613,neg
2023,G,provisorio,DIP_CABA,CABA,12,comuna 12,131,fit-u,206,5981,4613,otro
2023,G,provisorio,DIP_CABA,CABA,12,comuna 12,131,impugnado,3,5981,4613,neg
2023,G,provisorio,DIP_CABA,CABA,12,comuna 12,131,juntos por el cambio,2123,5981,4613,jxc-pro
2023,G,provisorio,DIP_CABA,CABA,12,comuna 12,131,la libertad avanza,469,5981,4613,la libertad avanza
2023,G,provisorio,DIP_CABA,CABA,12,comuna 12,131,nulo,27,5981,4613,neg
2023,G,provisorio,DIP_CABA,CABA,12,comuna 12,131,recurrido,0,5981,4613,neg
2023,G,provisorio,DIP_CABA,CABA,12,comuna 12,131,union por la patria,1235,5981,4613,pj
2023,G,provisorio,DIP_CABA,CABA,12,comuna 12,132,blanco,1986,22241,16428,neg
2023,G,provisorio,DIP_CABA,CABA,12,comuna 12,132,comando,11,22241,16428,neg
2023,G,provisorio,DIP_CABA,CABA,12,comuna 12,132,fit-u,733,22241,16428,otro
2023,G,provisorio,DIP_CABA,CABA,12,comuna 12,132,impugnado,0,22241,16428,neg
2023,G,provisorio,DIP_CABA,CABA,12,comuna 12,132,juntos por el cambio,7265,22241,16428,jxc-pro
2023,G,provisorio,DIP_CABA,CABA,12,comuna 12,132,la libertad avanza,1836,22241,16428,la libertad avanza
2023,G,provisorio,DIP_CABA,CABA,12,comuna 12,132,nulo,128,22241,16428,neg
2023,G,provisorio,DIP_CABA,CABA,12,comuna 12,132,recurrido,6,22241,16428,neg
2023,G,provisorio,DIP_CABA,CABA,12,comuna 12,132,union por la patria,4463,22241,16428,pj
2023,G,provisorio,DIP_CABA,CABA,12,comuna 12,133,blanco,1706,21910,16533,neg
2023,G,provisorio,DIP_CABA,CABA,12,comuna 12,133,comando,16,21910,16533,neg
2023,G,provisorio,DIP_CABA,CABA,12,comuna 12,133,fit-u,693,21910,16533,otro
2023,G,provisorio,DIP_CABA,CABA,12,comuna 12,133,impugnado,53,21910,16533,neg
2023,G,provisorio,DIP_CABA,CABA,12,comuna 12,133,juntos por el cambio,8207,21910,16533,jxc-pro
2023,G,provisorio,DIP_CABA,CABA,12,comuna 12,133,la libertad avanza,1632,21910,16533,la libertad avanza
2023,G,provisorio,DIP_CABA,CABA,12,comuna 12,133,nulo,97,21910,16533,neg
2023,G,provisorio,DIP_CABA,CABA,12,comuna 12,133,recurrido,7,21910,16533,neg
2023,G,provisorio,DIP_CABA,CABA,12,comuna 12,133,union por la patria,4122,21910,16533,pj
2023,G,provisorio,DIP_CABA,CABA,13,comuna 13,134,blanco,452,9452,6765,neg
2023,G,provisorio,DIP_CABA,CABA,13,comuna 13,134,comando,10,9452,6765,neg
2023,G,provisorio,DIP_CABA,CABA,13,comuna 13,134,fit-u,256,9452,6765,otro
2023,G,provisorio,DIP_CABA,CABA,13,comuna 13,134,impugnado,2,9452,6765,neg
2023,G,provisorio,DIP_CABA,CABA,13,comuna 13,134,juntos por el cambio,3883,9452,6765,jxc-pro
2023,G,provisorio,DIP_CABA,CABA,13,comuna 13,134,la libertad avanza,704,9452,6765,la libertad avanza
2023,G,provisorio,DIP_CABA,CABA,13,comuna 13,134,nulo,36,9452,6765,neg
2023,G,provisorio,DIP_CABA,CABA,13,comuna 13,134,recurrido,3,9452,6765,neg
2023,G,provisorio,DIP_CABA,CABA,13,comuna 13,134,union por la patria,1419,9452,6765,pj
2023,G,provisorio,DIP_CABA,CABA,13,comuna 13,135,blanco,747,13286,9617,neg
2023,G,provisorio,DIP_CABA,CABA,13,comuna 13,135,comando,11,13286,9617,neg
2023,G,provisorio,DIP_CABA,CABA,13,comuna 13,135,fit-u,343,13286,9617,otro
2023,G,provisorio,DIP_CABA,CABA,13,comuna 13,135,impugnado,0,13286,9617,neg
2023,G,provisorio,DIP_CABA,CABA,13,comuna 13,135,juntos por el cambio,5419,13286,9617,jxc-pro
2023,G,provisorio,DIP_CABA,CABA,13,comuna 13,135,la libertad avanza,991,13286,9617,la libertad avanza
2023,G,provisorio,DIP_CABA,CABA,13,comuna 13,135,nulo,57,13286,9617,neg
2023,G,provisorio,DIP_CABA,CABA,13,comuna 13,135,recurrido,0,13286,9617,neg
2023,G,provisorio,DIP_CABA,CABA,13,comuna 13,135,union por la patria,2049,13286,9617,pj
2023,G,provisorio,DIP_CABA,CABA,13,comuna 13,136,blanco,1053,16589,11591,neg
2023,G,provisorio,DIP_CABA,CABA,13,comuna 13,136,comando,13,16589,11591,neg
2023,G,provisorio,DIP_CABA,CABA,13,comuna 13,136,fit-u,534,16589,11591,otro
2023,G,provisorio,DIP_CABA,CABA,13,comuna 13,136,impugnado,77,16589,11591,neg
2023,G,provisorio,DIP_CABA,CABA,13,comuna 13,136,juntos por el cambio,6052,16589,11591,jxc-pro
2023,G,provisorio,DIP_CABA,CABA,13,comuna 13,136,la libertad avanza,1186,16589,11591,la libertad avanza
2023,G,provisorio,DIP_CABA,CABA,13,comuna 13,136,nulo,68,16589,11591,neg
2023,G,provisorio,DIP_CABA,CABA,13,comuna 13,136,recurrido,3,16589,11591,neg
2023,G,provisorio,DIP_CABA,CABA,13,comuna 13,136,union por la patria,2605,16589,11591,pj
2023,G,provisorio,DIP_CABA,CABA,13,comuna 13,137,blanco,1042,15343,11109,neg
2023,G,provisorio,DIP_CABA,CABA,13,comuna 13,137,comando,13,15343,11109,neg
2023,G,provisorio,DIP_CABA,CABA,13,comuna 13,137,fit-u,505,15343,11109,otro
2023,G,provisorio,DIP_CABA,CABA,13,comuna 13,137,impugnado,0,15343,11109,neg
2023,G,provisorio,DIP_CABA,CABA,13,comuna 13,137,juntos por el cambio,5801,15343,11109,jxc-pro
2023,G,provisorio,DIP_CABA,CABA,13,comuna 13,137,la libertad avanza,1087,15343,11109,la libertad avanza
2023,G,provisorio,DIP_CABA,CABA,13,comuna 13,137,nulo,55,15343,11109,neg
2023,G,provisorio,DIP_CABA,CABA,13,comuna 13,137,recurrido,2,15343,11109,neg
2023,G,provisorio,DIP_CABA,CABA,13,comuna 13,137,union por la patria,2604,15343,11109,pj
2023,G,provisorio,DIP_CABA,CABA,13,comuna 13,138,blanco,1998,33896,22342,neg
2023,G,provisorio,DIP_CABA,CABA,13,comuna 13,138,comando,14,33896,22342,neg
2023,G,provisorio,DIP_CABA,CABA,13,comuna 13,138,fit-u,778,33896,22342,otro
2023,G,provisorio,DIP_CABA,CABA,13,comuna 13,138,impugnado,3,33896,22342,neg
2023,G,provisorio,DIP_CABA,CABA,13,comuna 13,138,juntos por el cambio,12798,33896,22342,jxc-pro
2023,G,provisorio,DIP_CABA,CABA,13,comuna 13,138,la libertad avanza,2410,33896,22342,la libertad avanza
2023,G,provisorio,DIP_CABA,CABA,13,comuna 13,138,nulo,140,33896,22342,neg
2023,G,provisorio,DIP_CABA,CABA,13,comuna 13,138,recurrido,7,33896,22342,neg
2023,G,provisorio,DIP_CABA,CABA,13,comuna 13,138,union por la patria,4194,33896,22342,pj
2023,G,provisorio,DIP_CABA,CABA,13,comuna 13,139,blanco,1183,20213,14011,neg
2023,G,provisorio,DIP_CABA,CABA,13,comuna 13,139,comando,10,20213,14011,neg
2023,G,provisorio,DIP_CABA,CABA,13,comuna 13,139,fit-u,450,20213,14011,otro
2023,G,provisorio,DIP_CABA,CABA,13,comuna 13,139,impugnado,52,20213,14011,neg
2023,G,provisorio,DIP_CABA,CABA,13,comuna 13,139,juntos por el cambio,8279,20213,14011,jxc-pro
2023,G,provisorio,DIP_CABA,CABA,13,comuna 13,139,la libertad avanza,1475,20213,14011,la libertad avanza
2023,G,provisorio,DIP_CABA,CABA,13,comuna 13,139,nulo,65,20213,14011,neg
2023,G,provisorio,DIP_CABA,CABA,13,comuna 13,139,recurrido,2,20213,14011,neg
2023,G,provisorio,DIP_CABA,CABA,13,comuna 13,139,union por la patria,2495,20213,14011,pj
2023,G,provisorio,DIP_CABA,CABA,13,comuna 13,140,blanco,602,10174,6581,neg
2023,G,provisorio,DIP_CABA,CABA,13,comuna 13,140,comando,9,10174,6581,neg
2023,G,provisorio,DIP_CABA,CABA,13,comuna 13,140,fit-u,237,10174,6581,otro
2023,G,provisorio,DIP_CABA,CABA,13,comuna 13,140,impugnado,6,10174,6581,neg
2023,G,provisorio,DIP_CABA,CABA,13,comuna 13,140,juntos por el cambio,3550,10174,6581,jxc-pro
2023,G,provisorio,DIP_CABA,CABA,13,comuna 13,140,la libertad avanza,737,10174,6581,la libertad avanza
2023,G,provisorio,DIP_CABA,CABA,13,comuna 13,140,nulo,28,10174,6581,neg
2023,G,provisorio,DIP_CABA,CABA,13,comuna 13,140,recurrido,0,10174,6581,neg
2023,G,provisorio,DIP_CABA,CABA,13,comuna 13,140,union por la patria,1412,10174,6581,pj
2023,G,provisorio,DIP_CABA,CABA,13,comuna 13,141,blanco,978,16048,11164,neg
2023,G,provisorio,DIP_CABA,CABA,13,comuna 13,141,comando,12,16048,11164,neg
2023,G,provisorio,DIP_CABA,CABA,13,comuna 13,141,fit-u,356,16048,11164,otro
2023,G,provisorio,DIP_CABA,CABA,13,comuna 13,141,impugnado,1,16048,11164,neg
2023,G,provisorio,DIP_CABA,CABA,13,comuna 13,141,juntos por el cambio,6477,16048,11164,jxc-pro
2023,G,provisorio,DIP_CABA,CABA,13,comuna 13,141,la libertad avanza,1238,16048,11164,la libertad avanza
2023,G,provisorio,DIP_CABA,CABA,13,comuna 13,141,nulo,50,16048,11164,neg
2023,G,provisorio,DIP_CABA,CABA,13,comuna 13,141,recurrido,3,16048,11164,neg
2023,G,provisorio,DIP_CABA,CABA,13,comuna 13,141,union por la patria,2049,16048,11164,pj
2023,G,provisorio,DIP_CABA,CABA,13,comuna 13,142,blanco,1203,26844,18260,neg
2023,G,provisorio,DIP_CABA,CABA,13,comuna 13,142,comando,10,26844,18260,neg
2023,G,provisorio,DIP_CABA,CABA,13,comuna 13,142,fit-u,373,26844,18260,otro
2023,G,provisorio,DIP_CABA,CABA,13,comuna 13,142,impugnado,1,26844,18260,neg
2023,G,provisorio,DIP_CABA,CABA,13,comuna 13,142,juntos por el cambio,12639,26844,18260,jxc-pro
2023,G,provisorio,DIP_CABA,CABA,13,comuna 13,142,la libertad avanza,1762,26844,18260,la libertad avanza
2023,G,provisorio,DIP_CABA,CABA,13,comuna 13,142,nulo,71,26844,18260,neg
2023,G,provisorio,DIP_CABA,CABA,13,comuna 13,142,recurrido,4,26844,18260,neg
2023,G,provisorio,DIP_CABA,CABA,13,comuna 13,142,union por la patria,2197,26844,18260,pj
2023,G,provisorio,DIP_CABA,CABA,13,comuna 13,143,blanco,1193,19550,13840,neg
2023,G,provisorio,DIP_CABA,CABA,13,comuna 13,143,comando,9,19550,13840,neg
2023,G,provisorio,DIP_CABA,CABA,13,comuna 13,143,fit-u,486,19550,13840,otro
2023,G,provisorio,DIP_CABA,CABA,13,comuna 13,143,impugnado,0,19550,13840,neg
2023,G,provisorio,DIP_CABA,CABA,13,comuna 13,143,juntos por el cambio,8119,19550,13840,jxc-pro
2023,G,provisorio,DIP_CABA,CABA,13,comuna 13,143,la libertad avanza,1513,19550,13840,la libertad avanza
2023,G,provisorio,DIP_CABA,CABA,13,comuna 13,143,nulo,55,19550,13840,neg
2023,G,provisorio,DIP_CABA,CABA,13,comuna 13,143,recurrido,1,19550,13840,neg
2023,G,provisorio,DIP_CABA,CABA,13,comuna 13,143,union por la patria,2464,19550,13840,pj
2023,G,provisorio,DIP_CABA,CABA,13,comuna 13,144,blanco,511,8667,6297,neg
2023,G,provisorio,DIP_CABA,CABA,13,comuna 13,144,comando,3,8667,6297,neg
2023,G,provisorio,DIP_CABA,CABA,13,comuna 13,144,fit-u,202,8667,6297,otro
2023,G,provisorio,DIP_CABA,CABA,13,comuna 13,144,impugnado,0,8667,6297,neg
2023,G,provisorio,DIP_CABA,CABA,13,comuna 13,144,juntos por el cambio,3932,8667,6297,jxc-pro
2023,G,provisorio,DIP_CABA,CABA,13,comuna 13,144,la libertad avanza,605,8667,6297,la libertad avanza
2023,G,provisorio,DIP_CABA,CABA,13,comuna 13,144,nulo,37,8667,6297,neg
2023,G,provisorio,DIP_CABA,CABA,13,comuna 13,144,recurrido,0,8667,6297,neg
2023,G,provisorio,DIP_CABA,CABA,13,comuna 13,144,union por la patria,1007,8667,6297,pj
2023,G,provisorio,DIP_CABA,CABA,13,comuna 13,145,blanco,1007,16419,12105,neg
2023,G,provisorio,DIP_CABA,CABA,13,comuna 13,145,comando,16,16419,12105,neg
2023,G,provisorio,DIP_CABA,CABA,13,comuna 13,145,fit-u,594,16419,12105,otro
2023,G,provisorio,DIP_CABA,CABA,13,comuna 13,145,impugnado,0,16419,12105,neg
2023,G,provisorio,DIP_CABA,CABA,13,comuna 13,145,juntos por el cambio,5980,16419,12105,jxc-pro
2023,G,provisorio,DIP_CABA,CABA,13,comuna 13,145,la libertad avanza,1070,16419,12105,la libertad avanza
2023,G,provisorio,DIP_CABA,CABA,13,comuna 13,145,nulo,60,16419,12105,neg
2023,G,provisorio,DIP_CABA,CABA,13,comuna 13,145,recurrido,5,16419,12105,neg
2023,G,provisorio,DIP_CABA,CABA,13,comuna 13,145,union por la patria,3373,16419,12105,pj
2023,G,provisorio,DIP_CABA,CABA,13,comuna 13,146,blanco,894,12315,9063,neg
2023,G,provisorio,DIP_CABA,CABA,13,comuna 13,146,comando,0,12315,9063,neg
2023,G,provisorio,DIP_CABA,CABA,13,comuna 13,146,fit-u,456,12315,9063,otro
2023,G,provisorio,DIP_CABA,CABA,13,comuna 13,146,impugnado,54,12315,9063,neg
2023,G,provisorio,DIP_CABA,CABA,13,comuna 13,146,juntos por el cambio,4103,12315,9063,jxc-pro
2023,G,provisorio,DIP_CABA,CABA,13,comuna 13,146,la libertad avanza,848,12315,9063,la libertad avanza
2023,G,provisorio,DIP_CABA,CABA,13,comuna 13,146,nulo,39,12315,9063,neg
2023,G,provisorio,DIP_CABA,CABA,13,comuna 13,146,recurrido,0,12315,9063,neg
2023,G,provisorio,DIP_CABA,CABA,13,comuna 13,146,union por la patria,2669,12315,9063,pj
2023,G,provisorio,DIP_CABA,CABA,13,comuna 13,147,blanco,1301,23103,15813,neg
2023,G,provisorio,DIP_CABA,CABA,13,comuna 13,147,comando,15,23103,15813,neg
2023,G,provisorio,DIP_CABA,CABA,13,comuna 13,147,fit-u,584,23103,15813,otro
2023,G,provisorio,DIP_CABA,CABA,13,comuna 13,147,impugnado,0,23103,15813,neg
2023,G,provisorio,DIP_CABA,CABA,13,comuna 13,147,juntos por el cambio,9275,23103,15813,jxc-pro
2023,G,provisorio,DIP_CABA,CABA,13,comuna 13,147,la libertad avanza,1690,23103,15813,la libertad avanza
2023,G,provisorio,DIP_CABA,CABA,13,comuna 13,147,nulo,69,23103,15813,neg
2023,G,provisorio,DIP_CABA,CABA,13,comuna 13,147,recurrido,3,23103,15813,neg
2023,G,provisorio,DIP_CABA,CABA,13,comuna 13,147,union por la patria,2876,23103,15813,pj
2023,G,provisorio,DIP_CABA,CABA,14,comuna 14,148,blanco,1179,24892,16933,neg
2023,G,provisorio,DIP_CABA,CABA,14,comuna 14,148,comando,44,24892,16933,neg
2023,G,provisorio,DIP_CABA,CABA,14,comuna 14,148,fit-u,495,24892,16933,otro
2023,G,provisorio,DIP_CABA,CABA,14,comuna 14,148,impugnado,0,24892,16933,neg
2023,G,provisorio,DIP_CABA,CABA,14,comuna 14,148,juntos por el cambio,10588,24892,16933,jxc-pro
2023,G,provisorio,DIP_CABA,CABA,14,comuna 14,148,la libertad avanza,1800,24892,16933,la libertad avanza
2023,G,provisorio,DIP_CABA,CABA,14,comuna 14,148,nulo,52,24892,16933,neg
2023,G,provisorio,DIP_CABA,CABA,14,comuna 14,148,recurrido,1,24892,16933,neg
2023,G,provisorio,DIP_CABA,CABA,14,comuna 14,148,union por la patria,2774,24892,16933,pj
2023,G,provisorio,DIP_CABA,CABA,14,comuna 14,149,blanco,1495,28734,19309,neg
2023,G,provisorio,DIP_CABA,CABA,14,comuna 14,149,comando,23,28734,19309,neg
2023,G,provisorio,DIP_CABA,CABA,14,comuna 14,149,fit-u,472,28734,19309,otro
2023,G,provisorio,DIP_CABA,CABA,14,comuna 14,149,impugnado,0,28734,19309,neg
2023,G,provisorio,DIP_CABA,CABA,14,comuna 14,149,juntos por el cambio,12134,28734,19309,jxc-pro
2023,G,provisorio,DIP_CABA,CABA,14,comuna 14,149,la libertad avanza,2298,28734,19309,la libertad avanza
2023,G,provisorio,DIP_CABA,CABA,14,comuna 14,149,nulo,72,28734,19309,neg
2023,G,provisorio,DIP_CABA,CABA,14,comuna 14,149,recurrido,6,28734,19309,neg
2023,G,provisorio,DIP_CABA,CABA,14,comuna 14,149,union por la patria,2809,28734,19309,pj
2023,G,provisorio,DIP_CABA,CABA,14,comuna 14,150,blanco,688,14301,9546,neg
2023,G,provisorio,DIP_CABA,CABA,14,comuna 14,150,comando,27,14301,9546,neg
2023,G,provisorio,DIP_CABA,CABA,14,comuna 14,150,fit-u,120,14301,9546,otro
2023,G,provisorio,DIP_CABA,CABA,14,comuna 14,150,impugnado,1,14301,9546,neg
2023,G,provisorio,DIP_CABA,CABA,14,comuna 14,150,juntos por el cambio,6551,14301,9546,jxc-pro
2023,G,provisorio,DIP_CABA,CABA,14,comuna 14,150,la libertad avanza,1250,14301,9546,la libertad avanza
2023,G,provisorio,DIP_CABA,CABA,14,comuna 14,150,nulo,23,14301,9546,neg
2023,G,provisorio,DIP_CABA,CABA,14,comuna 14,150,recurrido,7,14301,9546,neg
2023,G,provisorio,DIP_CABA,CABA,14,comuna 14,150,union por la patria,879,14301,9546,pj
2023,G,provisorio,DIP_CABA,CABA,14,comuna 14,151,blanco,1548,29768,20021,neg
2023,G,provisorio,DIP_CABA,CABA,14,comuna 14,151,comando,40,29768,20021,neg
2023,G,provisorio,DIP_CABA,CABA,14,comuna 14,151,fit-u,432,29768,20021,otro
2023,G,provisorio,DIP_CABA,CABA,14,comuna 14,151,impugnado,2,29768,20021,neg
2023,G,provisorio,DIP_CABA,CABA,14,comuna 14,151,juntos por el cambio,12850,29768,20021,jxc-pro
2023,G,provisorio,DIP_CABA,CABA,14,comuna 14,151,la libertad avanza,2148,29768,20021,la libertad avanza
2023,G,provisorio,DIP_CABA,CABA,14,comuna 14,151,nulo,62,29768,20021,neg
2023,G,provisorio,DIP_CABA,CABA,14,comuna 14,151,recurrido,27,29768,20021,neg
2023,G,provisorio,DIP_CABA,CABA,14,comuna 14,151,union por la patria,2912,29768,20021,pj
2023,G,provisorio,DIP_CABA,CABA,14,comuna 14,152,blanco,1138,22232,14796,neg
2023,G,provisorio,DIP_CABA,CABA,14,comuna 14,152,comando,13,22232,14796,neg
2023,G,provisorio,DIP_CABA,CABA,14,comuna 14,152,fit-u,437,22232,14796,otro
2023,G,provisorio,DIP_CABA,CABA,14,comuna 14,152,impugnado,1,22232,14796,neg
2023,G,provisorio,DIP_CABA,CABA,14,comuna 14,152,juntos por el cambio,9273,22232,14796,jxc-pro
2023,G,provisorio,DIP_CABA,CABA,14,comuna 14,152,la libertad avanza,1417,22232,14796,la libertad avanza
2023,G,provisorio,DIP_CABA,CABA,14,comuna 14,152,nulo,53,22232,14796,neg
2023,G,provisorio,DIP_CABA,CABA,14,comuna 14,152,recurrido,3,22232,14796,neg
2023,G,provisorio,DIP_CABA,CABA,14,comuna 14,152,union por la patria,2461,22232,14796,pj
2023,G,provisorio,DIP_CABA,CABA,14,comuna 14,153,blanco,1429,26519,17542,neg
2023,G,provisorio,DIP_CABA,CABA,14,comuna 14,153,comando,13,26519,17542,neg
2023,G,provisorio,DIP_CABA,CABA,14,comuna 14,153,fit-u,692,26519,17542,otro
2023,G,provisorio,DIP_CABA,CABA,14,comuna 14,153,impugnado,131,26519,17542,neg
2023,G,provisorio,DIP_CABA,CABA,14,comuna 14,153,juntos por el cambio,9363,26519,17542,jxc-pro
2023,G,provisorio,DIP_CABA,CABA,14,comuna 14,153,la libertad avanza,1680,26519,17542,la libertad avanza
2023,G,provisorio,DIP_CABA,CABA,14,comuna 14,153,nulo,103,26519,17542,neg
2023,G,provisorio,DIP_CABA,CABA,14,comuna 14,153,recurrido,13,26519,17542,neg
2023,G,provisorio,DIP_CABA,CABA,14,comuna 14,153,union por la patria,4118,26519,17542,pj
2023,G,provisorio,DIP_CABA,CABA,14,comuna 14,154,blanco,1887,35084,20770,neg
2023,G,provisorio,DIP_CABA,CABA,14,comuna 14,154,comando,33,35084,20770,neg
2023,G,provisorio,DIP_CABA,CABA,14,comuna 14,154,fit-u,904,35084,20770,otro
2023,G,provisorio,DIP_CABA,CABA,14,comuna 14,154,impugnado,2,35084,20770,neg
2023,G,provisorio,DIP_CABA,CABA,14,comuna 14,154,juntos por el cambio,10419,35084,20770,jxc-pro
2023,G,provisorio,DIP_CABA,CABA,14,comuna 14,154,la libertad avanza,2133,35084,20770,la libertad avanza
2023,G,provisorio,DIP_CABA,CABA,14,comuna 14,154,nulo,135,35084,20770,neg
2023,G,provisorio,DIP_CABA,CABA,14,comuna 14,154,recurrido,7,35084,20770,neg
2023,G,provisorio,DIP_CABA,CABA,14,comuna 14,154,union por la patria,5250,35084,20770,pj
2023,G,provisorio,DIP_CABA,CABA,14,comuna 14,155,blanco,1564,28609,18655,neg
2023,G,provisorio,DIP_CABA,CABA,14,comuna 14,155,comando,10,28609,18655,neg
2023,G,provisorio,DIP_CABA,CABA,14,comuna 14,155,fit-u,834,28609,18655,otro
2023,G,provisorio,DIP_CABA,CABA,14,comuna 14,155,impugnado,3,28609,18655,neg
2023,G,provisorio,DIP_CABA,CABA,14,comuna 14,155,juntos por el cambio,8979,28609,18655,jxc-pro
2023,G,provisorio,DIP_CABA,CABA,14,comuna 14,155,la libertad avanza,2215,28609,18655,la libertad avanza
2023,G,provisorio,DIP_CABA,CABA,14,comuna 14,155,nulo,117,28609,18655,neg
2023,G,provisorio,DIP_CABA,CABA,14,comuna 14,155,recurrido,1,28609,18655,neg
2023,G,provisorio,DIP_CABA,CABA,14,comuna 14,155,union por la patria,4932,28609,18655,pj
2023,G,provisorio,DIP_CABA,CABA,14,comuna 14,156,blanco,735,11409,7531,neg
2023,G,provisorio,DIP_CABA,CABA,14,comuna 14,156,comando,6,11409,7531,neg
2023,G,provisorio,DIP_CABA,CABA,14,comuna 14,156,fit-u,416,11409,7531,otro
2023,G,provisorio,DIP_CABA,CABA,14,comuna 14,156,impugnado,0,11409,7531,neg
2023,G,provisorio,DIP_CABA,CABA,14,comuna 14,156,juntos por el cambio,3248,11409,7531,jxc-pro
2023,G,provisorio,DIP_CABA,CABA,14,comuna 14,156,la libertad avanza,739,11409,7531,la libertad avanza
2023,G,provisorio,DIP_CABA,CABA,14,comuna 14,156,nulo,52,11409,7531,neg
2023,G,provisorio,DIP_CABA,CABA,14,comuna 14,156,recurrido,2,11409,7531,neg
2023,G,provisorio,DIP_CABA,CABA,14,comuna 14,156,union por la patria,2333,11409,7531,pj
2023,G,provisorio,DIP_CABA,CABA,14,comuna 14,157,blanco,1126,19083,12453,neg
2023,G,provisorio,DIP_CABA,CABA,14,comuna 14,157,comando,12,19083,12453,neg
2023,G,provisorio,DIP_CABA,CABA,14,comuna 14,157,fit-u,649,19083,12453,otro
2023,G,provisorio,DIP_CABA,CABA,14,comuna 14,157,impugnado,0,19083,12453,neg
2023,G,provisorio,DIP_CABA,CABA,14,comuna 14,157,juntos por el cambio,5523,19083,12453,jxc-pro
2023,G,provisorio,DIP_CABA,CABA,14,comuna 14,157,la libertad avanza,1279,19083,12453,la libertad avanza
2023,G,provisorio,DIP_CABA,CABA,14,comuna 14,157,nulo,70,19083,12453,neg
2023,G,provisorio,DIP_CABA,CABA,14,comuna 14,157,recurrido,1,19083,12453,neg
2023,G,provisorio,DIP_CABA,CABA,14,comuna 14,157,union por la patria,3793,19083,12453,pj
2023,G,provisorio,DIP_CABA,CABA,15,comuna 15,158,blanco,1332,22355,15201,neg
2023,G,provisorio,DIP_CABA,CABA,15,comuna 15,158,comando,12,22355,15201,neg
2023,G,provisorio,DIP_CABA,CABA,15,comuna 15,158,fit-u,804,22355,15201,otro
2023,G,provisorio,DIP_CABA,CABA,15,comuna 15,158,impugnado,59,22355,15201,neg
2023,G,provisorio,DIP_CABA,CABA,15,comuna 15,158,juntos por el cambio,6553,22355,15201,jxc-pro
2023,G,provisorio,DIP_CABA,CABA,15,comuna 15,158,la libertad avanza,1498,22355,15201,la libertad avanza
2023,G,provisorio,DIP_CABA,CABA,15,comuna 15,158,nulo,100,22355,15201,neg
2023,G,provisorio,DIP_CABA,CABA,15,comuna 15,158,recurrido,36,22355,15201,neg
2023,G,provisorio,DIP_CABA,CABA,15,comuna 15,158,union por la patria,4807,22355,15201,pj
2023,G,provisorio,DIP_CABA,CABA,15,comuna 15,159,blanco,993,14043,9392,neg
2023,G,provisorio,DIP_CABA,CABA,15,comuna 15,159,comando,9,14043,9392,neg
2023,G,provisorio,DIP_CABA,CABA,15,comuna 15,159,fit-u,506,14043,9392,otro
2023,G,provisorio,DIP_CABA,CABA,15,comuna 15,159,impugnado,0,14043,9392,neg
2023,G,provisorio,DIP_CABA,CABA,15,comuna 15,159,juntos por el cambio,3818,14043,9392,jxc-pro
2023,G,provisorio,DIP_CABA,CABA,15,comuna 15,159,la libertad avanza,998,14043,9392,la libertad avanza
2023,G,provisorio,DIP_CABA,CABA,15,comuna 15,159,nulo,63,14043,9392,neg
2023,G,provisorio,DIP_CABA,CABA,15,comuna 15,159,recurrido,3,14043,9392,neg
2023,G,provisorio,DIP_CABA,CABA,15,comuna 15,159,union por la patria,3002,14043,9392,pj
2023,G,provisorio,DIP_CABA,CABA,15,comuna 15,160,blanco,1685,26871,17384,neg
2023,G,provisorio,DIP_CABA,CABA,15,comuna 15,160,comando,7,26871,17384,neg
2023,G,provisorio,DIP_CABA,CABA,15,comuna 15,160,fit-u,936,26871,17384,otro
2023,G,provisorio,DIP_CABA,CABA,15,comuna 15,160,impugnado,0,26871,17384,neg
2023,G,provisorio,DIP_CABA,CABA,15,comuna 15,160,juntos por el cambio,7457,26871,17384,jxc-pro
2023,G,provisorio,DIP_CABA,CABA,15,comuna 15,160,la libertad avanza,1794,26871,17384,la libertad avanza
2023,G,provisorio,DIP_CABA,CABA,15,comuna 15,160,nulo,99,26871,17384,neg
2023,G,provisorio,DIP_CABA,CABA,15,comuna 15,160,recurrido,2,26871,17384,neg
2023,G,provisorio,DIP_CABA,CABA,15,comuna 15,160,union por la patria,5404,26871,17384,pj
2023,G,provisorio,DIP_CABA,CABA,15,comuna 15,161,blanco,1658,22094,15474,neg
2023,G,provisorio,DIP_CABA,CABA,15,comuna 15,161,comando,10,22094,15474,neg
2023,G,provisorio,DIP_CABA,CABA,15,comuna 15,161,fit-u,897,22094,15474,otro
2023,G,provisorio,DIP_CABA,CABA,15,comuna 15,161,impugnado,67,22094,15474,neg
2023,G,provisorio,DIP_CABA,CABA,15,comuna 15,161,juntos por el cambio,6193,22094,15474,jxc-pro
2023,G,provisorio,DIP_CABA,CABA,15,comuna 15,161,la libertad avanza,1537,22094,15474,la libertad avanza
2023,G,provisorio,DIP_CABA,CABA,15,comuna 15,161,nulo,113,22094,15474,neg
2023,G,provisorio,DIP_CABA,CABA,15,comuna 15,161,recurrido,6,22094,15474,neg
2023,G,provisorio,DIP_CABA,CABA,15,comuna 15,161,union por la patria,4993,22094,15474,pj
2023,G,provisorio,DIP_CABA,CABA,15,comuna 15,162,blanco,1709,20307,13465,neg
2023,G,provisorio,DIP_CABA,CABA,15,comuna 15,162,comando,5,20307,13465,neg
2023,G,provisorio,DIP_CABA,CABA,15,comuna 15,162,fit-u,766,20307,13465,otro
2023,G,provisorio,DIP_CABA,CABA,15,comuna 15,162,impugnado,143,20307,13465,neg
2023,G,provisorio,DIP_CABA,CABA,15,comuna 15,162,juntos por el cambio,4520,20307,13465,jxc-pro
2023,G,provisorio,DIP_CABA,CABA,15,comuna 15,162,la libertad avanza,1709,20307,13465,la libertad avanza
2023,G,provisorio,DIP_CABA,CABA,15,comuna 15,162,nulo,105,20307,13465,neg
2023,G,provisorio,DIP_CABA,CABA,15,comuna 15,162,recurrido,5,20307,13465,neg
2023,G,provisorio,DIP_CABA,CABA,15,comuna 15,162,union por la patria,4503,20307,13465,pj
2023,G,provisorio,DIP_CABA,CABA,15,comuna 15,163,blanco,1132,14308,9827,neg
2023,G,provisorio,DIP_CABA,CABA,15,comuna 15,163,comando,5,14308,9827,neg
2023,G,provisorio,DIP_CABA,CABA,15,comuna 15,163,fit-u,639,14308,9827,otro
2023,G,provisorio,DIP_CABA,CABA,15,comuna 15,163,impugnado,0,14308,9827,neg
2023,G,provisorio,DIP_CABA,CABA,15,comuna 15,163,juntos por el cambio,3280,14308,9827,jxc-pro
2023,G,provisorio,DIP_CABA,CABA,15,comuna 15,163,la libertad avanza,1168,14308,9827,la libertad avanza
2023,G,provisorio,DIP_CABA,CABA,15,comuna 15,163,nulo,65,14308,9827,neg
2023,G,provisorio,DIP_CABA,CABA,15,comuna 15,163,recurrido,2,14308,9827,neg
2023,G,provisorio,DIP_CABA,CABA,15,comuna 15,163,union por la patria,3536,14308,9827,pj
2023,G,provisorio,DIP_CABA,CABA,15,comuna 15,164,blanco,1184,15176,9999,neg
2023,G,provisorio,DIP_CABA,CABA,15,comuna 15,164,comando,11,15176,9999,neg
2023,G,provisorio,DIP_CABA,CABA,15,comuna 15,164,fit-u,557,15176,9999,otro
2023,G,provisorio,DIP_CABA,CABA,15,comuna 15,164,impugnado,0,15176,9999,neg
2023,G,provisorio,DIP_CABA,CABA,15,comuna 15,164,juntos por el cambio,3818,15176,9999,jxc-pro
2023,G,provisorio,DIP_CABA,CABA,15,comuna 15,164,la libertad avanza,1110,15176,9999,la libertad avanza
2023,G,provisorio,DIP_CABA,CABA,15,comuna 15,164,nulo,85,15176,9999,neg
2023,G,provisorio,DIP_CABA,CABA,15,comuna 15,164,recurrido,2,15176,9999,neg
2023,G,provisorio,DIP_CABA,CABA,15,comuna 15,164,union por la patria,3232,15176,9999,pj
2023,G,provisorio,DIP_CABA,CABA,15,comuna 15,165,blanco,1604,21940,15671,neg
2023,G,provisorio,DIP_CABA,CABA,15,comuna 15,165,comando,3,21940,15671,neg
2023,G,provisorio,DIP_CABA,CABA,15,comuna 15,165,fit-u,800,21940,15671,otro
2023,G,provisorio,DIP_CABA,CABA,15,comuna 15,165,impugnado,0,21940,15671,neg
2023,G,provisorio,DIP_CABA,CABA,15,comuna 15,165,juntos por el cambio,6878,21940,15671,jxc-pro
2023,G,provisorio,DIP_CABA,CABA,15,comuna 15,165,la libertad avanza,1586,21940,15671,la libertad avanza
2023,G,provisorio,DIP_CABA,CABA,15,comuna 15,165,nulo,109,21940,15671,neg
2023,G,provisorio,DIP_CABA,CABA,15,comuna 15,165,recurrido,5,21940,15671,neg
2023,G,provisorio,DIP_CABA,CABA,15,comuna 15,165,union por la patria,4686,21940,15671,pj
2023,G,provisorio,DIP_CABA,CABA,15,comuna 15,166,blanco,1451,17582,13145,neg
2023,G,provisorio,DIP_CABA,CABA,15,comuna 15,166,comando,5,17582,13145,neg
2023,G,provisorio,DIP_CABA,CABA,15,comuna 15,166,fit-u,735,17582,13145,otro
2023,G,provisorio,DIP_CABA,CABA,15,comuna 15,166,impugnado,73,17582,13145,neg
2023,G,provisorio,DIP_CABA,CABA,15,comuna 15,166,juntos por el cambio,5217,17582,13145,jxc-pro
2023,G,provisorio,DIP_CABA,CABA,15,comuna 15,166,la libertad avanza,1369,17582,13145,la libertad avanza
2023,G,provisorio,DIP_CABA,CABA,15,comuna 15,166,nulo,110,17582,13145,neg
2023,G,provisorio,DIP_CABA,CABA,15,comuna 15,166,recurrido,6,17582,13145,neg
2023,G,provisorio,DIP_CABA,CABA,15,comuna 15,166,union por la patria,4179,17582,13145,pj
2023,G,provisorio,DIP_CABA,CABA,15,comuna 15,167,blanco,1027,13595,10578,neg
2023,G,provisorio,DIP_CABA,CABA,15,comuna 15,167,comando,14,13595,10578,neg
2023,G,provisorio,DIP_CABA,CABA,15,comuna 15,167,fit-u,523,13595,10578,otro
2023,G,provisorio,DIP_CABA,CABA,15,comuna 15,167,impugnado,0,13595,10578,neg
2023,G,provisorio,DIP_CABA,CABA,15,comuna 15,167,juntos por el cambio,4816,13595,10578,jxc-pro
2023,G,provisorio,DIP_CABA,CABA,15,comuna 15,167,la libertad avanza,1128,13595,10578,la libertad avanza
2023,G,provisorio,DIP_CABA,CABA,15,comuna 15,167,nulo,78,13595,10578,neg
2023,G,provisorio,DIP_CABA,CABA,15,comuna 15,167,recurrido,3,13595,10578,neg
2023,G,provisorio,DIP_CABA,CABA,15,comuna 15,167,union por la patria,2989,13595,10578,pj
2025,G,provisorio,DIP_CABA,CABA,1,comuna 01,1,blanco,118,12557,6398,neg
2025,G,provisorio,DIP_CABA,CABA,1,comuna 01,2,blanco,104,12110,5475,neg
2025,G,provisorio,DIP_CABA,CABA,1,comuna 01,3,blanco,22,3962,1989,neg
2025,G,provisorio,DIP_CABA,CABA,1,comuna 01,4,blanco,8,3143,1502,neg
2025,G,provisorio,DIP_CABA,CABA,1,comuna 01,5,blanco,229,31029,8859,neg
2025,G,provisorio,DIP_CABA,CABA,1,comuna 01,6,blanco,91,19270,8998,neg
2025,G,provisorio,DIP_CABA,CABA,1,comuna 01,7,blanco,59,9533,4737,neg
2025,G,provisorio,DIP_CABA,CABA,1,comuna 01,8,blanco,85,11664,4552,neg
2025,G,provisorio,DIP_CABA,CABA,1,comuna 01,9,blanco,116,17073,6090,neg
2025,G,provisorio,DIP_CABA,CABA,1,comuna 01,10,blanco,118,14181,6502,neg
2025,G,provisorio,DIP_CABA,CABA,1,comuna 01,11,blanco,131,17022,6867,neg
2025,G,provisorio,DIP_CABA,CABA,1,comuna 01,12,blanco,121,14241,6183,neg
2025,G,provisorio,DIP_CABA,CABA,1,comuna 01,13,blanco,144,15923,7257,neg
2025,G,provisorio,DIP_CABA,CABA,1,comuna 01,14,blanco,61,7319,2891,neg
2025,G,provisorio,DIP_CABA,CABA,1,comuna 01,15,blanco,78,10624,4535,neg
2025,G,provisorio,DIP_CABA,CABA,1,comuna 01,16,blanco,91,10385,4709,neg
2025,G,provisorio,DIP_CABA,CABA,1,comuna 01,17,blanco,116,15138,6549,neg
2025,G,provisorio,DIP_CABA,CABA,1,comuna 01,18,blanco,57,9466,3926,neg
2025,G,provisorio,DIP_CABA,CABA,1,comuna 01,19,blanco,130,15125,6064,neg
2025,G,provisorio,DIP_CABA,CABA,2,comuna 02,20,blanco,62,9021,4323,neg
2025,G,provisorio,DIP_CABA,CABA,2,comuna 02,21,blanco,100,15247,7823,neg
2025,G,provisorio,DIP_CABA,CABA,2,comuna 02,22,blanco,145,17590,9476,neg
2025,G,provisorio,DIP_CABA,CABA,2,comuna 02,23,blanco,191,22530,11985,neg
2025,G,provisorio,DIP_CABA,CABA,2,comuna 02,24,blanco,113,14506,8002,neg
2025,G,provisorio,DIP_CABA,CABA,2,comuna 02,25,blanco,119,14754,7685,neg
2025,G,provisorio,DIP_CABA,CABA,2,comuna 02,26,blanco,135,18701,9906,neg
2025,G,provisorio,DIP_CABA,CABA,2,comuna 02,27,blanco,127,14752,7373,neg
2025,G,provisorio,DIP_CABA,CABA,2,comuna 02,28,blanco,198,21136,10954,neg
2025,G,provisorio,DIP_CABA,CABA,2,comuna 02,29,blanco,111,13637,7285,neg
2025,G,provisorio,DIP_CABA,CABA,3,comuna 03,30,blanco,140,15092,6373,neg
2025,G,provisorio,DIP_CABA,CABA,3,comuna 03,31,blanco,149,18180,7289,neg
2025,G,provisorio,DIP_CABA,CABA,3,comuna 03,32,blanco,126,14599,6519,neg
2025,G,provisorio,DIP_CABA,CABA,3,comuna 03,33,blanco,152,14067,5487,neg
2025,G,provisorio,DIP_CABA,CABA,3,comuna 03,34,blanco,166,19917,8457,neg
2025,G,provisorio,DIP_CABA,CABA,3,comuna 03,35,blanco,135,16245,7703,neg
2025,G,provisorio,DIP_CABA,CABA,3,comuna 03,36,blanco,99,10505,5190,neg
2025,G,provisorio,DIP_CABA,CABA,3,comuna 03,37,blanco,125,13496,6609,neg
2025,G,provisorio,DIP_CABA,CABA,3,comuna 03,38,blanco,148,15350,7532,neg
2025,G,provisorio,DIP_CABA,CABA,3,comuna 03,39,blanco,150,15614,7792,neg
2025,G,provisorio,DIP_CABA,CABA,3,comuna 03,40,blanco,101,10929,6418,neg
2025,G,provisorio,DIP_CABA,CABA,3,comuna 03,41,blanco,222,21815,11478,neg
2025,G,provisorio,DIP_CABA,CABA,3,comuna 03,42,blanco,229,18525,9518,neg
2025,G,provisorio,DIP_CABA,CABA,4,comuna 04,43,blanco,164,13659,8042,neg
2025,G,provisorio,DIP_CABA,CABA,4,comuna 04,44,blanco,109,10358,6082,neg
2025,G,provisorio,DIP_CABA,CABA,4,comuna 04,45,blanco,74,8755,4516,neg
2025,G,provisorio,DIP_CABA,CABA,4,comuna 04,46,blanco,96,8419,4106,neg
2025,G,provisorio,DIP_CABA,CABA,4,comuna 04,47,blanco,241,37329,11026,neg
2025,G,provisorio,DIP_CABA,CABA,4,comuna 04,48,blanco,134,15552,8076,neg
2025,G,provisorio,DIP_CABA,CABA,4,comuna 04,49,blanco,159,13436,7193,neg
2025,G,provisorio,DIP_CABA,CABA,4,comuna 04,50,blanco,163,15226,8786,neg
2025,G,provisorio,DIP_CABA,CABA,4,comuna 04,51,blanco,116,10813,6480,neg
2025,G,provisorio,DIP_CABA,CABA,4,comuna 04,52,blanco,151,13957,6544,neg
2025,G,provisorio,DIP_CABA,CABA,4,comuna 04,53,blanco,149,17072,7819,neg
2025,G,provisorio,DIP_CABA,CABA,4,comuna 04,54,blanco,180,17890,9570,neg
2025,G,provisorio,DIP_CABA,CABA,4,comuna 04,55,blanco,150,12094,6057,neg
2025,G,provisorio,DIP_CABA,CABA,4,comuna 04,56,blanco,135,11838,5982,neg
2025,G,provisorio,DIP_CABA,CABA,4,comuna 04,57,blanco,247,23039,12121,neg
2025,G,provisorio,DIP_CABA,CABA,5,comuna 05,58,blanco,180,16081,9511,neg
2025,G,provisorio,DIP_CABA,CABA,5,comuna 05,59,blanco,164,14324,8544,neg
2025,G,provisorio,DIP_CABA,CABA,5,comuna 05,60,blanco,229,17426,10563,neg
2025,G,provisorio,DIP_CABA,CABA,5,comuna 05,61,blanco,153,16442,10107,neg
2025,G,provisorio,DIP_CABA,CABA,5,comuna 05,62,blanco,111,11770,6780,neg
2025,G,provisorio,DIP_CABA,CABA,5,comuna 05,63,blanco,268,22766,12949,neg
2025,G,provisorio,DIP_CABA,CABA,5,comuna 05,64,blanco,236,25789,13669,neg
2025,G,provisorio,DIP_CABA,CABA,5,comuna 05,65,blanco,181,17044,8670,neg
2025,G,provisorio,DIP_CABA,CABA,5,comuna 05,66,blanco,145,15176,8657,neg
2025,G,provisorio,DIP_CABA,CABA,5,comuna 05,67,blanco,238,23365,13231,neg
2025,G,provisorio,DIP_CABA,CABA,6,comuna 06,68,blanco,257,22019,13406,neg
2025,G,provisorio,DIP_CABA,CABA,6,comuna 06,69,blanco,375,31181,19526,neg
2025,G,provisorio,DIP_CABA,CABA,6,comuna 06,70,blanco,325,29072,17461,neg
2025,G,provisorio,DIP_CABA,CABA,6,comuna 06,71,blanco,364,33919,21037,neg
2025,G,provisorio,DIP_CABA,CABA,6,comuna 06,72,blanco,191,14881,9130,neg
2025,G,provisorio,DIP_CABA,CABA,6,comuna 06,73,blanco,221,19449,12322,neg
2025,G,provisorio,DIP_CABA,CABA,6,comuna 06,74,blanco,307,26575,16675,neg
2025,G,provisorio,DIP_CABA,CABA,7,comuna 07,75,blanco,140,11210,7160,neg
2025,G,provisorio,DIP_CABA,CABA,7,comuna 07,76,blanco,202,18001,11467,neg
2025,G,provisorio,DIP_CABA,CABA,7,comuna 07,77,blanco,186,15468,9169,neg
2025,G,provisorio,DIP_CABA,CABA,7,comuna 07,78,blanco,145,13647,7411,neg
2025,G,provisorio,DIP_CABA,CABA,7,comuna 07,79,blanco,161,17377,7926,neg
2025,G,provisorio,DIP_CABA,CABA,7,comuna 07,80,blanco,144,15082,9261,neg
2025,G,provisorio,DIP_CABA,CABA,7,comuna 07,81,blanco,139,14671,8155,neg
2025,G,provisorio,DIP_CABA,CABA,7,comuna 07,82,blanco,183,17804,9600,neg
2025,G,provisorio,DIP_CABA,CABA,7,comuna 07,83,blanco,262,22788,13340,neg
2025,G,provisorio,DIP_CABA,CABA,7,comuna 07,84,blanco,147,12904,7688,neg
2025,G,provisorio,DIP_CABA,CABA,7,comuna 07,85,blanco,96,8404,5445,neg
2025,G,provisorio,DIP_CABA,CABA,7,comuna 07,86,blanco,484,57251,20217,neg
2025,G,provisorio,DIP_CABA,CABA,8,comuna 08,87,blanco,479,48702,21437,neg
2025,G,provisorio,DIP_CABA,CABA,8,comuna 08,88,blanco,248,17856,10430,neg
2025,G,provisorio,DIP_CABA,CABA,8,comuna 08,89,blanco,644,69053,31837,neg
2025,G,provisorio,DIP_CABA,CABA,8,comuna 08,90,blanco,593,66139,28468,neg
2025,G,provisorio,DIP_CABA,CABA,9,comuna 09,91,blanco,160,16358,6959,neg
2025,G,provisorio,DIP_CABA,CABA,9,comuna 09,92,blanco,211,17131,9187,neg
2025,G,provisorio,DIP_CABA,CABA,9,comuna 09,93,blanco,131,10006,5686,neg
2025,G,provisorio,DIP_CABA,CABA,9,comuna 09,94,blanco,130,12335,7211,neg
2025,G,provisorio,DIP_CABA,CABA,9,comuna 09,95,blanco,218,19872,11600,neg
2025,G,provisorio,DIP_CABA,CABA,9,comuna 09,96,blanco,169,15064,7938,neg
2025,G,provisorio,DIP_CABA,CABA,9,comuna 09,97,blanco,117,13514,7263,neg
2025,G,provisorio,DIP_CABA,CABA,9,comuna 09,98,blanco,282,23996,14341,neg
2025,G,provisorio,DIP_CABA,CABA,9,comuna 09,99,blanco,149,11808,7546,neg
2025,G,provisorio,DIP_CABA,CABA,9,comuna 09,100,blanco,222,15274,9774,neg
2025,G,provisorio,DIP_CABA,CABA,9,comuna 09,101,blanco,204,20333,10878,neg
2025,G,provisorio,DIP_CABA,CABA,10,comuna 10,102,blanco,187,13869,9045,neg
2025,G,provisorio,DIP_CABA,CABA,10,comuna 10,103,blanco,184,13314,8227,neg
2025,G,provisorio,DIP_CABA,CABA,10,comuna 10,104,blanco,190,13095,8452,neg
2025,G,provisorio,DIP_CABA,CABA,10,comuna 10,105,blanco,277,20263,12792,neg
2025,G,provisorio,DIP_CABA,CABA,10,comuna 10,106,blanco,174,12239,7734,neg
2025,G,provisorio,DIP_CABA,CABA,10,comuna 10,107,blanco,223,21296,13225,neg
2025,G,provisorio,DIP_CABA,CABA,10,comuna 10,108,blanco,162,13017,8181,neg
2025,G,provisorio,DIP_CABA,CABA,10,comuna 10,109,blanco,252,21713,12618,neg
2025,G,provisorio,DIP_CABA,CABA,10,comuna 10,110,blanco,150,10717,6703,neg
2025,G,provisorio,DIP_CABA,CABA,10,comuna 10,111,blanco,181,15847,7336,neg
2025,G,provisorio,DIP_CABA,CABA,10,comuna 10,112,blanco,102,10438,5449,neg
2025,G,provisorio,DIP_CABA,CABA,11,comuna 11,113,blanco,167,14377,8785,neg
2025,G,provisorio,DIP_CABA,CABA,11,comuna 11,114,blanco,238,19428,11722,neg
2025,G,provisorio,DIP_CABA,CABA,11,comuna 11,115,blanco,165,13809,8154,neg
2025,G,provisorio,DIP_CABA,CABA,11,comuna 11,116,blanco,246,19378,11815,neg
2025,G,provisorio,DIP_CABA,CABA,11,comuna 11,117,blanco,266,19769,12638,neg
2025,G,provisorio,DIP_CABA,CABA,11,comuna 11,118,blanco,183,15712,10030,neg
2025,G,provisorio,DIP_CABA,CABA,11,comuna 11,119,blanco,266,18859,12384,neg
2025,G,provisorio,DIP_CABA,CABA,11,comuna 11,120,blanco,277,20171,12954,neg
2025,G,provisorio,DIP_CABA,CABA,11,comuna 11,121,blanco,233,16169,10287,neg
2025,G,provisorio,DIP_CABA,CABA,11,comuna 11,122,blanco,160,14300,9205,neg
2025,G,provisorio,DIP_CABA,CABA,11,comuna 11,123,blanco,208,15251,9861,neg
2025,G,provisorio,DIP_CABA,CABA,12,comuna 12,124,blanco,203,17084,11292,neg
2025,G,provisorio,DIP_CABA,CABA,12,comuna 12,125,blanco,290,23239,14921,neg
2025,G,provisorio,DIP_CABA,CABA,12,comuna 12,126,blanco,223,19090,12260,neg
2025,G,provisorio,DIP_CABA,CABA,12,comuna 12,127,blanco,336,27118,17025,neg
2025,G,provisorio,DIP_CABA,CABA,12,comuna 12,128,blanco,264,22151,14004,neg
2025,G,provisorio,DIP_CABA,CABA,12,comuna 12,129,blanco,339,29370,18077,neg
2025,G,provisorio,DIP_CABA,CABA,12,comuna 12,130,blanco,273,19615,12171,neg
2025,G,provisorio,DIP_CABA,CABA,12,comuna 12,131,blanco,72,5958,3857,neg
2025,G,provisorio,DIP_CABA,CABA,12,comuna 12,132,blanco,262,22103,13378,neg
2025,G,provisorio,DIP_CABA,CABA,12,comuna 12,133,blanco,262,22112,13784,neg
2025,G,provisorio,DIP_CABA,CABA,13,comuna 13,134,blanco,102,9619,5523,neg
2025,G,provisorio,DIP_CABA,CABA,13,comuna 13,135,blanco,126,13442,7980,neg
2025,G,provisorio,DIP_CABA,CABA,13,comuna 13,136,blanco,215,16440,9806,neg
2025,G,provisorio,DIP_CABA,CABA,13,comuna 13,137,blanco,167,15554,9340,neg
2025,G,provisorio,DIP_CABA,CABA,13,comuna 13,138,blanco,337,32936,18911,neg
2025,G,provisorio,DIP_CABA,CABA,13,comuna 13,139,blanco,217,20589,11722,neg
2025,G,provisorio,DIP_CABA,CABA,13,comuna 13,140,blanco,95,10547,5560,neg
2025,G,provisorio,DIP_CABA,CABA,13,comuna 13,141,blanco,146,16421,9546,neg
2025,G,provisorio,DIP_CABA,CABA,13,comuna 13,142,blanco,226,27238,15606,neg
2025,G,provisorio,DIP_CABA,CABA,13,comuna 13,143,blanco,200,19838,11470,neg
2025,G,provisorio,DIP_CABA,CABA,13,comuna 13,144,blanco,75,8767,5296,neg
2025,G,provisorio,DIP_CABA,CABA,13,comuna 13,145,blanco,207,16405,10306,neg
2025,G,provisorio,DIP_CABA,CABA,13,comuna 13,146,blanco,131,12536,7552,neg
2025,G,provisorio,DIP_CABA,CABA,13,comuna 13,147,blanco,231,23117,12987,neg
2025,G,provisorio,DIP_CABA,CABA,14,comuna 14,148,blanco,203,25385,14238,neg
2025,G,provisorio,DIP_CABA,CABA,14,comuna 14,149,blanco,208,29262,15659,neg
2025,G,provisorio,DIP_CABA,CABA,14,comuna 14,150,blanco,62,14420,7686,neg
2025,G,provisorio,DIP_CABA,CABA,14,comuna 14,151,blanco,214,30540,15689,neg
2025,G,provisorio,DIP_CABA,CABA,14,comuna 14,152,blanco,181,22485,12142,neg
2025,G,provisorio,DIP_CABA,CABA,14,comuna 14,153,blanco,257,27011,14914,neg
2025,G,provisorio,DIP_CABA,CABA,14,comuna 14,154,blanco,322,32341,16658,neg
2025,G,provisorio,DIP_CABA,CABA,14,comuna 14,155,blanco,250,29556,15250,neg
2025,G,provisorio,DIP_CABA,CABA,14,comuna 14,156,blanco,121,11665,6146,neg
2025,G,provisorio,DIP_CABA,CABA,14,comuna 14,157,blanco,192,19454,10411,neg
2025,G,provisorio,DIP_CABA,CABA,15,comuna 15,158,blanco,273,22962,13096,neg
2025,G,provisorio,DIP_CABA,CABA,15,comuna 15,159,blanco,154,14495,8153,neg
2025,G,provisorio,DIP_CABA,CABA,15,comuna 15,160,blanco,285,26240,14714,neg
2025,G,provisorio,DIP_CABA,CABA,15,comuna 15,161,blanco,276,22469,13239,neg
2025,G,provisorio,DIP_CABA,CABA,15,comuna 15,162,blanco,230,19685,10418,neg
2025,G,provisorio,DIP_CABA,CABA,15,comuna 15,163,blanco,166,14547,7944,neg
2025,G,provisorio,DIP_CABA,CABA,15,comuna 15,164,blanco,185,15214,8096,neg
2025,G,provisorio,DIP_CABA,CABA,15,comuna 15,165,blanco,228,22141,13131,neg
2025,G,provisorio,DIP_CABA,CABA,15,comuna 15,166,blanco,249,17752,11362,neg
2025,G,provisorio,DIP_CABA,CABA,15,comuna 15,167,blanco,170,13635,8834,neg
2025,G,provisorio,DIP_CABA,CABA,1,comuna 01,1,buenos aires primero,818,12557,6398,jxc-pro
2025,G,provisorio,DIP_CABA,CABA,1,comuna 01,2,buenos aires primero,645,12110,5475,jxc-pro
2025,G,provisorio,DIP_CABA,CABA,1,comuna 01,3,buenos aires primero,405,3962,1989,jxc-pro
2025,G,provisorio,DIP_CABA,CABA,1,comuna 01,4,buenos aires primero,363,3143,1502,jxc-pro
2025,G,provisorio,DIP_CABA,CABA,1,comuna 01,5,buenos aires primero,2110,31029,8859,jxc-pro
2025,G,provisorio,DIP_CABA,CABA,1,comuna 01,6,buenos aires primero,2265,19270,8998,jxc-pro
2025,G,provisorio,DIP_CABA,CABA,1,comuna 01,7,buenos aires primero,1067,9533,4737,jxc-pro
2025,G,provisorio,DIP_CABA,CABA,1,comuna 01,8,buenos aires primero,860,11664,4552,jxc-pro
2025,G,provisorio,DIP_CABA,CABA,1,comuna 01,9,buenos aires primero,1033,17073,6090,jxc-pro
2025,G,provisorio,DIP_CABA,CABA,1,comuna 01,10,buenos aires primero,1152,14181,6502,jxc-pro
2025,G,provisorio,DIP_CABA,CABA,1,comuna 01,11,buenos aires primero,1003,17022,6867,jxc-pro
2025,G,provisorio,DIP_CABA,CABA,1,comuna 01,12,buenos aires primero,839,14241,6183,jxc-pro
2025,G,provisorio,DIP_CABA,CABA,1,comuna 01,13,buenos aires primero,1037,15923,7257,jxc-pro
2025,G,provisorio,DIP_CABA,CABA,1,comuna 01,14,buenos aires primero,432,7319,2891,jxc-pro
2025,G,provisorio,DIP_CABA,CABA,1,comuna 01,15,buenos aires primero,518,10624,4535,jxc-pro
2025,G,provisorio,DIP_CABA,CABA,1,comuna 01,16,buenos aires primero,609,10385,4709,jxc-pro
2025,G,provisorio,DIP_CABA,CABA,1,comuna 01,17,buenos aires primero,880,15138,6549,jxc-pro
2025,G,provisorio,DIP_CABA,CABA,1,comuna 01,18,buenos aires primero,449,9466,3926,jxc-pro
2025,G,provisorio,DIP_CABA,CABA,1,comuna 01,19,buenos aires primero,722,15125,6064,jxc-pro
2025,G,provisorio,DIP_CABA,CABA,2,comuna 02,20,buenos aires primero,995,9021,4323,jxc-pro
2025,G,provisorio,DIP_CABA,CABA,2,comuna 02,21,buenos aires primero,1921,15247,7823,jxc-pro
2025,G,provisorio,DIP_CABA,CABA,2,comuna 02,22,buenos aires primero,2205,17590,9476,jxc-pro
2025,G,provisorio,DIP_CABA,CABA,2,comuna 02,23,buenos aires primero,2641,22530,11985,jxc-pro
2025,G,provisorio,DIP_CABA,CABA,2,comuna 02,24,buenos aires primero,1903,14506,8002,jxc-pro
2025,G,provisorio,DIP_CABA,CABA,2,comuna 02,25,buenos aires primero,1885,14754,7685,jxc-pro
2025,G,provisorio,DIP_CABA,CABA,2,comuna 02,26,buenos aires primero,2335,18701,9906,jxc-pro
2025,G,provisorio,DIP_CABA,CABA,2,comuna 02,27,buenos aires primero,1561,14752,7373,jxc-pro
2025,G,provisorio,DIP_CABA,CABA,2,comuna 02,28,buenos aires primero,2099,21136,10954,jxc-pro
2025,G,provisorio,DIP_CABA,CABA,2,comuna 02,29,buenos aires primero,1457,13637,7285,jxc-pro
2025,G,provisorio,DIP_CABA,CABA,3,comuna 03,30,buenos aires primero,870,15092,6373,jxc-pro
2025,G,provisorio,DIP_CABA,CABA,3,comuna 03,31,buenos aires primero,1012,18180,7289,jxc-pro
2025,G,provisorio,DIP_CABA,CABA,3,comuna 03,32,buenos aires primero,1012,14599,6519,jxc-pro
2025,G,provisorio,DIP_CABA,CABA,3,comuna 03,33,buenos aires primero,705,14067,5487,jxc-pro
2025,G,provisorio,DIP_CABA,CABA,3,comuna 03,34,buenos aires primero,1165,19917,8457,jxc-pro
2025,G,provisorio,DIP_CABA,CABA,3,comuna 03,35,buenos aires primero,990,16245,7703,jxc-pro
2025,G,provisorio,DIP_CABA,CABA,3,comuna 03,36,buenos aires primero,578,10505,5190,jxc-pro
2025,G,provisorio,DIP_CABA,CABA,3,comuna 03,37,buenos aires primero,863,13496,6609,jxc-pro
2025,G,provisorio,DIP_CABA,CABA,3,comuna 03,38,buenos aires primero,1063,15350,7532,jxc-pro
2025,G,provisorio,DIP_CABA,CABA,3,comuna 03,39,buenos aires primero,1048,15614,7792,jxc-pro
2025,G,provisorio,DIP_CABA,CABA,3,comuna 03,40,buenos aires primero,884,10929,6418,jxc-pro
2025,G,provisorio,DIP_CABA,CABA,3,comuna 03,41,buenos aires primero,1478,21815,11478,jxc-pro
2025,G,provisorio,DIP_CABA,CABA,3,comuna 03,42,buenos aires primero,1246,18525,9518,jxc-pro
2025,G,provisorio,DIP_CABA,CABA,4,comuna 04,43,buenos aires primero,1085,13659,8042,jxc-pro
2025,G,provisorio,DIP_CABA,CABA,4,comuna 04,44,buenos aires primero,806,10358,6082,jxc-pro
2025,G,provisorio,DIP_CABA,CABA,4,comuna 04,45,buenos aires primero,597,8755,4516,jxc-pro
2025,G,provisorio,DIP_CABA,CABA,4,comuna 04,46,buenos aires primero,539,8419,4106,jxc-pro
2025,G,provisorio,DIP_CABA,CABA,4,comuna 04,47,buenos aires primero,987,37329,11026,jxc-pro
2025,G,provisorio,DIP_CABA,CABA,4,comuna 04,48,buenos aires primero,1283,15552,8076,jxc-pro
2025,G,provisorio,DIP_CABA,CABA,4,comuna 04,49,buenos aires primero,902,13436,7193,jxc-pro
2025,G,provisorio,DIP_CABA,CABA,4,comuna 04,50,buenos aires primero,1575,15226,8786,jxc-pro
2025,G,provisorio,DIP_CABA,CABA,4,comuna 04,51,buenos aires primero,1130,10813,6480,jxc-pro
2025,G,provisorio,DIP_CABA,CABA,4,comuna 04,52,buenos aires primero,715,13957,6544,jxc-pro
2025,G,provisorio,DIP_CABA,CABA,4,comuna 04,53,buenos aires primero,902,17072,7819,jxc-pro
2025,G,provisorio,DIP_CABA,CABA,4,comuna 04,54,buenos aires primero,1379,17890,9570,jxc-pro
2025,G,provisorio,DIP_CABA,CABA,4,comuna 04,55,buenos aires primero,657,12094,6057,jxc-pro
2025,G,provisorio,DIP_CABA,CABA,4,comuna 04,56,buenos aires primero,619,11838,5982,jxc-pro
2025,G,provisorio,DIP_CABA,CABA,4,comuna 04,57,buenos aires primero,1412,23039,12121,jxc-pro
2025,G,provisorio,DIP_CABA,CABA,5,comuna 05,58,buenos aires primero,1243,16081,9511,jxc-pro
2025,G,provisorio,DIP_CABA,CABA,5,comuna 05,59,buenos aires primero,1043,14324,8544,jxc-pro
2025,G,provisorio,DIP_CABA,CABA,5,comuna 05,60,buenos aires primero,1515,17426,10563,jxc-pro
2025,G,provisorio,DIP_CABA,CABA,5,comuna 05,61,buenos aires primero,1626,16442,10107,jxc-pro
2025,G,provisorio,DIP_CABA,CABA,5,comuna 05,62,buenos aires primero,926,11770,6780,jxc-pro
2025,G,provisorio,DIP_CABA,CABA,5,comuna 05,63,buenos aires primero,1955,22766,12949,jxc-pro
2025,G,provisorio,DIP_CABA,CABA,5,comuna 05,64,buenos aires primero,2064,25789,13669,jxc-pro
2025,G,provisorio,DIP_CABA,CABA,5,comuna 05,65,buenos aires primero,1276,17044,8670,jxc-pro
2025,G,provisorio,DIP_CABA,CABA,5,comuna 05,66,buenos aires primero,1290,15176,8657,jxc-pro
2025,G,provisorio,DIP_CABA,CABA,5,comuna 05,67,buenos aires primero,1910,23365,13231,jxc-pro
2025,G,provisorio,DIP_CABA,CABA,6,comuna 06,68,buenos aires primero,2196,22019,13406,jxc-pro
2025,G,provisorio,DIP_CABA,CABA,6,comuna 06,69,buenos aires primero,3918,31181,19526,jxc-pro
2025,G,provisorio,DIP_CABA,CABA,6,comuna 06,70,buenos aires primero,2819,29072,17461,jxc-pro
2025,G,provisorio,DIP_CABA,CABA,6,comuna 06,71,buenos aires primero,3950,33919,21037,jxc-pro
2025,G,provisorio,DIP_CABA,CABA,6,comuna 06,72,buenos aires primero,1282,14881,9130,jxc-pro
2025,G,provisorio,DIP_CABA,CABA,6,comuna 06,73,buenos aires primero,1845,19449,12322,jxc-pro
2025,G,provisorio,DIP_CABA,CABA,6,comuna 06,74,buenos aires primero,3132,26575,16675,jxc-pro
2025,G,provisorio,DIP_CABA,CABA,7,comuna 07,75,buenos aires primero,1074,11210,7160,jxc-pro
2025,G,provisorio,DIP_CABA,CABA,7,comuna 07,76,buenos aires primero,1696,18001,11467,jxc-pro
2025,G,provisorio,DIP_CABA,CABA,7,comuna 07,77,buenos aires primero,1125,15468,9169,jxc-pro
2025,G,provisorio,DIP_CABA,CABA,7,comuna 07,78,buenos aires primero,906,13647,7411,jxc-pro
2025,G,provisorio,DIP_CABA,CABA,7,comuna 07,79,buenos aires primero,1119,17377,7926,jxc-pro
2025,G,provisorio,DIP_CABA,CABA,7,comuna 07,80,buenos aires primero,1429,15082,9261,jxc-pro
2025,G,provisorio,DIP_CABA,CABA,7,comuna 07,81,buenos aires primero,1253,14671,8155,jxc-pro
2025,G,provisorio,DIP_CABA,CABA,7,comuna 07,82,buenos aires primero,1415,17804,9600,jxc-pro
2025,G,provisorio,DIP_CABA,CABA,7,comuna 07,83,buenos aires primero,2472,22788,13340,jxc-pro
2025,G,provisorio,DIP_CABA,CABA,7,comuna 07,84,buenos aires primero,1031,12904,7688,jxc-pro
2025,G,provisorio,DIP_CABA,CABA,7,comuna 07,85,buenos aires primero,830,8404,5445,jxc-pro
2025,G,provisorio,DIP_CABA,CABA,7,comuna 07,86,buenos aires primero,1784,57251,20217,jxc-pro
2025,G,provisorio,DIP_CABA,CABA,8,comuna 08,87,buenos aires primero,1925,48702,21437,jxc-pro
2025,G,provisorio,DIP_CABA,CABA,8,comuna 08,88,buenos aires primero,1266,17856,10430,jxc-pro
2025,G,provisorio,DIP_CABA,CABA,8,comuna 08,89,buenos aires primero,3099,69053,31837,jxc-pro
2025,G,provisorio,DIP_CABA,CABA,8,comuna 08,90,buenos aires primero,2980,66139,28468,jxc-pro
2025,G,provisorio,DIP_CABA,CABA,9,comuna 09,91,buenos aires primero,531,16358,6959,jxc-pro
2025,G,provisorio,DIP_CABA,CABA,9,comuna 09,92,buenos aires primero,1147,17131,9187,jxc-pro
2025,G,provisorio,DIP_CABA,CABA,9,comuna 09,93,buenos aires primero,655,10006,5686,jxc-pro
2025,G,provisorio,DIP_CABA,CABA,9,comuna 09,94,buenos aires primero,885,12335,7211,jxc-pro
2025,G,provisorio,DIP_CABA,CABA,9,comuna 09,95,buenos aires primero,1515,19872,11600,jxc-pro
2025,G,provisorio,DIP_CABA,CABA,9,comuna 09,96,buenos aires primero,887,15064,7938,jxc-pro
2025,G,provisorio,DIP_CABA,CABA,9,comuna 09,97,buenos aires primero,815,13514,7263,jxc-pro
2025,G,provisorio,DIP_CABA,CABA,9,comuna 09,98,buenos aires primero,1990,23996,14341,jxc-pro
2025,G,provisorio,DIP_CABA,CABA,9,comuna 09,99,buenos aires primero,1160,11808,7546,jxc-pro
2025,G,provisorio,DIP_CABA,CABA,9,comuna 09,100,buenos aires primero,1417,15274,9774,jxc-pro
2025,G,provisorio,DIP_CABA,CABA,9,comuna 09,101,buenos aires primero,1549,20333,10878,jxc-pro
2025,G,provisorio,DIP_CABA,CABA,10,comuna 10,102,buenos aires primero,1377,13869,9045,jxc-pro
2025,G,provisorio,DIP_CABA,CABA,10,comuna 10,103,buenos aires primero,1154,13314,8227,jxc-pro
2025,G,provisorio,DIP_CABA,CABA,10,comuna 10,104,buenos aires primero,1142,13095,8452,jxc-pro
2025,G,provisorio,DIP_CABA,CABA,10,comuna 10,105,buenos aires primero,1796,20263,12792,jxc-pro
2025,G,provisorio,DIP_CABA,CABA,10,comuna 10,106,buenos aires primero,1048,12239,7734,jxc-pro
2025,G,provisorio,DIP_CABA,CABA,10,comuna 10,107,buenos aires primero,1875,21296,13225,jxc-pro
2025,G,provisorio,DIP_CABA,CABA,10,comuna 10,108,buenos aires primero,1107,13017,8181,jxc-pro
2025,G,provisorio,DIP_CABA,CABA,10,comuna 10,109,buenos aires primero,1745,21713,12618,jxc-pro
2025,G,provisorio,DIP_CABA,CABA,10,comuna 10,110,buenos aires primero,899,10717,6703,jxc-pro
2025,G,provisorio,DIP_CABA,CABA,10,comuna 10,111,buenos aires primero,919,15847,7336,jxc-pro
2025,G,provisorio,DIP_CABA,CABA,10,comuna 10,112,buenos aires primero,758,10438,5449,jxc-pro
2025,G,provisorio,DIP_CABA,CABA,11,comuna 11,113,buenos aires primero,1131,14377,8785,jxc-pro
2025,G,provisorio,DIP_CABA,CABA,11,comuna 11,114,buenos aires primero,1618,19428,11722,jxc-pro
2025,G,provisorio,DIP_CABA,CABA,11,comuna 11,115,buenos aires primero,1060,13809,8154,jxc-pro
2025,G,provisorio,DIP_CABA,CABA,11,comuna 11,116,buenos aires primero,1565,19378,11815,jxc-pro
2025,G,provisorio,DIP_CABA,CABA,11,comuna 11,117,buenos aires primero,1845,19769,12638,jxc-pro
2025,G,provisorio,DIP_CABA,CABA,11,comuna 11,118,buenos aires primero,1637,15712,10030,jxc-pro
2025,G,provisorio,DIP_CABA,CABA,11,comuna 11,119,buenos aires primero,1982,18859,12384,jxc-pro
2025,G,provisorio,DIP_CABA,CABA,11,comuna 11,120,buenos aires primero,2066,20171,12954,jxc-pro
2025,G,provisorio,DIP_CABA,CABA,11,comuna 11,121,buenos aires primero,1640,16169,10287,jxc-pro
2025,G,provisorio,DIP_CABA,CABA,11,comuna 11,122,buenos aires primero,1776,14300,9205,jxc-pro
2025,G,provisorio,DIP_CABA,CABA,11,comuna 11,123,buenos aires primero,1603,15251,9861,jxc-pro
2025,G,provisorio,DIP_CABA,CABA,12,comuna 12,124,buenos aires primero,1787,17084,11292,jxc-pro
2025,G,provisorio,DIP_CABA,CABA,12,comuna 12,125,buenos aires primero,2472,23239,14921,jxc-pro
2025,G,provisorio,DIP_CABA,CABA,12,comuna 12,126,buenos aires primero,1898,19090,12260,jxc-pro
2025,G,provisorio,DIP_CABA,CABA,12,comuna 12,127,buenos aires primero,3319,27118,17025,jxc-pro
2025,G,provisorio,DIP_CABA,CABA,12,comuna 12,128,buenos aires primero,2229,22151,14004,jxc-pro
2025,G,provisorio,DIP_CABA,CABA,12,comuna 12,129,buenos aires primero,3245,29370,18077,jxc-pro
2025,G,provisorio,DIP_CABA,CABA,12,comuna 12,130,buenos aires primero,2109,19615,12171,jxc-pro
2025,G,provisorio,DIP_CABA,CABA,12,comuna 12,131,buenos aires primero,592,5958,3857,jxc-pro
2025,G,provisorio,DIP_CABA,CABA,12,comuna 12,132,buenos aires primero,2023,22103,13378,jxc-pro
2025,G,provisorio,DIP_CABA,CABA,12,comuna 12,133,buenos aires primero,2433,22112,13784,jxc-pro
2025,G,provisorio,DIP_CABA,CABA,13,comuna 13,134,buenos aires primero,1129,9619,5523,jxc-pro
2025,G,provisorio,DIP_CABA,CABA,13,comuna 13,135,buenos aires primero,1563,13442,7980,jxc-pro
2025,G,provisorio,DIP_CABA,CABA,13,comuna 13,136,buenos aires primero,1935,16440,9806,jxc-pro
2025,G,provisorio,DIP_CABA,CABA,13,comuna 13,137,buenos aires primero,1761,15554,9340,jxc-pro
2025,G,provisorio,DIP_CABA,CABA,13,comuna 13,138,buenos aires primero,4104,32936,18911,jxc-pro
2025,G,provisorio,DIP_CABA,CABA,13,comuna 13,139,buenos aires primero,2577,20589,11722,jxc-pro
2025,G,provisorio,DIP_CABA,CABA,13,comuna 13,140,buenos aires primero,1054,10547,5560,jxc-pro
2025,G,provisorio,DIP_CABA,CABA,13,comuna 13,141,buenos aires primero,2028,16421,9546,jxc-pro
2025,G,provisorio,DIP_CABA,CABA,13,comuna 13,142,buenos aires primero,4196,27238,15606,jxc-pro
2025,G,provisorio,DIP_CABA,CABA,13,comuna 13,143,buenos aires primero,2727,19838,11470,jxc-pro
2025,G,provisorio,DIP_CABA,CABA,13,comuna 13,144,buenos aires primero,1293,8767,5296,jxc-pro
2025,G,provisorio,DIP_CABA,CABA,13,comuna 13,145,buenos aires primero,1896,16405,10306,jxc-pro
2025,G,provisorio,DIP_CABA,CABA,13,comuna 13,146,buenos aires primero,1239,12536,7552,jxc-pro
2025,G,provisorio,DIP_CABA,CABA,13,comuna 13,147,buenos aires primero,2956,23117,12987,jxc-pro
2025,G,provisorio,DIP_CABA,CABA,14,comuna 14,148,buenos aires primero,3413,25385,14238,jxc-pro
2025,G,provisorio,DIP_CABA,CABA,14,comuna 14,149,buenos aires primero,3556,29262,15659,jxc-pro
2025,G,provisorio,DIP_CABA,CABA,14,comuna 14,150,buenos aires primero,1902,14420,7686,jxc-pro
2025,G,provisorio,DIP_CABA,CABA,14,comuna 14,151,buenos aires primero,3671,30540,15689,jxc-pro
2025,G,provisorio,DIP_CABA,CABA,14,comuna 14,152,buenos aires primero,2848,22485,12142,jxc-pro
2025,G,provisorio,DIP_CABA,CABA,14,comuna 14,153,buenos aires primero,3069,27011,14914,jxc-pro
2025,G,provisorio,DIP_CABA,CABA,14,comuna 14,154,buenos aires primero,3072,32341,16658,jxc-pro
2025,G,provisorio,DIP_CABA,CABA,14,comuna 14,155,buenos aires primero,2596,29556,15250,jxc-pro
2025,G,provisorio,DIP_CABA,CABA,14,comuna 14,156,buenos aires primero,973,11665,6146,jxc-pro
2025,G,provisorio,DIP_CABA,CABA,14,comuna 14,157,buenos aires primero,1578,19454,10411,jxc-pro
2025,G,provisorio,DIP_CABA,CABA,15,comuna 15,158,buenos aires primero,1880,22962,13096,jxc-pro
2025,G,provisorio,DIP_CABA,CABA,15,comuna 15,159,buenos aires primero,1093,14495,8153,jxc-pro
2025,G,provisorio,DIP_CABA,CABA,15,comuna 15,160,buenos aires primero,2162,26240,14714,jxc-pro
2025,G,provisorio,DIP_CABA,CABA,15,comuna 15,161,buenos aires primero,1817,22469,13239,jxc-pro
2025,G,provisorio,DIP_CABA,CABA,15,comuna 15,162,buenos aires primero,1135,19685,10418,jxc-pro
2025,G,provisorio,DIP_CABA,CABA,15,comuna 15,163,buenos aires primero,933,14547,7944,jxc-pro
2025,G,provisorio,DIP_CABA,CABA,15,comuna 15,164,buenos aires primero,1050,15214,8096,jxc-pro
2025,G,provisorio,DIP_CABA,CABA,15,comuna 15,165,buenos aires primero,2033,22141,13131,jxc-pro
2025,G,provisorio,DIP_CABA,CABA,15,comuna 15,166,buenos aires primero,1477,17752,11362,jxc-pro
2025,G,provisorio,DIP_CABA,CABA,15,comuna 15,167,buenos aires primero,1373,13635,8834,jxc-pro
2025,G,provisorio,DIP_CABA,CABA,1,comuna 01,1,coalición cívica - afirmación para una república igualitaria,140,12557,6398,otro
2025,G,provisorio,DIP_CABA,CABA,1,comuna 01,2,coalición cívica - afirmación para una república igualitaria,111,12110,5475,otro
2025,G,provisorio,DIP_CABA,CABA,1,comuna 01,3,coalición cívica - afirmación para una república igualitaria,44,3962,1989,otro
2025,G,provisorio,DIP_CABA,CABA,1,comuna 01,4,coalición cívica - afirmación para una república igualitaria,35,3143,1502,otro
2025,G,provisorio,DIP_CABA,CABA,1,comuna 01,5,coalición cívica - afirmación para una república igualitaria,25,31029,8859,otro
2025,G,provisorio,DIP_CABA,CABA,1,comuna 01,6,coalición cívica - afirmación para una república igualitaria,321,19270,8998,otro
2025,G,provisorio,DIP_CABA,CABA,1,comuna 01,7,coalición cívica - afirmación para una república igualitaria,176,9533,4737,otro
2025,G,provisorio,DIP_CABA,CABA,1,comuna 01,8,coalición cívica - afirmación para una república igualitaria,120,11664,4552,otro
2025,G,provisorio,DIP_CABA,CABA,1,comuna 01,9,coalición cívica - afirmación para una república igualitaria,126,17073,6090,otro
2025,G,provisorio,DIP_CABA,CABA,1,comuna 01,10,coalición cívica - afirmación para una república igualitaria,179,14181,6502,otro
2025,G,provisorio,DIP_CABA,CABA,1,comuna 01,11,coalición cívica - afirmación para una república igualitaria,124,17022,6867,otro
2025,G,provisorio,DIP_CABA,CABA,1,comuna 01,12,coalición cívica - afirmación para una república igualitaria,126,14241,6183,otro
2025,G,provisorio,DIP_CABA,CABA,1,comuna 01,13,coalición cívica - afirmación para una república igualitaria,150,15923,7257,otro
2025,G,provisorio,DIP_CABA,CABA,1,comuna 01,14,coalición cívica - afirmación para una república igualitaria,54,7319,2891,otro
2025,G,provisorio,DIP_CABA,CABA,1,comuna 01,15,coalición cívica - afirmación para una república igualitaria,80,10624,4535,otro
2025,G,provisorio,DIP_CABA,CABA,1,comuna 01,16,coalición cívica - afirmación para una república igualitaria,111,10385,4709,otro
2025,G,provisorio,DIP_CABA,CABA,1,comuna 01,17,coalición cívica - afirmación para una república igualitaria,122,15138,6549,otro
2025,G,provisorio,DIP_CABA,CABA,1,comuna 01,18,coalición cívica - afirmación para una república igualitaria,71,9466,3926,otro
2025,G,provisorio,DIP_CABA,CABA,1,comuna 01,19,coalición cívica - afirmación para una república igualitaria,69,15125,6064,otro
2025,G,provisorio,DIP_CABA,CABA,2,comuna 02,20,coalición cívica - afirmación para una república igualitaria,144,9021,4323,otro
2025,G,provisorio,DIP_CABA,CABA,2,comuna 02,21,coalición cívica - afirmación para una república igualitaria,287,15247,7823,otro
2025,G,provisorio,DIP_CABA,CABA,2,comuna 02,22,coalición cívica - afirmación para una república igualitaria,362,17590,9476,otro
2025,G,provisorio,DIP_CABA,CABA,2,comuna 02,23,coalición cívica - afirmación para una república igualitaria,484,22530,11985,otro
2025,G,provisorio,DIP_CABA,CABA,2,comuna 02,24,coalición cívica - afirmación para una república igualitaria,337,14506,8002,otro
2025,G,provisorio,DIP_CABA,CABA,2,comuna 02,25,coalición cívica - afirmación para una república igualitaria,294,14754,7685,otro
2025,G,provisorio,DIP_CABA,CABA,2,comuna 02,26,coalición cívica - afirmación para una república igualitaria,363,18701,9906,otro
2025,G,provisorio,DIP_CABA,CABA,2,comuna 02,27,coalición cívica - afirmación para una república igualitaria,246,14752,7373,otro
2025,G,provisorio,DIP_CABA,CABA,2,comuna 02,28,coalición cívica - afirmación para una república igualitaria,319,21136,10954,otro
2025,G,provisorio,DIP_CABA,CABA,2,comuna 02,29,coalición cívica - afirmación para una república igualitaria,266,13637,7285,otro
2025,G,provisorio,DIP_CABA,CABA,3,comuna 03,30,coalición cívica - afirmación para una república igualitaria,144,15092,6373,otro
2025,G,provisorio,DIP_CABA,CABA,3,comuna 03,31,coalición cívica - afirmación para una república igualitaria,157,18180,7289,otro
2025,G,provisorio,DIP_CABA,CABA,3,comuna 03,32,coalición cívica - afirmación para una república igualitaria,171,14599,6519,otro
2025,G,provisorio,DIP_CABA,CABA,3,comuna 03,33,coalición cívica - afirmación para una república igualitaria,81,14067,5487,otro
2025,G,provisorio,DIP_CABA,CABA,3,comuna 03,34,coalición cívica - afirmación para una república igualitaria,161,19917,8457,otro
2025,G,provisorio,DIP_CABA,CABA,3,comuna 03,35,coalición cívica - afirmación para una república igualitaria,133,16245,7703,otro
2025,G,provisorio,DIP_CABA,CABA,3,comuna 03,36,coalición cívica - afirmación para una república igualitaria,85,10505,5190,otro
2025,G,provisorio,DIP_CABA,CABA,3,comuna 03,37,coalición cívica - afirmación para una república igualitaria,138,13496,6609,otro
2025,G,provisorio,DIP_CABA,CABA,3,comuna 03,38,coalición cívica - afirmación para una república igualitaria,152,15350,7532,otro
2025,G,provisorio,DIP_CABA,CABA,3,comuna 03,39,coalición cívica - afirmación para una república igualitaria,190,15614,7792,otro
2025,G,provisorio,DIP_CABA,CABA,3,comuna 03,40,coalición cívica - afirmación para una república igualitaria,124,10929,6418,otro
2025,G,provisorio,DIP_CABA,CABA,3,comuna 03,41,coalición cívica - afirmación para una república igualitaria,199,21815,11478,otro
2025,G,provisorio,DIP_CABA,CABA,3,comuna 03,42,coalición cívica - afirmación para una república igualitaria,193,18525,9518,otro
2025,G,provisorio,DIP_CABA,CABA,4,comuna 04,43,coalición cívica - afirmación para una república igualitaria,157,13659,8042,otro
2025,G,provisorio,DIP_CABA,CABA,4,comuna 04,44,coalición cívica - afirmación para una república igualitaria,106,10358,6082,otro
2025,G,provisorio,DIP_CABA,CABA,4,comuna 04,45,coalición cívica - afirmación para una república igualitaria,72,8755,4516,otro
2025,G,provisorio,DIP_CABA,CABA,4,comuna 04,46,coalición cívica - afirmación para una república igualitaria,53,8419,4106,otro
2025,G,provisorio,DIP_CABA,CABA,4,comuna 04,47,coalición cívica - afirmación para una república igualitaria,39,37329,11026,otro
2025,G,provisorio,DIP_CABA,CABA,4,comuna 04,48,coalición cívica - afirmación para una república igualitaria,181,15552,8076,otro
2025,G,provisorio,DIP_CABA,CABA,4,comuna 04,49,coalición cívica - afirmación para una república igualitaria,122,13436,7193,otro
2025,G,provisorio,DIP_CABA,CABA,4,comuna 04,50,coalición cívica - afirmación para una república igualitaria,202,15226,8786,otro
2025,G,provisorio,DIP_CABA,CABA,4,comuna 04,51,coalición cívica - afirmación para una república igualitaria,147,10813,6480,otro
2025,G,provisorio,DIP_CABA,CABA,4,comuna 04,52,coalición cívica - afirmación para una república igualitaria,60,13957,6544,otro
2025,G,provisorio,DIP_CABA,CABA,4,comuna 04,53,coalición cívica - afirmación para una república igualitaria,60,17072,7819,otro
2025,G,provisorio,DIP_CABA,CABA,4,comuna 04,54,coalición cívica - afirmación para una república igualitaria,141,17890,9570,otro
2025,G,provisorio,DIP_CABA,CABA,4,comuna 04,55,coalición cívica - afirmación para una república igualitaria,71,12094,6057,otro
2025,G,provisorio,DIP_CABA,CABA,4,comuna 04,56,coalición cívica - afirmación para una república igualitaria,68,11838,5982,otro
2025,G,provisorio,DIP_CABA,CABA,4,comuna 04,57,coalición cívica - afirmación para una república igualitaria,186,23039,12121,otro
2025,G,provisorio,DIP_CABA,CABA,5,comuna 05,58,coalición cívica - afirmación para una república igualitaria,180,16081,9511,otro
2025,G,provisorio,DIP_CABA,CABA,5,comuna 05,59,coalición cívica - afirmación para una república igualitaria,186,14324,8544,otro
2025,G,provisorio,DIP_CABA,CABA,5,comuna 05,60,coalición cívica - afirmación para una república igualitaria,251,17426,10563,otro
2025,G,provisorio,DIP_CABA,CABA,5,comuna 05,61,coalición cívica - afirmación para una república igualitaria,310,16442,10107,otro
2025,G,provisorio,DIP_CABA,CABA,5,comuna 05,62,coalición cívica - afirmación para una república igualitaria,151,11770,6780,otro
2025,G,provisorio,DIP_CABA,CABA,5,comuna 05,63,coalición cívica - afirmación para una república igualitaria,346,22766,12949,otro
2025,G,provisorio,DIP_CABA,CABA,5,comuna 05,64,coalición cívica - afirmación para una república igualitaria,335,25789,13669,otro
2025,G,provisorio,DIP_CABA,CABA,5,comuna 05,65,coalición cívica - afirmación para una república igualitaria,216,17044,8670,otro
2025,G,provisorio,DIP_CABA,CABA,5,comuna 05,66,coalición cívica - afirmación para una república igualitaria,225,15176,8657,otro
2025,G,provisorio,DIP_CABA,CABA,5,comuna 05,67,coalición cívica - afirmación para una república igualitaria,358,23365,13231,otro
2025,G,provisorio,DIP_CABA,CABA,6,comuna 06,68,coalición cívica - afirmación para una república igualitaria,438,22019,13406,otro
2025,G,provisorio,DIP_CABA,CABA,6,comuna 06,69,coalición cívica - afirmación para una república igualitaria,667,31181,19526,otro
2025,G,provisorio,DIP_CABA,CABA,6,comuna 06,70,coalición cívica - afirmación para una república igualitaria,556,29072,17461,otro
2025,G,provisorio,DIP_CABA,CABA,6,comuna 06,71,coalición cívica - afirmación para una república igualitaria,633,33919,21037,otro
2025,G,provisorio,DIP_CABA,CABA,6,comuna 06,72,coalición cívica - afirmación para una república igualitaria,244,14881,9130,otro
2025,G,provisorio,DIP_CABA,CABA,6,comuna 06,73,coalición cívica - afirmación para una república igualitaria,305,19449,12322,otro
2025,G,provisorio,DIP_CABA,CABA,6,comuna 06,74,coalición cívica - afirmación para una república igualitaria,566,26575,16675,otro
2025,G,provisorio,DIP_CABA,CABA,7,comuna 07,75,coalición cívica - afirmación para una república igualitaria,214,11210,7160,otro
2025,G,provisorio,DIP_CABA,CABA,7,comuna 07,76,coalición cívica - afirmación para una república igualitaria,272,18001,11467,otro
2025,G,provisorio,DIP_CABA,CABA,7,comuna 07,77,coalición cívica - afirmación para una república igualitaria,187,15468,9169,otro
2025,G,provisorio,DIP_CABA,CABA,7,comuna 07,78,coalición cívica - afirmación para una república igualitaria,150,13647,7411,otro
2025,G,provisorio,DIP_CABA,CABA,7,comuna 07,79,coalición cívica - afirmación para una república igualitaria,143,17377,7926,otro
2025,G,provisorio,DIP_CABA,CABA,7,comuna 07,80,coalición cívica - afirmación para una república igualitaria,264,15082,9261,otro
2025,G,provisorio,DIP_CABA,CABA,7,comuna 07,81,coalición cívica - afirmación para una república igualitaria,196,14671,8155,otro
2025,G,provisorio,DIP_CABA,CABA,7,comuna 07,82,coalición cívica - afirmación para una república igualitaria,210,17804,9600,otro
2025,G,provisorio,DIP_CABA,CABA,7,comuna 07,83,coalición cívica - afirmación para una república igualitaria,409,22788,13340,otro
2025,G,provisorio,DIP_CABA,CABA,7,comuna 07,84,coalición cívica - afirmación para una república igualitaria,184,12904,7688,otro
2025,G,provisorio,DIP_CABA,CABA,7,comuna 07,85,coalición cívica - afirmación para una república igualitaria,182,8404,5445,otro
2025,G,provisorio,DIP_CABA,CABA,7,comuna 07,86,coalición cívica - afirmación para una república igualitaria,185,57251,20217,otro
2025,G,provisorio,DIP_CABA,CABA,8,comuna 08,87,coalición cívica - afirmación para una república igualitaria,132,48702,21437,otro
2025,G,provisorio,DIP_CABA,CABA,8,comuna 08,88,coalición cívica - afirmación para una república igualitaria,220,17856,10430,otro
2025,G,provisorio,DIP_CABA,CABA,8,comuna 08,89,coalición cívica - afirmación para una república igualitaria,364,69053,31837,otro
2025,G,provisorio,DIP_CABA,CABA,8,comuna 08,90,coalición cívica - afirmación para una república igualitaria,347,66139,28468,otro
2025,G,provisorio,DIP_CABA,CABA,9,comuna 09,91,coalición cívica - afirmación para una república igualitaria,50,16358,6959,otro
2025,G,provisorio,DIP_CABA,CABA,9,comuna 09,92,coalición cívica - afirmación para una república igualitaria,176,17131,9187,otro
2025,G,provisorio,DIP_CABA,CABA,9,comuna 09,93,coalición cívica - afirmación para una república igualitaria,125,10006,5686,otro
2025,G,provisorio,DIP_CABA,CABA,9,comuna 09,94,coalición cívica - afirmación para una república igualitaria,148,12335,7211,otro
2025,G,provisorio,DIP_CABA,CABA,9,comuna 09,95,coalición cívica - afirmación para una república igualitaria,343,19872,11600,otro
2025,G,provisorio,DIP_CABA,CABA,9,comuna 09,96,coalición cívica - afirmación para una república igualitaria,141,15064,7938,otro
2025,G,provisorio,DIP_CABA,CABA,9,comuna 09,97,coalición cívica - afirmación para una república igualitaria,124,13514,7263,otro
2025,G,provisorio,DIP_CABA,CABA,9,comuna 09,98,coalición cívica - afirmación para una república igualitaria,420,23996,14341,otro
2025,G,provisorio,DIP_CABA,CABA,9,comuna 09,99,coalición cívica - afirmación para una república igualitaria,193,11808,7546,otro
2025,G,provisorio,DIP_CABA,CABA,9,comuna 09,100,coalición cívica - afirmación para una república igualitaria,282,15274,9774,otro
2025,G,provisorio,DIP_CABA,CABA,9,comuna 09,101,coalición cívica - afirmación para una república igualitaria,341,20333,10878,otro
2025,G,provisorio,DIP_CABA,CABA,10,comuna 10,102,coalición cívica - afirmación para una república igualitaria,222,13869,9045,otro
2025,G,provisorio,DIP_CABA,CABA,10,comuna 10,103,coalición cívica - afirmación para una república igualitaria,214,13314,8227,otro
2025,G,provisorio,DIP_CABA,CABA,10,comuna 10,104,coalición cívica - afirmación para una república igualitaria,169,13095,8452,otro
2025,G,provisorio,DIP_CABA,CABA,10,comuna 10,105,coalición cívica - afirmación para una república igualitaria,308,20263,12792,otro
2025,G,provisorio,DIP_CABA,CABA,10,comuna 10,106,coalición cívica - afirmación para una república igualitaria,195,12239,7734,otro
2025,G,provisorio,DIP_CABA,CABA,10,comuna 10,107,coalición cívica - afirmación para una república igualitaria,349,21296,13225,otro
2025,G,provisorio,DIP_CABA,CABA,10,comuna 10,108,coalición cívica - afirmación para una república igualitaria,216,13017,8181,otro
2025,G,provisorio,DIP_CABA,CABA,10,comuna 10,109,coalición cívica - afirmación para una república igualitaria,303,21713,12618,otro
2025,G,provisorio,DIP_CABA,CABA,10,comuna 10,110,coalición cívica - afirmación para una república igualitaria,142,10717,6703,otro
2025,G,provisorio,DIP_CABA,CABA,10,comuna 10,111,coalición cívica - afirmación para una república igualitaria,181,15847,7336,otro
2025,G,provisorio,DIP_CABA,CABA,10,comuna 10,112,coalición cívica - afirmación para una república igualitaria,107,10438,5449,otro
2025,G,provisorio,DIP_CABA,CABA,11,comuna 11,113,coalición cívica - afirmación para una república igualitaria,184,14377,8785,otro
2025,G,provisorio,DIP_CABA,CABA,11,comuna 11,114,coalición cívica - afirmación para una república igualitaria,271,19428,11722,otro
2025,G,provisorio,DIP_CABA,CABA,11,comuna 11,115,coalición cívica - afirmación para una república igualitaria,166,13809,8154,otro
2025,G,provisorio,DIP_CABA,CABA,11,comuna 11,116,coalición cívica - afirmación para una república igualitaria,262,19378,11815,otro
2025,G,provisorio,DIP_CABA,CABA,11,comuna 11,117,coalición cívica - afirmación para una república igualitaria,313,19769,12638,otro
2025,G,provisorio,DIP_CABA,CABA,11,comuna 11,118,coalición cívica - afirmación para una república igualitaria,297,15712,10030,otro
2025,G,provisorio,DIP_CABA,CABA,11,comuna 11,119,coalición cívica - afirmación para una república igualitaria,328,18859,12384,otro
2025,G,provisorio,DIP_CABA,CABA,11,comuna 11,120,coalición cívica - afirmación para una república igualitaria,382,20171,12954,otro
2025,G,provisorio,DIP_CABA,CABA,11,comuna 11,121,coalición cívica - afirmación para una república igualitaria,288,16169,10287,otro
2025,G,provisorio,DIP_CABA,CABA,11,comuna 11,122,coalición cívica - afirmación para una república igualitaria,277,14300,9205,otro
2025,G,provisorio,DIP_CABA,CABA,11,comuna 11,123,coalición cívica - afirmación para una república igualitaria,241,15251,9861,otro
2025,G,provisorio,DIP_CABA,CABA,12,comuna 12,124,coalición cívica - afirmación para una república igualitaria,216,17084,11292,otro
2025,G,provisorio,DIP_CABA,CABA,12,comuna 12,125,coalición cívica - afirmación para una república igualitaria,379,23239,14921,otro
2025,G,provisorio,DIP_CABA,CABA,12,comuna 12,126,coalición cívica - afirmación para una república igualitaria,282,19090,12260,otro
2025,G,provisorio,DIP_CABA,CABA,12,comuna 12,127,coalición cívica - afirmación para una república igualitaria,457,27118,17025,otro
2025,G,provisorio,DIP_CABA,CABA,12,comuna 12,128,coalición cívica - afirmación para una república igualitaria,336,22151,14004,otro
2025,G,provisorio,DIP_CABA,CABA,12,comuna 12,129,coalición cívica - afirmación para una república igualitaria,533,29370,18077,otro
2025,G,provisorio,DIP_CABA,CABA,12,comuna 12,130,coalición cívica - afirmación para una república igualitaria,354,19615,12171,otro
2025,G,provisorio,DIP_CABA,CABA,12,comuna 12,131,coalición cívica - afirmación para una república igualitaria,108,5958,3857,otro
2025,G,provisorio,DIP_CABA,CABA,12,comuna 12,132,coalición cívica - afirmación para una república igualitaria,298,22103,13378,otro
2025,G,provisorio,DIP_CABA,CABA,12,comuna 12,133,coalición cívica - afirmación para una república igualitaria,403,22112,13784,otro
2025,G,provisorio,DIP_CABA,CABA,13,comuna 13,134,coalición cívica - afirmación para una república igualitaria,205,9619,5523,otro
2025,G,provisorio,DIP_CABA,CABA,13,comuna 13,135,coalición cívica - afirmación para una república igualitaria,219,13442,7980,otro
2025,G,provisorio,DIP_CABA,CABA,13,comuna 13,136,coalición cívica - afirmación para una república igualitaria,339,16440,9806,otro
2025,G,provisorio,DIP_CABA,CABA,13,comuna 13,137,coalición cívica - afirmación para una república igualitaria,296,15554,9340,otro
2025,G,provisorio,DIP_CABA,CABA,13,comuna 13,138,coalición cívica - afirmación para una república igualitaria,584,32936,18911,otro
2025,G,provisorio,DIP_CABA,CABA,13,comuna 13,139,coalición cívica - afirmación para una república igualitaria,391,20589,11722,otro
2025,G,provisorio,DIP_CABA,CABA,13,comuna 13,140,coalición cívica - afirmación para una república igualitaria,126,10547,5560,otro
2025,G,provisorio,DIP_CABA,CABA,13,comuna 13,141,coalición cívica - afirmación para una república igualitaria,278,16421,9546,otro
2025,G,provisorio,DIP_CABA,CABA,13,comuna 13,142,coalición cívica - afirmación para una república igualitaria,518,27238,15606,otro
2025,G,provisorio,DIP_CABA,CABA,13,comuna 13,143,coalición cívica - afirmación para una república igualitaria,437,19838,11470,otro
2025,G,provisorio,DIP_CABA,CABA,13,comuna 13,144,coalición cívica - afirmación para una república igualitaria,224,8767,5296,otro
2025,G,provisorio,DIP_CABA,CABA,13,comuna 13,145,coalición cívica - afirmación para una república igualitaria,324,16405,10306,otro
2025,G,provisorio,DIP_CABA,CABA,13,comuna 13,146,coalición cívica - afirmación para una república igualitaria,234,12536,7552,otro
2025,G,provisorio,DIP_CABA,CABA,13,comuna 13,147,coalición cívica - afirmación para una república igualitaria,460,23117,12987,otro
2025,G,provisorio,DIP_CABA,CABA,14,comuna 14,148,coalición cívica - afirmación para una república igualitaria,463,25385,14238,otro
2025,G,provisorio,DIP_CABA,CABA,14,comuna 14,149,coalición cívica - afirmación para una república igualitaria,481,29262,15659,otro
2025,G,provisorio,DIP_CABA,CABA,14,comuna 14,150,coalición cívica - afirmación para una república igualitaria,227,14420,7686,otro
2025,G,provisorio,DIP_CABA,CABA,14,comuna 14,151,coalición cívica - afirmación para una república igualitaria,538,30540,15689,otro
2025,G,provisorio,DIP_CABA,CABA,14,comuna 14,152,coalición cívica - afirmación para una república igualitaria,419,22485,12142,otro
2025,G,provisorio,DIP_CABA,CABA,14,comuna 14,153,coalición cívica - afirmación para una república igualitaria,567,27011,14914,otro
2025,G,provisorio,DIP_CABA,CABA,14,comuna 14,154,coalición cívica - afirmación para una república igualitaria,548,32341,16658,otro
2025,G,provisorio,DIP_CABA,CABA,14,comuna 14,155,coalición cívica - afirmación para una república igualitaria,408,29556,15250,otro
2025,G,provisorio,DIP_CABA,CABA,14,comuna 14,156,coalición cívica - afirmación para una república igualitaria,151,11665,6146,otro
2025,G,provisorio,DIP_CABA,CABA,14,comuna 14,157,coalición cívica - afirmación para una república igualitaria,307,19454,10411,otro
2025,G,provisorio,DIP_CABA,CABA,15,comuna 15,158,coalición cívica - afirmación para una república igualitaria,389,22962,13096,otro
2025,G,provisorio,DIP_CABA,CABA,15,comuna 15,159,coalición cívica - afirmación para una república igualitaria,201,14495,8153,otro
2025,G,provisorio,DIP_CABA,CABA,15,comuna 15,160,coalición cívica - afirmación para una república igualitaria,402,26240,14714,otro
2025,G,provisorio,DIP_CABA,CABA,15,comuna 15,161,coalición cívica - afirmación para una república igualitaria,325,22469,13239,otro
2025,G,provisorio,DIP_CABA,CABA,15,comuna 15,162,coalición cívica - afirmación para una república igualitaria,198,19685,10418,otro
2025,G,provisorio,DIP_CABA,CABA,15,comuna 15,163,coalición cívica - afirmación para una república igualitaria,142,14547,7944,otro
2025,G,provisorio,DIP_CABA,CABA,15,comuna 15,164,coalición cívica - afirmación para una república igualitaria,169,15214,8096,otro
2025,G,provisorio,DIP_CABA,CABA,15,comuna 15,165,coalición cívica - afirmación para una república igualitaria,340,22141,13131,otro
2025,G,provisorio,DIP_CABA,CABA,15,comuna 15,166,coalición cívica - afirmación para una república igualitaria,250,17752,11362,otro
2025,G,provisorio,DIP_CABA,CABA,15,comuna 15,167,coalición cívica - afirmación para una república igualitaria,269,13635,8834,otro
2025,G,provisorio,DIP_CABA,CABA,1,comuna 01,1,confluencia - por la igualdad y la soberanía,74,12557,6398,otro
2025,G,provisorio,DIP_CABA,CABA,1,comuna 01,2,confluencia - por la igualdad y la soberanía,49,12110,5475,otro
2025,G,provisorio,DIP_CABA,CABA,1,comuna 01,3,confluencia - por la igualdad y la soberanía,15,3962,1989,otro
2025,G,provisorio,DIP_CABA,CABA,1,comuna 01,4,confluencia - por la igualdad y la soberanía,3,3143,1502,otro
2025,G,provisorio,DIP_CABA,CABA,1,comuna 01,5,confluencia - por la igualdad y la soberanía,32,31029,8859,otro
2025,G,provisorio,DIP_CABA,CABA,1,comuna 01,6,confluencia - por la igualdad y la soberanía,7,19270,8998,otro
2025,G,provisorio,DIP_CABA,CABA,1,comuna 01,7,confluencia - por la igualdad y la soberanía,7,9533,4737,otro
2025,G,provisorio,DIP_CABA,CABA,1,comuna 01,8,confluencia - por la igualdad y la soberanía,9,11664,4552,otro
2025,G,provisorio,DIP_CABA,CABA,1,comuna 01,9,confluencia - por la igualdad y la soberanía,17,17073,6090,otro
2025,G,provisorio,DIP_CABA,CABA,1,comuna 01,10,confluencia - por la igualdad y la soberanía,11,14181,6502,otro
2025,G,provisorio,DIP_CABA,CABA,1,comuna 01,11,confluencia - por la igualdad y la soberanía,28,17022,6867,otro
2025,G,provisorio,DIP_CABA,CABA,1,comuna 01,12,confluencia - por la igualdad y la soberanía,24,14241,6183,otro
2025,G,provisorio,DIP_CABA,CABA,1,comuna 01,13,confluencia - por la igualdad y la soberanía,28,15923,7257,otro
2025,G,provisorio,DIP_CABA,CABA,1,comuna 01,14,confluencia - por la igualdad y la soberanía,4,7319,2891,otro
2025,G,provisorio,DIP_CABA,CABA,1,comuna 01,15,confluencia - por la igualdad y la soberanía,27,10624,4535,otro
2025,G,provisorio,DIP_CABA,CABA,1,comuna 01,16,confluencia - por la igualdad y la soberanía,31,10385,4709,otro
2025,G,provisorio,DIP_CABA,CABA,1,comuna 01,17,confluencia - por la igualdad y la soberanía,35,15138,6549,otro
2025,G,provisorio,DIP_CABA,CABA,1,comuna 01,18,confluencia - por la igualdad y la soberanía,14,9466,3926,otro
2025,G,provisorio,DIP_CABA,CABA,1,comuna 01,19,confluencia - por la igualdad y la soberanía,33,15125,6064,otro
2025,G,provisorio,DIP_CABA,CABA,2,comuna 02,20,confluencia - por la igualdad y la soberanía,9,9021,4323,otro
2025,G,provisorio,DIP_CABA,CABA,2,comuna 02,21,confluencia - por la igualdad y la soberanía,6,15247,7823,otro
2025,G,provisorio,DIP_CABA,CABA,2,comuna 02,22,confluencia - por la igualdad y la soberanía,19,17590,9476,otro
2025,G,provisorio,DIP_CABA,CABA,2,comuna 02,23,confluencia - por la igualdad y la soberanía,39,22530,11985,otro
2025,G,provisorio,DIP_CABA,CABA,2,comuna 02,24,confluencia - por la igualdad y la soberanía,15,14506,8002,otro
2025,G,provisorio,DIP_CABA,CABA,2,comuna 02,25,confluencia - por la igualdad y la soberanía,5,14754,7685,otro
2025,G,provisorio,DIP_CABA,CABA,2,comuna 02,26,confluencia - por la igualdad y la soberanía,14,18701,9906,otro
2025,G,provisorio,DIP_CABA,CABA,2,comuna 02,27,confluencia - por la igualdad y la soberanía,19,14752,7373,otro
2025,G,provisorio,DIP_CABA,CABA,2,comuna 02,28,confluencia - por la igualdad y la soberanía,36,21136,10954,otro
2025,G,provisorio,DIP_CABA,CABA,2,comuna 02,29,confluencia - por la igualdad y la soberanía,26,13637,7285,otro
2025,G,provisorio,DIP_CABA,CABA,3,comuna 03,30,confluencia - por la igualdad y la soberanía,33,15092,6373,otro
2025,G,provisorio,DIP_CABA,CABA,3,comuna 03,31,confluencia - por la igualdad y la soberanía,18,18180,7289,otro
2025,G,provisorio,DIP_CABA,CABA,3,comuna 03,32,confluencia - por la igualdad y la soberanía,31,14599,6519,otro
2025,G,provisorio,DIP_CABA,CABA,3,comuna 03,33,confluencia - por la igualdad y la soberanía,20,14067,5487,otro
2025,G,provisorio,DIP_CABA,CABA,3,comuna 03,34,confluencia - por la igualdad y la soberanía,19,19917,8457,otro
2025,G,provisorio,DIP_CABA,CABA,3,comuna 03,35,confluencia - por la igualdad y la soberanía,31,16245,7703,otro
2025,G,provisorio,DIP_CABA,CABA,3,comuna 03,36,confluencia - por la igualdad y la soberanía,15,10505,5190,otro
2025,G,provisorio,DIP_CABA,CABA,3,comuna 03,37,confluencia - por la igualdad y la soberanía,20,13496,6609,otro
2025,G,provisorio,DIP_CABA,CABA,3,comuna 03,38,confluencia - por la igualdad y la soberanía,30,15350,7532,otro
2025,G,provisorio,DIP_CABA,CABA,3,comuna 03,39,confluencia - por la igualdad y la soberanía,31,15614,7792,otro
2025,G,provisorio,DIP_CABA,CABA,3,comuna 03,40,confluencia - por la igualdad y la soberanía,24,10929,6418,otro
2025,G,provisorio,DIP_CABA,CABA,3,comuna 03,41,confluencia - por la igualdad y la soberanía,39,21815,11478,otro
2025,G,provisorio,DIP_CABA,CABA,3,comuna 03,42,confluencia - por la igualdad y la soberanía,43,18525,9518,otro
2025,G,provisorio,DIP_CABA,CABA,4,comuna 04,43,confluencia - por la igualdad y la soberanía,34,13659,8042,otro
2025,G,provisorio,DIP_CABA,CABA,4,comuna 04,44,confluencia - por la igualdad y la soberanía,27,10358,6082,otro
2025,G,provisorio,DIP_CABA,CABA,4,comuna 04,45,confluencia - por la igualdad y la soberanía,35,8755,4516,otro
2025,G,provisorio,DIP_CABA,CABA,4,comuna 04,46,confluencia - por la igualdad y la soberanía,12,8419,4106,otro
2025,G,provisorio,DIP_CABA,CABA,4,comuna 04,47,confluencia - por la igualdad y la soberanía,35,37329,11026,otro
2025,G,provisorio,DIP_CABA,CABA,4,comuna 04,48,confluencia - por la igualdad y la soberanía,34,15552,8076,otro
2025,G,provisorio,DIP_CABA,CABA,4,comuna 04,49,confluencia - por la igualdad y la soberanía,26,13436,7193,otro
2025,G,provisorio,DIP_CABA,CABA,4,comuna 04,50,confluencia - por la igualdad y la soberanía,67,15226,8786,otro
2025,G,provisorio,DIP_CABA,CABA,4,comuna 04,51,confluencia - por la igualdad y la soberanía,26,10813,6480,otro
2025,G,provisorio,DIP_CABA,CABA,4,comuna 04,52,confluencia - por la igualdad y la soberanía,21,13957,6544,otro
2025,G,provisorio,DIP_CABA,CABA,4,comuna 04,53,confluencia - por la igualdad y la soberanía,27,17072,7819,otro
2025,G,provisorio,DIP_CABA,CABA,4,comuna 04,54,confluencia - por la igualdad y la soberanía,92,17890,9570,otro
2025,G,provisorio,DIP_CABA,CABA,4,comuna 04,55,confluencia - por la igualdad y la soberanía,15,12094,6057,otro
2025,G,provisorio,DIP_CABA,CABA,4,comuna 04,56,confluencia - por la igualdad y la soberanía,7,11838,5982,otro
2025,G,provisorio,DIP_CABA,CABA,4,comuna 04,57,confluencia - por la igualdad y la soberanía,35,23039,12121,otro
2025,G,provisorio,DIP_CABA,CABA,5,comuna 05,58,confluencia - por la igualdad y la soberanía,23,16081,9511,otro
2025,G,provisorio,DIP_CABA,CABA,5,comuna 05,59,confluencia - por la igualdad y la soberanía,21,14324,8544,otro
2025,G,provisorio,DIP_CABA,CABA,5,comuna 05,60,confluencia - por la igualdad y la soberanía,34,17426,10563,otro
2025,G,provisorio,DIP_CABA,CABA,5,comuna 05,61,confluencia - por la igualdad y la soberanía,34,16442,10107,otro
2025,G,provisorio,DIP_CABA,CABA,5,comuna 05,62,confluencia - por la igualdad y la soberanía,25,11770,6780,otro
2025,G,provisorio,DIP_CABA,CABA,5,comuna 05,63,confluencia - por la igualdad y la soberanía,47,22766,12949,otro
2025,G,provisorio,DIP_CABA,CABA,5,comuna 05,64,confluencia - por la igualdad y la soberanía,51,25789,13669,otro
2025,G,provisorio,DIP_CABA,CABA,5,comuna 05,65,confluencia - por la igualdad y la soberanía,32,17044,8670,otro
2025,G,provisorio,DIP_CABA,CABA,5,comuna 05,66,confluencia - por la igualdad y la soberanía,39,15176,8657,otro
2025,G,provisorio,DIP_CABA,CABA,5,comuna 05,67,confluencia - por la igualdad y la soberanía,56,23365,13231,otro
2025,G,provisorio,DIP_CABA,CABA,6,comuna 06,68,confluencia - por la igualdad y la soberanía,48,22019,13406,otro
2025,G,provisorio,DIP_CABA,CABA,6,comuna 06,69,confluencia - por la igualdad y la soberanía,43,31181,19526,otro
2025,G,provisorio,DIP_CABA,CABA,6,comuna 06,70,confluencia - por la igualdad y la soberanía,66,29072,17461,otro
2025,G,provisorio,DIP_CABA,CABA,6,comuna 06,71,confluencia - por la igualdad y la soberanía,50,33919,21037,otro
2025,G,provisorio,DIP_CABA,CABA,6,comuna 06,72,confluencia - por la igualdad y la soberanía,40,14881,9130,otro
2025,G,provisorio,DIP_CABA,CABA,6,comuna 06,73,confluencia - por la igualdad y la soberanía,44,19449,12322,otro
2025,G,provisorio,DIP_CABA,CABA,6,comuna 06,74,confluencia - por la igualdad y la soberanía,41,26575,16675,otro
2025,G,provisorio,DIP_CABA,CABA,7,comuna 07,75,confluencia - por la igualdad y la soberanía,30,11210,7160,otro
2025,G,provisorio,DIP_CABA,CABA,7,comuna 07,76,confluencia - por la igualdad y la soberanía,34,18001,11467,otro
2025,G,provisorio,DIP_CABA,CABA,7,comuna 07,77,confluencia - por la igualdad y la soberanía,20,15468,9169,otro
2025,G,provisorio,DIP_CABA,CABA,7,comuna 07,78,confluencia - por la igualdad y la soberanía,23,13647,7411,otro
2025,G,provisorio,DIP_CABA,CABA,7,comuna 07,79,confluencia - por la igualdad y la soberanía,24,17377,7926,otro
2025,G,provisorio,DIP_CABA,CABA,7,comuna 07,80,confluencia - por la igualdad y la soberanía,24,15082,9261,otro
2025,G,provisorio,DIP_CABA,CABA,7,comuna 07,81,confluencia - por la igualdad y la soberanía,23,14671,8155,otro
2025,G,provisorio,DIP_CABA,CABA,7,comuna 07,82,confluencia - por la igualdad y la soberanía,32,17804,9600,otro
2025,G,provisorio,DIP_CABA,CABA,7,comuna 07,83,confluencia - por la igualdad y la soberanía,34,22788,13340,otro
2025,G,provisorio,DIP_CABA,CABA,7,comuna 07,84,confluencia - por la igualdad y la soberanía,28,12904,7688,otro
2025,G,provisorio,DIP_CABA,CABA,7,comuna 07,85,confluencia - por la igualdad y la soberanía,13,8404,5445,otro
2025,G,provisorio,DIP_CABA,CABA,7,comuna 07,86,confluencia - por la igualdad y la soberanía,56,57251,20217,otro
2025,G,provisorio,DIP_CABA,CABA,8,comuna 08,87,confluencia - por la igualdad y la soberanía,119,48702,21437,otro
2025,G,provisorio,DIP_CABA,CABA,8,comuna 08,88,confluencia - por la igualdad y la soberanía,24,17856,10430,otro
2025,G,provisorio,DIP_CABA,CABA,8,comuna 08,89,confluencia - por la igualdad y la soberanía,86,69053,31837,otro
2025,G,provisorio,DIP_CABA,CABA,8,comuna 08,90,confluencia - por la igualdad y la soberanía,106,66139,28468,otro
2025,G,provisorio,DIP_CABA,CABA,9,comuna 09,91,confluencia - por la igualdad y la soberanía,29,16358,6959,otro
2025,G,provisorio,DIP_CABA,CABA,9,comuna 09,92,confluencia - por la igualdad y la soberanía,29,17131,9187,otro
2025,G,provisorio,DIP_CABA,CABA,9,comuna 09,93,confluencia - por la igualdad y la soberanía,15,10006,5686,otro
2025,G,provisorio,DIP_CABA,CABA,9,comuna 09,94,confluencia - por la igualdad y la soberanía,26,12335,7211,otro
2025,G,provisorio,DIP_CABA,CABA,9,comuna 09,95,confluencia - por la igualdad y la soberanía,37,19872,11600,otro
2025,G,provisorio,DIP_CABA,CABA,9,comuna 09,96,confluencia - por la igualdad y la soberanía,13,15064,7938,otro
2025,G,provisorio,DIP_CABA,CABA,9,comuna 09,97,confluencia - por la igualdad y la soberanía,16,13514,7263,otro
2025,G,provisorio,DIP_CABA,CABA,9,comuna 09,98,confluencia - por la igualdad y la soberanía,15,23996,14341,otro
2025,G,provisorio,DIP_CABA,CABA,9,comuna 09,99,confluencia - por la igualdad y la soberanía,12,11808,7546,otro
2025,G,provisorio,DIP_CABA,CABA,9,comuna 09,100,confluencia - por la igualdad y la soberanía,24,15274,9774,otro
2025,G,provisorio,DIP_CABA,CABA,9,comuna 09,101,confluencia - por la igualdad y la soberanía,28,20333,10878,otro
2025,G,provisorio,DIP_CABA,CABA,10,comuna 10,102,confluencia - por la igualdad y la soberanía,16,13869,9045,otro
2025,G,provisorio,DIP_CABA,CABA,10,comuna 10,103,confluencia - por la igualdad y la soberanía,34,13314,8227,otro
2025,G,provisorio,DIP_CABA,CABA,10,comuna 10,104,confluencia - por la igualdad y la soberanía,30,13095,8452,otro
2025,G,provisorio,DIP_CABA,CABA,10,comuna 10,105,confluencia - por la igualdad y la soberanía,28,20263,12792,otro
2025,G,provisorio,DIP_CABA,CABA,10,comuna 10,106,confluencia - por la igualdad y la soberanía,11,12239,7734,otro
2025,G,provisorio,DIP_CABA,CABA,10,comuna 10,107,confluencia - por la igualdad y la soberanía,28,21296,13225,otro
2025,G,provisorio,DIP_CABA,CABA,10,comuna 10,108,confluencia - por la igualdad y la soberanía,21,13017,8181,otro
2025,G,provisorio,DIP_CABA,CABA,10,comuna 10,109,confluencia - por la igualdad y la soberanía,40,21713,12618,otro
2025,G,provisorio,DIP_CABA,CABA,10,comuna 10,110,confluencia - por la igualdad y la soberanía,16,10717,6703,otro
2025,G,provisorio,DIP_CABA,CABA,10,comuna 10,111,confluencia - por la igualdad y la soberanía,23,15847,7336,otro
2025,G,provisorio,DIP_CABA,CABA,10,comuna 10,112,confluencia - por la igualdad y la soberanía,15,10438,5449,otro
2025,G,provisorio,DIP_CABA,CABA,11,comuna 11,113,confluencia - por la igualdad y la soberanía,29,14377,8785,otro
2025,G,provisorio,DIP_CABA,CABA,11,comuna 11,114,confluencia - por la igualdad y la soberanía,41,19428,11722,otro
2025,G,provisorio,DIP_CABA,CABA,11,comuna 11,115,confluencia - por la igualdad y la soberanía,27,13809,8154,otro
2025,G,provisorio,DIP_CABA,CABA,11,comuna 11,116,confluencia - por la igualdad y la soberanía,39,19378,11815,otro
2025,G,provisorio,DIP_CABA,CABA,11,comuna 11,117,confluencia - por la igualdad y la soberanía,46,19769,12638,otro
2025,G,provisorio,DIP_CABA,CABA,11,comuna 11,118,confluencia - por la igualdad y la soberanía,30,15712,10030,otro
2025,G,provisorio,DIP_CABA,CABA,11,comuna 11,119,confluencia - por la igualdad y la soberanía,36,18859,12384,otro
2025,G,provisorio,DIP_CABA,CABA,11,comuna 11,120,confluencia - por la igualdad y la soberanía,40,20171,12954,otro
2025,G,provisorio,DIP_CABA,CABA,11,comuna 11,121,confluencia - por la igualdad y la soberanía,27,16169,10287,otro
2025,G,provisorio,DIP_CABA,CABA,11,comuna 11,122,confluencia - por la igualdad y la soberanía,33,14300,9205,otro
2025,G,provisorio,DIP_CABA,CABA,11,comuna 11,123,confluencia - por la igualdad y la soberanía,22,15251,9861,otro
2025,G,provisorio,DIP_CABA,CABA,12,comuna 12,124,confluencia - por la igualdad y la soberanía,36,17084,11292,otro
2025,G,provisorio,DIP_CABA,CABA,12,comuna 12,125,confluencia - por la igualdad y la soberanía,52,23239,14921,otro
2025,G,provisorio,DIP_CABA,CABA,12,comuna 12,126,confluencia - por la igualdad y la soberanía,34,19090,12260,otro
2025,G,provisorio,DIP_CABA,CABA,12,comuna 12,127,confluencia - por la igualdad y la soberanía,42,27118,17025,otro
2025,G,provisorio,DIP_CABA,CABA,12,comuna 12,128,confluencia - por la igualdad y la soberanía,37,22151,14004,otro
2025,G,provisorio,DIP_CABA,CABA,12,comuna 12,129,confluencia - por la igualdad y la soberanía,52,29370,18077,otro
2025,G,provisorio,DIP_CABA,CABA,12,comuna 12,130,confluencia - por la igualdad y la soberanía,50,19615,12171,otro
2025,G,provisorio,DIP_CABA,CABA,12,comuna 12,131,confluencia - por la igualdad y la soberanía,14,5958,3857,otro
2025,G,provisorio,DIP_CABA,CABA,12,comuna 12,132,confluencia - por la igualdad y la soberanía,54,22103,13378,otro
2025,G,provisorio,DIP_CABA,CABA,12,comuna 12,133,confluencia - por la igualdad y la soberanía,41,22112,13784,otro
2025,G,provisorio,DIP_CABA,CABA,13,comuna 13,134,confluencia - por la igualdad y la soberanía,16,9619,5523,otro
2025,G,provisorio,DIP_CABA,CABA,13,comuna 13,135,confluencia - por la igualdad y la soberanía,18,13442,7980,otro
2025,G,provisorio,DIP_CABA,CABA,13,comuna 13,136,confluencia - por la igualdad y la soberanía,40,16440,9806,otro
2025,G,provisorio,DIP_CABA,CABA,13,comuna 13,137,confluencia - por la igualdad y la soberanía,26,15554,9340,otro
2025,G,provisorio,DIP_CABA,CABA,13,comuna 13,138,confluencia - por la igualdad y la soberanía,42,32936,18911,otro
2025,G,provisorio,DIP_CABA,CABA,13,comuna 13,139,confluencia - por la igualdad y la soberanía,28,20589,11722,otro
2025,G,provisorio,DIP_CABA,CABA,13,comuna 13,140,confluencia - por la igualdad y la soberanía,13,10547,5560,otro
2025,G,provisorio,DIP_CABA,CABA,13,comuna 13,141,confluencia - por la igualdad y la soberanía,35,16421,9546,otro
2025,G,provisorio,DIP_CABA,CABA,13,comuna 13,142,confluencia - por la igualdad y la soberanía,23,27238,15606,otro
2025,G,provisorio,DIP_CABA,CABA,13,comuna 13,143,confluencia - por la igualdad y la soberanía,28,19838,11470,otro
2025,G,provisorio,DIP_CABA,CABA,13,comuna 13,144,confluencia - por la igualdad y la soberanía,18,8767,5296,otro
2025,G,provisorio,DIP_CABA,CABA,13,comuna 13,145,confluencia - por la igualdad y la soberanía,50,16405,10306,otro
2025,G,provisorio,DIP_CABA,CABA,13,comuna 13,146,confluencia - por la igualdad y la soberanía,31,12536,7552,otro
2025,G,provisorio,DIP_CABA,CABA,13,comuna 13,147,confluencia - por la igualdad y la soberanía,37,23117,12987,otro
2025,G,provisorio,DIP_CABA,CABA,14,comuna 14,148,confluencia - por la igualdad y la soberanía,33,25385,14238,otro
2025,G,provisorio,DIP_CABA,CABA,14,comuna 14,149,confluencia - por la igualdad y la soberanía,34,29262,15659,otro
2025,G,provisorio,DIP_CABA,CABA,14,comuna 14,150,confluencia - por la igualdad y la soberanía,13,14420,7686,otro
2025,G,provisorio,DIP_CABA,CABA,14,comuna 14,151,confluencia - por la igualdad y la soberanía,27,30540,15689,otro
2025,G,provisorio,DIP_CABA,CABA,14,comuna 14,152,confluencia - por la igualdad y la soberanía,27,22485,12142,otro
2025,G,provisorio,DIP_CABA,CABA,14,comuna 14,153,confluencia - por la igualdad y la soberanía,51,27011,14914,otro
2025,G,provisorio,DIP_CABA,CABA,14,comuna 14,154,confluencia - por la igualdad y la soberanía,70,32341,16658,otro
2025,G,provisorio,DIP_CABA,CABA,14,comuna 14,155,confluencia - por la igualdad y la soberanía,56,29556,15250,otro
2025,G,provisorio,DIP_CABA,CABA,14,comuna 14,156,confluencia - por la igualdad y la soberanía,32,11665,6146,otro
2025,G,provisorio,DIP_CABA,CABA,14,comuna 14,157,confluencia - por la igualdad y la soberanía,36,19454,10411,otro
2025,G,provisorio,DIP_CABA,CABA,15,comuna 15,158,confluencia - por la igualdad y la soberanía,62,22962,13096,otro
2025,G,provisorio,DIP_CABA,CABA,15,comuna 15,159,confluencia - por la igualdad y la soberanía,28,14495,8153,otro
2025,G,provisorio,DIP_CABA,CABA,15,comuna 15,160,confluencia - por la igualdad y la soberanía,64,26240,14714,otro
2025,G,provisorio,DIP_CABA,CABA,15,comuna 15,161,confluencia - por la igualdad y la soberanía,64,22469,13239,otro
2025,G,provisorio,DIP_CABA,CABA,15,comuna 15,162,confluencia - por la igualdad y la soberanía,37,19685,10418,otro
2025,G,provisorio,DIP_CABA,CABA,15,comuna 15,163,confluencia - por la igualdad y la soberanía,46,14547,7944,otro
2025,G,provisorio,DIP_CABA,CABA,15,comuna 15,164,confluencia - por la igualdad y la soberanía,57,15214,8096,otro
2025,G,provisorio,DIP_CABA,CABA,15,comuna 15,165,confluencia - por la igualdad y la soberanía,61,22141,13131,otro
2025,G,provisorio,DIP_CABA,CABA,15,comuna 15,166,confluencia - por la igualdad y la soberanía,74,17752,11362,otro
2025,G,provisorio,DIP_CABA,CABA,15,comuna 15,167,confluencia - por la igualdad y la soberanía,21,13635,8834,otro
2025,G,provisorio,DIP_CABA,CABA,1,comuna 01,1,el movimiento,9,12557,6398,otro
2025,G,provisorio,DIP_CABA,CABA,1,comuna 01,2,el movimiento,13,12110,5475,otro
2025,G,provisorio,DIP_CABA,CABA,1,comuna 01,3,el movimiento,3,3962,1989,otro
2025,G,provisorio,DIP_CABA,CABA,1,comuna 01,4,el movimiento,1,3143,1502,otro
2025,G,provisorio,DIP_CABA,CABA,1,comuna 01,5,el movimiento,46,31029,8859,otro
2025,G,provisorio,DIP_CABA,CABA,1,comuna 01,6,el movimiento,4,19270,8998,otro
2025,G,provisorio,DIP_CABA,CABA,1,comuna 01,7,el movimiento,3,9533,4737,otro
2025,G,provisorio,DIP_CABA,CABA,1,comuna 01,8,el movimiento,10,11664,4552,otro
2025,G,provisorio,DIP_CABA,CABA,1,comuna 01,9,el movimiento,8,17073,6090,otro
2025,G,provisorio,DIP_CABA,CABA,1,comuna 01,10,el movimiento,14,14181,6502,otro
2025,G,provisorio,DIP_CABA,CABA,1,comuna 01,11,el movimiento,7,17022,6867,otro
2025,G,provisorio,DIP_CABA,CABA,1,comuna 01,12,el movimiento,11,14241,6183,otro
2025,G,provisorio,DIP_CABA,CABA,1,comuna 01,13,el movimiento,19,15923,7257,otro
2025,G,provisorio,DIP_CABA,CABA,1,comuna 01,14,el movimiento,4,7319,2891,otro
2025,G,provisorio,DIP_CABA,CABA,1,comuna 01,15,el movimiento,11,10624,4535,otro
2025,G,provisorio,DIP_CABA,CABA,1,comuna 01,16,el movimiento,17,10385,4709,otro
2025,G,provisorio,DIP_CABA,CABA,1,comuna 01,17,el movimiento,15,15138,6549,otro
2025,G,provisorio,DIP_CABA,CABA,1,comuna 01,18,el movimiento,16,9466,3926,otro
2025,G,provisorio,DIP_CABA,CABA,1,comuna 01,19,el movimiento,16,15125,6064,otro
2025,G,provisorio,DIP_CABA,CABA,2,comuna 02,20,el movimiento,6,9021,4323,otro
2025,G,provisorio,DIP_CABA,CABA,2,comuna 02,21,el movimiento,6,15247,7823,otro
2025,G,provisorio,DIP_CABA,CABA,2,comuna 02,22,el movimiento,10,17590,9476,otro
2025,G,provisorio,DIP_CABA,CABA,2,comuna 02,23,el movimiento,7,22530,11985,otro
2025,G,provisorio,DIP_CABA,CABA,2,comuna 02,24,el movimiento,10,14506,8002,otro
2025,G,provisorio,DIP_CABA,CABA,2,comuna 02,25,el movimiento,13,14754,7685,otro
2025,G,provisorio,DIP_CABA,CABA,2,comuna 02,26,el movimiento,7,18701,9906,otro
2025,G,provisorio,DIP_CABA,CABA,2,comuna 02,27,el movimiento,8,14752,7373,otro
2025,G,provisorio,DIP_CABA,CABA,2,comuna 02,28,el movimiento,17,21136,10954,otro
2025,G,provisorio,DIP_CABA,CABA,2,comuna 02,29,el movimiento,9,13637,7285,otro
2025,G,provisorio,DIP_CABA,CABA,3,comuna 03,30,el movimiento,17,15092,6373,otro
2025,G,provisorio,DIP_CABA,CABA,3,comuna 03,31,el movimiento,16,18180,7289,otro
2025,G,provisorio,DIP_CABA,CABA,3,comuna 03,32,el movimiento,18,14599,6519,otro
2025,G,provisorio,DIP_CABA,CABA,3,comuna 03,33,el movimiento,10,14067,5487,otro
2025,G,provisorio,DIP_CABA,CABA,3,comuna 03,34,el movimiento,25,19917,8457,otro
2025,G,provisorio,DIP_CABA,CABA,3,comuna 03,35,el movimiento,16,16245,7703,otro
2025,G,provisorio,DIP_CABA,CABA,3,comuna 03,36,el movimiento,14,10505,5190,otro
2025,G,provisorio,DIP_CABA,CABA,3,comuna 03,37,el movimiento,19,13496,6609,otro
2025,G,provisorio,DIP_CABA,CABA,3,comuna 03,38,el movimiento,20,15350,7532,otro
2025,G,provisorio,DIP_CABA,CABA,3,comuna 03,39,el movimiento,8,15614,7792,otro
2025,G,provisorio,DIP_CABA,CABA,3,comuna 03,40,el movimiento,11,10929,6418,otro
2025,G,provisorio,DIP_CABA,CABA,3,comuna 03,41,el movimiento,30,21815,11478,otro
2025,G,provisorio,DIP_CABA,CABA,3,comuna 03,42,el movimiento,18,18525,9518,otro
2025,G,provisorio,DIP_CABA,CABA,4,comuna 04,43,el movimiento,23,13659,8042,otro
2025,G,provisorio,DIP_CABA,CABA,4,comuna 04,44,el movimiento,17,10358,6082,otro
2025,G,provisorio,DIP_CABA,CABA,4,comuna 04,45,el movimiento,13,8755,4516,otro
2025,G,provisorio,DIP_CABA,CABA,4,comuna 04,46,el movimiento,12,8419,4106,otro
2025,G,provisorio,DIP_CABA,CABA,4,comuna 04,47,el movimiento,48,37329,11026,otro
2025,G,provisorio,DIP_CABA,CABA,4,comuna 04,48,el movimiento,24,15552,8076,otro
2025,G,provisorio,DIP_CABA,CABA,4,comuna 04,49,el movimiento,27,13436,7193,otro
2025,G,provisorio,DIP_CABA,CABA,4,comuna 04,50,el movimiento,18,15226,8786,otro
2025,G,provisorio,DIP_CABA,CABA,4,comuna 04,51,el movimiento,16,10813,6480,otro
2025,G,provisorio,DIP_CABA,CABA,4,comuna 04,52,el movimiento,29,13957,6544,otro
2025,G,provisorio,DIP_CABA,CABA,4,comuna 04,53,el movimiento,28,17072,7819,otro
2025,G,provisorio,DIP_CABA,CABA,4,comuna 04,54,el movimiento,29,17890,9570,otro
2025,G,provisorio,DIP_CABA,CABA,4,comuna 04,55,el movimiento,17,12094,6057,otro
2025,G,provisorio,DIP_CABA,CABA,4,comuna 04,56,el movimiento,18,11838,5982,otro
2025,G,provisorio,DIP_CABA,CABA,4,comuna 04,57,el movimiento,34,23039,12121,otro
2025,G,provisorio,DIP_CABA,CABA,5,comuna 05,58,el movimiento,21,16081,9511,otro
2025,G,provisorio,DIP_CABA,CABA,5,comuna 05,59,el movimiento,24,14324,8544,otro
2025,G,provisorio,DIP_CABA,CABA,5,comuna 05,60,el movimiento,8,17426,10563,otro
2025,G,provisorio,DIP_CABA,CABA,5,comuna 05,61,el movimiento,19,16442,10107,otro
2025,G,provisorio,DIP_CABA,CABA,5,comuna 05,62,el movimiento,19,11770,6780,otro
2025,G,provisorio,DIP_CABA,CABA,5,comuna 05,63,el movimiento,28,22766,12949,otro
2025,G,provisorio,DIP_CABA,CABA,5,comuna 05,64,el movimiento,34,25789,13669,otro
2025,G,provisorio,DIP_CABA,CABA,5,comuna 05,65,el movimiento,22,17044,8670,otro
2025,G,provisorio,DIP_CABA,CABA,5,comuna 05,66,el movimiento,16,15176,8657,otro
2025,G,provisorio,DIP_CABA,CABA,5,comuna 05,67,el movimiento,37,23365,13231,otro
2025,G,provisorio,DIP_CABA,CABA,6,comuna 06,68,el movimiento,15,22019,13406,otro
2025,G,provisorio,DIP_CABA,CABA,6,comuna 06,69,el movimiento,23,31181,19526,otro
2025,G,provisorio,DIP_CABA,CABA,6,comuna 06,70,el movimiento,28,29072,17461,otro
2025,G,provisorio,DIP_CABA,CABA,6,comuna 06,71,el movimiento,30,33919,21037,otro
2025,G,provisorio,DIP_CABA,CABA,6,comuna 06,72,el movimiento,27,14881,9130,otro
2025,G,provisorio,DIP_CABA,CABA,6,comuna 06,73,el movimiento,16,19449,12322,otro
2025,G,provisorio,DIP_CABA,CABA,6,comuna 06,74,el movimiento,24,26575,16675,otro
2025,G,provisorio,DIP_CABA,CABA,7,comuna 07,75,el movimiento,24,11210,7160,otro
2025,G,provisorio,DIP_CABA,CABA,7,comuna 07,76,el movimiento,8,18001,11467,otro
2025,G,provisorio,DIP_CABA,CABA,7,comuna 07,77,el movimiento,23,15468,9169,otro
2025,G,provisorio,DIP_CABA,CABA,7,comuna 07,78,el movimiento,8,13647,7411,otro
2025,G,provisorio,DIP_CABA,CABA,7,comuna 07,79,el movimiento,18,17377,7926,otro
2025,G,provisorio,DIP_CABA,CABA,7,comuna 07,80,el movimiento,14,15082,9261,otro
2025,G,provisorio,DIP_CABA,CABA,7,comuna 07,81,el movimiento,4,14671,8155,otro
2025,G,provisorio,DIP_CABA,CABA,7,comuna 07,82,el movimiento,15,17804,9600,otro
2025,G,provisorio,DIP_CABA,CABA,7,comuna 07,83,el movimiento,15,22788,13340,otro
2025,G,provisorio,DIP_CABA,CABA,7,comuna 07,84,el movimiento,19,12904,7688,otro
2025,G,provisorio,DIP_CABA,CABA,7,comuna 07,85,el movimiento,4,8404,5445,otro
2025,G,provisorio,DIP_CABA,CABA,7,comuna 07,86,el movimiento,72,57251,20217,otro
2025,G,provisorio,DIP_CABA,CABA,8,comuna 08,87,el movimiento,96,48702,21437,otro
2025,G,provisorio,DIP_CABA,CABA,8,comuna 08,88,el movimiento,33,17856,10430,otro
2025,G,provisorio,DIP_CABA,CABA,8,comuna 08,89,el movimiento,94,69053,31837,otro
2025,G,provisorio,DIP_CABA,CABA,8,comuna 08,90,el movimiento,104,66139,28468,otro
2025,G,provisorio,DIP_CABA,CABA,9,comuna 09,91,el movimiento,37,16358,6959,otro
2025,G,provisorio,DIP_CABA,CABA,9,comuna 09,92,el movimiento,22,17131,9187,otro
2025,G,provisorio,DIP_CABA,CABA,9,comuna 09,93,el movimiento,9,10006,5686,otro
2025,G,provisorio,DIP_CABA,CABA,9,comuna 09,94,el movimiento,13,12335,7211,otro
2025,G,provisorio,DIP_CABA,CABA,9,comuna 09,95,el movimiento,27,19872,11600,otro
2025,G,provisorio,DIP_CABA,CABA,9,comuna 09,96,el movimiento,35,15064,7938,otro
2025,G,provisorio,DIP_CABA,CABA,9,comuna 09,97,el movimiento,14,13514,7263,otro
2025,G,provisorio,DIP_CABA,CABA,9,comuna 09,98,el movimiento,34,23996,14341,otro
2025,G,provisorio,DIP_CABA,CABA,9,comuna 09,99,el movimiento,15,11808,7546,otro
2025,G,provisorio,DIP_CABA,CABA,9,comuna 09,100,el movimiento,17,15274,9774,otro
2025,G,provisorio,DIP_CABA,CABA,9,comuna 09,101,el movimiento,25,20333,10878,otro
2025,G,provisorio,DIP_CABA,CABA,10,comuna 10,102,el movimiento,10,13869,9045,otro
2025,G,provisorio,DIP_CABA,CABA,10,comuna 10,103,el movimiento,23,13314,8227,otro
2025,G,provisorio,DIP_CABA,CABA,10,comuna 10,104,el movimiento,16,13095,8452,otro
2025,G,provisorio,DIP_CABA,CABA,10,comuna 10,105,el movimiento,27,20263,12792,otro
2025,G,provisorio,DIP_CABA,CABA,10,comuna 10,106,el movimiento,14,12239,7734,otro
2025,G,provisorio,DIP_CABA,CABA,10,comuna 10,107,el movimiento,25,21296,13225,otro
2025,G,provisorio,DIP_CABA,CABA,10,comuna 10,108,el movimiento,16,13017,8181,otro
2025,G,provisorio,DIP_CABA,CABA,10,comuna 10,109,el movimiento,22,21713,12618,otro
2025,G,provisorio,DIP_CABA,CABA,10,comuna 10,110,el movimiento,14,10717,6703,otro
2025,G,provisorio,DIP_CABA,CABA,10,comuna 10,111,el movimiento,17,15847,7336,otro
2025,G,provisorio,DIP_CABA,CABA,10,comuna 10,112,el movimiento,10,10438,5449,otro
2025,G,provisorio,DIP_CABA,CABA,11,comuna 11,113,el movimiento,27,14377,8785,otro
2025,G,provisorio,DIP_CABA,CABA,11,comuna 11,114,el movimiento,20,19428,11722,otro
2025,G,provisorio,DIP_CABA,CABA,11,comuna 11,115,el movimiento,9,13809,8154,otro
2025,G,provisorio,DIP_CABA,CABA,11,comuna 11,116,el movimiento,33,19378,11815,otro
2025,G,provisorio,DIP_CABA,CABA,11,comuna 11,117,el movimiento,26,19769,12638,otro
2025,G,provisorio,DIP_CABA,CABA,11,comuna 11,118,el movimiento,13,15712,10030,otro
2025,G,provisorio,DIP_CABA,CABA,11,comuna 11,119,el movimiento,23,18859,12384,otro
2025,G,provisorio,DIP_CABA,CABA,11,comuna 11,120,el movimiento,20,20171,12954,otro
2025,G,provisorio,DIP_CABA,CABA,11,comuna 11,121,el movimiento,16,16169,10287,otro
2025,G,provisorio,DIP_CABA,CABA,11,comuna 11,122,el movimiento,11,14300,9205,otro
2025,G,provisorio,DIP_CABA,CABA,11,comuna 11,123,el movimiento,17,15251,9861,otro
2025,G,provisorio,DIP_CABA,CABA,12,comuna 12,124,el movimiento,24,17084,11292,otro
2025,G,provisorio,DIP_CABA,CABA,12,comuna 12,125,el movimiento,22,23239,14921,otro
2025,G,provisorio,DIP_CABA,CABA,12,comuna 12,126,el movimiento,20,19090,12260,otro
2025,G,provisorio,DIP_CABA,CABA,12,comuna 12,127,el movimiento,21,27118,17025,otro
2025,G,provisorio,DIP_CABA,CABA,12,comuna 12,128,el movimiento,21,22151,14004,otro
2025,G,provisorio,DIP_CABA,CABA,12,comuna 12,129,el movimiento,26,29370,18077,otro
2025,G,provisorio,DIP_CABA,CABA,12,comuna 12,130,el movimiento,18,19615,12171,otro
2025,G,provisorio,DIP_CABA,CABA,12,comuna 12,131,el movimiento,8,5958,3857,otro
2025,G,provisorio,DIP_CABA,CABA,12,comuna 12,132,el movimiento,32,22103,13378,otro
2025,G,provisorio,DIP_CABA,CABA,12,comuna 12,133,el movimiento,21,22112,13784,otro
2025,G,provisorio,DIP_CABA,CABA,13,comuna 13,134,el movimiento,4,9619,5523,otro
2025,G,provisorio,DIP_CABA,CABA,13,comuna 13,135,el movimiento,11,13442,7980,otro
2025,G,provisorio,DIP_CABA,CABA,13,comuna 13,136,el movimiento,21,16440,9806,otro
2025,G,provisorio,DIP_CABA,CABA,13,comuna 13,137,el movimiento,17,15554,9340,otro
2025,G,provisorio,DIP_CABA,CABA,13,comuna 13,138,el movimiento,18,32936,18911,otro
2025,G,provisorio,DIP_CABA,CABA,13,comuna 13,139,el movimiento,6,20589,11722,otro
2025,G,provisorio,DIP_CABA,CABA,13,comuna 13,140,el movimiento,7,10547,5560,otro
2025,G,provisorio,DIP_CABA,CABA,13,comuna 13,141,el movimiento,7,16421,9546,otro
2025,G,provisorio,DIP_CABA,CABA,13,comuna 13,142,el movimiento,6,27238,15606,otro
2025,G,provisorio,DIP_CABA,CABA,13,comuna 13,143,el movimiento,18,19838,11470,otro
2025,G,provisorio,DIP_CABA,CABA,13,comuna 13,144,el movimiento,3,8767,5296,otro
2025,G,provisorio,DIP_CABA,CABA,13,comuna 13,145,el movimiento,12,16405,10306,otro
2025,G,provisorio,DIP_CABA,CABA,13,comuna 13,146,el movimiento,16,12536,7552,otro
2025,G,provisorio,DIP_CABA,CABA,13,comuna 13,147,el movimiento,24,23117,12987,otro
2025,G,provisorio,DIP_CABA,CABA,14,comuna 14,148,el movimiento,14,25385,14238,otro
2025,G,provisorio,DIP_CABA,CABA,14,comuna 14,149,el movimiento,15,29262,15659,otro
2025,G,provisorio,DIP_CABA,CABA,14,comuna 14,150,el movimiento,1,14420,7686,otro
2025,G,provisorio,DIP_CABA,CABA,14,comuna 14,151,el movimiento,14,30540,15689,otro
2025,G,provisorio,DIP_CABA,CABA,14,comuna 14,152,el movimiento,7,22485,12142,otro
2025,G,provisorio,DIP_CABA,CABA,14,comuna 14,153,el movimiento,16,27011,14914,otro
2025,G,provisorio,DIP_CABA,CABA,14,comuna 14,154,el movimiento,22,32341,16658,otro
2025,G,provisorio,DIP_CABA,CABA,14,comuna 14,155,el movimiento,20,29556,15250,otro
2025,G,provisorio,DIP_CABA,CABA,14,comuna 14,156,el movimiento,8,11665,6146,otro
2025,G,provisorio,DIP_CABA,CABA,14,comuna 14,157,el movimiento,13,19454,10411,otro
2025,G,provisorio,DIP_CABA,CABA,15,comuna 15,158,el movimiento,15,22962,13096,otro
2025,G,provisorio,DIP_CABA,CABA,15,comuna 15,159,el movimiento,16,14495,8153,otro
2025,G,provisorio,DIP_CABA,CABA,15,comuna 15,160,el movimiento,26,26240,14714,otro
2025,G,provisorio,DIP_CABA,CABA,15,comuna 15,161,el movimiento,35,22469,13239,otro
2025,G,provisorio,DIP_CABA,CABA,15,comuna 15,162,el movimiento,30,19685,10418,otro
2025,G,provisorio,DIP_CABA,CABA,15,comuna 15,163,el movimiento,30,14547,7944,otro
2025,G,provisorio,DIP_CABA,CABA,15,comuna 15,164,el movimiento,11,15214,8096,otro
2025,G,provisorio,DIP_CABA,CABA,15,comuna 15,165,el movimiento,25,22141,13131,otro
2025,G,provisorio,DIP_CABA,CABA,15,comuna 15,166,el movimiento,27,17752,11362,otro
2025,G,provisorio,DIP_CABA,CABA,15,comuna 15,167,el movimiento,5,13635,8834,otro
2025,G,provisorio,DIP_CABA,CABA,1,comuna 01,1,es ahora buenos aires,2195,12557,6398,pj
2025,G,provisorio,DIP_CABA,CABA,1,comuna 01,2,es ahora buenos aires,1992,12110,5475,pj
2025,G,provisorio,DIP_CABA,CABA,1,comuna 01,3,es ahora buenos aires,219,3962,1989,pj
2025,G,provisorio,DIP_CABA,CABA,1,comuna 01,4,es ahora buenos aires,149,3143,1502,pj
2025,G,provisorio,DIP_CABA,CABA,1,comuna 01,5,es ahora buenos aires,2477,31029,8859,pj
2025,G,provisorio,DIP_CABA,CABA,1,comuna 01,6,es ahora buenos aires,780,19270,8998,pj
2025,G,provisorio,DIP_CABA,CABA,1,comuna 01,7,es ahora buenos aires,698,9533,4737,pj
2025,G,provisorio,DIP_CABA,CABA,1,comuna 01,8,es ahora buenos aires,876,11664,4552,pj
2025,G,provisorio,DIP_CABA,CABA,1,comuna 01,9,es ahora buenos aires,1262,17073,6090,pj
2025,G,provisorio,DIP_CABA,CABA,1,comuna 01,10,es ahora buenos aires,1440,14181,6502,pj
2025,G,provisorio,DIP_CABA,CABA,1,comuna 01,11,es ahora buenos aires,1916,17022,6867,pj
2025,G,provisorio,DIP_CABA,CABA,1,comuna 01,12,es ahora buenos aires,1795,14241,6183,pj
2025,G,provisorio,DIP_CABA,CABA,1,comuna 01,13,es ahora buenos aires,2194,15923,7257,pj
2025,G,provisorio,DIP_CABA,CABA,1,comuna 01,14,es ahora buenos aires,741,7319,2891,pj
2025,G,provisorio,DIP_CABA,CABA,1,comuna 01,15,es ahora buenos aires,1519,10624,4535,pj
2025,G,provisorio,DIP_CABA,CABA,1,comuna 01,16,es ahora buenos aires,1486,10385,4709,pj
2025,G,provisorio,DIP_CABA,CABA,1,comuna 01,17,es ahora buenos aires,2103,15138,6549,pj
2025,G,provisorio,DIP_CABA,CABA,1,comuna 01,18,es ahora buenos aires,1289,9466,3926,pj
2025,G,provisorio,DIP_CABA,CABA,1,comuna 01,19,es ahora buenos aires,2016,15125,6064,pj
2025,G,provisorio,DIP_CABA,CABA,2,comuna 02,20,es ahora buenos aires,639,9021,4323,pj
2025,G,provisorio,DIP_CABA,CABA,2,comuna 02,21,es ahora buenos aires,688,15247,7823,pj
2025,G,provisorio,DIP_CABA,CABA,2,comuna 02,22,es ahora buenos aires,1720,17590,9476,pj
2025,G,provisorio,DIP_CABA,CABA,2,comuna 02,23,es ahora buenos aires,2165,22530,11985,pj
2025,G,provisorio,DIP_CABA,CABA,2,comuna 02,24,es ahora buenos aires,1168,14506,8002,pj
2025,G,provisorio,DIP_CABA,CABA,2,comuna 02,25,es ahora buenos aires,975,14754,7685,pj
2025,G,provisorio,DIP_CABA,CABA,2,comuna 02,26,es ahora buenos aires,1190,18701,9906,pj
2025,G,provisorio,DIP_CABA,CABA,2,comuna 02,27,es ahora buenos aires,1378,14752,7373,pj
2025,G,provisorio,DIP_CABA,CABA,2,comuna 02,28,es ahora buenos aires,2484,21136,10954,pj
2025,G,provisorio,DIP_CABA,CABA,2,comuna 02,29,es ahora buenos aires,1709,13637,7285,pj
2025,G,provisorio,DIP_CABA,CABA,3,comuna 03,30,es ahora buenos aires,1551,15092,6373,pj
2025,G,provisorio,DIP_CABA,CABA,3,comuna 03,31,es ahora buenos aires,1764,18180,7289,pj
2025,G,provisorio,DIP_CABA,CABA,3,comuna 03,32,es ahora buenos aires,1768,14599,6519,pj
2025,G,provisorio,DIP_CABA,CABA,3,comuna 03,33,es ahora buenos aires,1447,14067,5487,pj
2025,G,provisorio,DIP_CABA,CABA,3,comuna 03,34,es ahora buenos aires,2320,19917,8457,pj
2025,G,provisorio,DIP_CABA,CABA,3,comuna 03,35,es ahora buenos aires,2424,16245,7703,pj
2025,G,provisorio,DIP_CABA,CABA,3,comuna 03,36,es ahora buenos aires,1776,10505,5190,pj
2025,G,provisorio,DIP_CABA,CABA,3,comuna 03,37,es ahora buenos aires,2051,13496,6609,pj
2025,G,provisorio,DIP_CABA,CABA,3,comuna 03,38,es ahora buenos aires,2357,15350,7532,pj
2025,G,provisorio,DIP_CABA,CABA,3,comuna 03,39,es ahora buenos aires,2364,15614,7792,pj
2025,G,provisorio,DIP_CABA,CABA,3,comuna 03,40,es ahora buenos aires,2031,10929,6418,pj
2025,G,provisorio,DIP_CABA,CABA,3,comuna 03,41,es ahora buenos aires,3810,21815,11478,pj
2025,G,provisorio,DIP_CABA,CABA,3,comuna 03,42,es ahora buenos aires,3041,18525,9518,pj
2025,G,provisorio,DIP_CABA,CABA,4,comuna 04,43,es ahora buenos aires,2535,13659,8042,pj
2025,G,provisorio,DIP_CABA,CABA,4,comuna 04,44,es ahora buenos aires,2005,10358,6082,pj
2025,G,provisorio,DIP_CABA,CABA,4,comuna 04,45,es ahora buenos aires,1481,8755,4516,pj
2025,G,provisorio,DIP_CABA,CABA,4,comuna 04,46,es ahora buenos aires,1323,8419,4106,pj
2025,G,provisorio,DIP_CABA,CABA,4,comuna 04,47,es ahora buenos aires,4503,37329,11026,pj
2025,G,provisorio,DIP_CABA,CABA,4,comuna 04,48,es ahora buenos aires,2399,15552,8076,pj
2025,G,provisorio,DIP_CABA,CABA,4,comuna 04,49,es ahora buenos aires,2300,13436,7193,pj
2025,G,provisorio,DIP_CABA,CABA,4,comuna 04,50,es ahora buenos aires,2424,15226,8786,pj
2025,G,provisorio,DIP_CABA,CABA,4,comuna 04,51,es ahora buenos aires,1731,10813,6480,pj
2025,G,provisorio,DIP_CABA,CABA,4,comuna 04,52,es ahora buenos aires,2159,13957,6544,pj
2025,G,provisorio,DIP_CABA,CABA,4,comuna 04,53,es ahora buenos aires,2512,17072,7819,pj
2025,G,provisorio,DIP_CABA,CABA,4,comuna 04,54,es ahora buenos aires,3026,17890,9570,pj
2025,G,provisorio,DIP_CABA,CABA,4,comuna 04,55,es ahora buenos aires,2007,12094,6057,pj
2025,G,provisorio,DIP_CABA,CABA,4,comuna 04,56,es ahora buenos aires,1928,11838,5982,pj
2025,G,provisorio,DIP_CABA,CABA,4,comuna 04,57,es ahora buenos aires,3799,23039,12121,pj
2025,G,provisorio,DIP_CABA,CABA,5,comuna 05,58,es ahora buenos aires,3291,16081,9511,pj
2025,G,provisorio,DIP_CABA,CABA,5,comuna 05,59,es ahora buenos aires,2998,14324,8544,pj
2025,G,provisorio,DIP_CABA,CABA,5,comuna 05,60,es ahora buenos aires,3615,17426,10563,pj
2025,G,provisorio,DIP_CABA,CABA,5,comuna 05,61,es ahora buenos aires,3087,16442,10107,pj
2025,G,provisorio,DIP_CABA,CABA,5,comuna 05,62,es ahora buenos aires,2235,11770,6780,pj
2025,G,provisorio,DIP_CABA,CABA,5,comuna 05,63,es ahora buenos aires,3900,22766,12949,pj
2025,G,provisorio,DIP_CABA,CABA,5,comuna 05,64,es ahora buenos aires,4215,25789,13669,pj
2025,G,provisorio,DIP_CABA,CABA,5,comuna 05,65,es ahora buenos aires,2612,17044,8670,pj
2025,G,provisorio,DIP_CABA,CABA,5,comuna 05,66,es ahora buenos aires,2663,15176,8657,pj
2025,G,provisorio,DIP_CABA,CABA,5,comuna 05,67,es ahora buenos aires,4131,23365,13231,pj
2025,G,provisorio,DIP_CABA,CABA,6,comuna 06,68,es ahora buenos aires,4246,22019,13406,pj
2025,G,provisorio,DIP_CABA,CABA,6,comuna 06,69,es ahora buenos aires,4881,31181,19526,pj
2025,G,provisorio,DIP_CABA,CABA,6,comuna 06,70,es ahora buenos aires,5316,29072,17461,pj
2025,G,provisorio,DIP_CABA,CABA,6,comuna 06,71,es ahora buenos aires,5411,33919,21037,pj
2025,G,provisorio,DIP_CABA,CABA,6,comuna 06,72,es ahora buenos aires,2857,14881,9130,pj
2025,G,provisorio,DIP_CABA,CABA,6,comuna 06,73,es ahora buenos aires,3728,19449,12322,pj
2025,G,provisorio,DIP_CABA,CABA,6,comuna 06,74,es ahora buenos aires,3951,26575,16675,pj
2025,G,provisorio,DIP_CABA,CABA,7,comuna 07,75,es ahora buenos aires,2171,11210,7160,pj
2025,G,provisorio,DIP_CABA,CABA,7,comuna 07,76,es ahora buenos aires,3393,18001,11467,pj
2025,G,provisorio,DIP_CABA,CABA,7,comuna 07,77,es ahora buenos aires,3050,15468,9169,pj
2025,G,provisorio,DIP_CABA,CABA,7,comuna 07,78,es ahora buenos aires,2304,13647,7411,pj
2025,G,provisorio,DIP_CABA,CABA,7,comuna 07,79,es ahora buenos aires,2104,17377,7926,pj
2025,G,provisorio,DIP_CABA,CABA,7,comuna 07,80,es ahora buenos aires,2596,15082,9261,pj
2025,G,provisorio,DIP_CABA,CABA,7,comuna 07,81,es ahora buenos aires,2197,14671,8155,pj
2025,G,provisorio,DIP_CABA,CABA,7,comuna 07,82,es ahora buenos aires,2635,17804,9600,pj
2025,G,provisorio,DIP_CABA,CABA,7,comuna 07,83,es ahora buenos aires,3188,22788,13340,pj
2025,G,provisorio,DIP_CABA,CABA,7,comuna 07,84,es ahora buenos aires,2315,12904,7688,pj
2025,G,provisorio,DIP_CABA,CABA,7,comuna 07,85,es ahora buenos aires,1488,8404,5445,pj
2025,G,provisorio,DIP_CABA,CABA,7,comuna 07,86,es ahora buenos aires,6825,57251,20217,pj
2025,G,provisorio,DIP_CABA,CABA,8,comuna 08,87,es ahora buenos aires,8138,48702,21437,pj
2025,G,provisorio,DIP_CABA,CABA,8,comuna 08,88,es ahora buenos aires,2880,17856,10430,pj
2025,G,provisorio,DIP_CABA,CABA,8,comuna 08,89,es ahora buenos aires,10806,69053,31837,pj
2025,G,provisorio,DIP_CABA,CABA,8,comuna 08,90,es ahora buenos aires,10255,66139,28468,pj
2025,G,provisorio,DIP_CABA,CABA,9,comuna 09,91,es ahora buenos aires,2371,16358,6959,pj
2025,G,provisorio,DIP_CABA,CABA,9,comuna 09,92,es ahora buenos aires,2734,17131,9187,pj
2025,G,provisorio,DIP_CABA,CABA,9,comuna 09,93,es ahora buenos aires,1894,10006,5686,pj
2025,G,provisorio,DIP_CABA,CABA,9,comuna 09,94,es ahora buenos aires,2426,12335,7211,pj
2025,G,provisorio,DIP_CABA,CABA,9,comuna 09,95,es ahora buenos aires,3548,19872,11600,pj
2025,G,provisorio,DIP_CABA,CABA,9,comuna 09,96,es ahora buenos aires,2582,15064,7938,pj
2025,G,provisorio,DIP_CABA,CABA,9,comuna 09,97,es ahora buenos aires,2605,13514,7263,pj
2025,G,provisorio,DIP_CABA,CABA,9,comuna 09,98,es ahora buenos aires,4085,23996,14341,pj
2025,G,provisorio,DIP_CABA,CABA,9,comuna 09,99,es ahora buenos aires,2043,11808,7546,pj
2025,G,provisorio,DIP_CABA,CABA,9,comuna 09,100,es ahora buenos aires,2628,15274,9774,pj
2025,G,provisorio,DIP_CABA,CABA,9,comuna 09,101,es ahora buenos aires,3017,20333,10878,pj
2025,G,provisorio,DIP_CABA,CABA,10,comuna 10,102,es ahora buenos aires,2341,13869,9045,pj
2025,G,provisorio,DIP_CABA,CABA,10,comuna 10,103,es ahora buenos aires,2156,13314,8227,pj
2025,G,provisorio,DIP_CABA,CABA,10,comuna 10,104,es ahora buenos aires,2517,13095,8452,pj
2025,G,provisorio,DIP_CABA,CABA,10,comuna 10,105,es ahora buenos aires,3601,20263,12792,pj
2025,G,provisorio,DIP_CABA,CABA,10,comuna 10,106,es ahora buenos aires,2187,12239,7734,pj
2025,G,provisorio,DIP_CABA,CABA,10,comuna 10,107,es ahora buenos aires,3850,21296,13225,pj
2025,G,provisorio,DIP_CABA,CABA,10,comuna 10,108,es ahora buenos aires,2475,13017,8181,pj
2025,G,provisorio,DIP_CABA,CABA,10,comuna 10,109,es ahora buenos aires,3832,21713,12618,pj
2025,G,provisorio,DIP_CABA,CABA,10,comuna 10,110,es ahora buenos aires,2225,10717,6703,pj
2025,G,provisorio,DIP_CABA,CABA,10,comuna 10,111,es ahora buenos aires,2125,15847,7336,pj
2025,G,provisorio,DIP_CABA,CABA,10,comuna 10,112,es ahora buenos aires,1621,10438,5449,pj
2025,G,provisorio,DIP_CABA,CABA,11,comuna 11,113,es ahora buenos aires,2541,14377,8785,pj
2025,G,provisorio,DIP_CABA,CABA,11,comuna 11,114,es ahora buenos aires,3452,19428,11722,pj
2025,G,provisorio,DIP_CABA,CABA,11,comuna 11,115,es ahora buenos aires,2675,13809,8154,pj
2025,G,provisorio,DIP_CABA,CABA,11,comuna 11,116,es ahora buenos aires,3818,19378,11815,pj
2025,G,provisorio,DIP_CABA,CABA,11,comuna 11,117,es ahora buenos aires,3658,19769,12638,pj
2025,G,provisorio,DIP_CABA,CABA,11,comuna 11,118,es ahora buenos aires,2637,15712,10030,pj
2025,G,provisorio,DIP_CABA,CABA,11,comuna 11,119,es ahora buenos aires,3367,18859,12384,pj
2025,G,provisorio,DIP_CABA,CABA,11,comuna 11,120,es ahora buenos aires,3082,20171,12954,pj
2025,G,provisorio,DIP_CABA,CABA,11,comuna 11,121,es ahora buenos aires,2516,16169,10287,pj
2025,G,provisorio,DIP_CABA,CABA,11,comuna 11,122,es ahora buenos aires,1747,14300,9205,pj
2025,G,provisorio,DIP_CABA,CABA,11,comuna 11,123,es ahora buenos aires,2432,15251,9861,pj
2025,G,provisorio,DIP_CABA,CABA,12,comuna 12,124,es ahora buenos aires,3444,17084,11292,pj
2025,G,provisorio,DIP_CABA,CABA,12,comuna 12,125,es ahora buenos aires,4161,23239,14921,pj
2025,G,provisorio,DIP_CABA,CABA,12,comuna 12,126,es ahora buenos aires,3386,19090,12260,pj
2025,G,provisorio,DIP_CABA,CABA,12,comuna 12,127,es ahora buenos aires,3726,27118,17025,pj
2025,G,provisorio,DIP_CABA,CABA,12,comuna 12,128,es ahora buenos aires,3707,22151,14004,pj
2025,G,provisorio,DIP_CABA,CABA,12,comuna 12,129,es ahora buenos aires,4445,29370,18077,pj
2025,G,provisorio,DIP_CABA,CABA,12,comuna 12,130,es ahora buenos aires,3207,19615,12171,pj
2025,G,provisorio,DIP_CABA,CABA,12,comuna 12,131,es ahora buenos aires,1058,5958,3857,pj
2025,G,provisorio,DIP_CABA,CABA,12,comuna 12,132,es ahora buenos aires,3616,22103,13378,pj
2025,G,provisorio,DIP_CABA,CABA,12,comuna 12,133,es ahora buenos aires,3512,22112,13784,pj
2025,G,provisorio,DIP_CABA,CABA,13,comuna 13,134,es ahora buenos aires,1137,9619,5523,pj
2025,G,provisorio,DIP_CABA,CABA,13,comuna 13,135,es ahora buenos aires,1634,13442,7980,pj
2025,G,provisorio,DIP_CABA,CABA,13,comuna 13,136,es ahora buenos aires,2217,16440,9806,pj
2025,G,provisorio,DIP_CABA,CABA,13,comuna 13,137,es ahora buenos aires,2231,15554,9340,pj
2025,G,provisorio,DIP_CABA,CABA,13,comuna 13,138,es ahora buenos aires,3510,32936,18911,pj
2025,G,provisorio,DIP_CABA,CABA,13,comuna 13,139,es ahora buenos aires,2085,20589,11722,pj
2025,G,provisorio,DIP_CABA,CABA,13,comuna 13,140,es ahora buenos aires,1138,10547,5560,pj
2025,G,provisorio,DIP_CABA,CABA,13,comuna 13,141,es ahora buenos aires,1672,16421,9546,pj
2025,G,provisorio,DIP_CABA,CABA,13,comuna 13,142,es ahora buenos aires,1751,27238,15606,pj
2025,G,provisorio,DIP_CABA,CABA,13,comuna 13,143,es ahora buenos aires,1990,19838,11470,pj
2025,G,provisorio,DIP_CABA,CABA,13,comuna 13,144,es ahora buenos aires,838,8767,5296,pj
2025,G,provisorio,DIP_CABA,CABA,13,comuna 13,145,es ahora buenos aires,2813,16405,10306,pj
2025,G,provisorio,DIP_CABA,CABA,13,comuna 13,146,es ahora buenos aires,2287,12536,7552,pj
2025,G,provisorio,DIP_CABA,CABA,13,comuna 13,147,es ahora buenos aires,2429,23117,12987,pj
2025,G,provisorio,DIP_CABA,CABA,14,comuna 14,148,es ahora buenos aires,2275,25385,14238,pj
2025,G,provisorio,DIP_CABA,CABA,14,comuna 14,149,es ahora buenos aires,2244,29262,15659,pj
2025,G,provisorio,DIP_CABA,CABA,14,comuna 14,150,es ahora buenos aires,641,14420,7686,pj
2025,G,provisorio,DIP_CABA,CABA,14,comuna 14,151,es ahora buenos aires,2199,30540,15689,pj
2025,G,provisorio,DIP_CABA,CABA,14,comuna 14,152,es ahora buenos aires,2051,22485,12142,pj
2025,G,provisorio,DIP_CABA,CABA,14,comuna 14,153,es ahora buenos aires,3472,27011,14914,pj
2025,G,provisorio,DIP_CABA,CABA,14,comuna 14,154,es ahora buenos aires,4276,32341,16658,pj
2025,G,provisorio,DIP_CABA,CABA,14,comuna 14,155,es ahora buenos aires,4004,29556,15250,pj
2025,G,provisorio,DIP_CABA,CABA,14,comuna 14,156,es ahora buenos aires,1935,11665,6146,pj
2025,G,provisorio,DIP_CABA,CABA,14,comuna 14,157,es ahora buenos aires,3204,19454,10411,pj
2025,G,provisorio,DIP_CABA,CABA,15,comuna 15,158,es ahora buenos aires,4088,22962,13096,pj
2025,G,provisorio,DIP_CABA,CABA,15,comuna 15,159,es ahora buenos aires,2591,14495,8153,pj
2025,G,provisorio,DIP_CABA,CABA,15,comuna 15,160,es ahora buenos aires,4528,26240,14714,pj
2025,G,provisorio,DIP_CABA,CABA,15,comuna 15,161,es ahora buenos aires,4194,22469,13239,pj
2025,G,provisorio,DIP_CABA,CABA,15,comuna 15,162,es ahora buenos aires,3579,19685,10418,pj
2025,G,provisorio,DIP_CABA,CABA,15,comuna 15,163,es ahora buenos aires,2883,14547,7944,pj
2025,G,provisorio,DIP_CABA,CABA,15,comuna 15,164,es ahora buenos aires,2666,15214,8096,pj
2025,G,provisorio,DIP_CABA,CABA,15,comuna 15,165,es ahora buenos aires,3949,22141,13131,pj
2025,G,provisorio,DIP_CABA,CABA,15,comuna 15,166,es ahora buenos aires,3743,17752,11362,pj
2025,G,provisorio,DIP_CABA,CABA,15,comuna 15,167,es ahora buenos aires,2559,13635,8834,pj
2025,G,provisorio,DIP_CABA,CABA,1,comuna 01,1,evolución,106,12557,6398,otro
2025,G,provisorio,DIP_CABA,CABA,1,comuna 01,2,evolución,110,12110,5475,otro
2025,G,provisorio,DIP_CABA,CABA,1,comuna 01,3,evolución,36,3962,1989,otro
2025,G,provisorio,DIP_CABA,CABA,1,comuna 01,4,evolución,20,3143,1502,otro
2025,G,provisorio,DIP_CABA,CABA,1,comuna 01,5,evolución,178,31029,8859,otro
2025,G,provisorio,DIP_CABA,CABA,1,comuna 01,6,evolución,104,19270,8998,otro
2025,G,provisorio,DIP_CABA,CABA,1,comuna 01,7,evolución,97,9533,4737,otro
2025,G,provisorio,DIP_CABA,CABA,1,comuna 01,8,evolución,88,11664,4552,otro
2025,G,provisorio,DIP_CABA,CABA,1,comuna 01,9,evolución,123,17073,6090,otro
2025,G,provisorio,DIP_CABA,CABA,1,comuna 01,10,evolución,157,14181,6502,otro
2025,G,provisorio,DIP_CABA,CABA,1,comuna 01,11,evolución,140,17022,6867,otro
2025,G,provisorio,DIP_CABA,CABA,1,comuna 01,12,evolución,138,14241,6183,otro
2025,G,provisorio,DIP_CABA,CABA,1,comuna 01,13,evolución,147,15923,7257,otro
2025,G,provisorio,DIP_CABA,CABA,1,comuna 01,14,evolución,37,7319,2891,otro
2025,G,provisorio,DIP_CABA,CABA,1,comuna 01,15,evolución,164,10624,4535,otro
2025,G,provisorio,DIP_CABA,CABA,1,comuna 01,16,evolución,100,10385,4709,otro
2025,G,provisorio,DIP_CABA,CABA,1,comuna 01,17,evolución,133,15138,6549,otro
2025,G,provisorio,DIP_CABA,CABA,1,comuna 01,18,evolución,81,9466,3926,otro
2025,G,provisorio,DIP_CABA,CABA,1,comuna 01,19,evolución,167,15125,6064,otro
2025,G,provisorio,DIP_CABA,CABA,2,comuna 02,20,evolución,68,9021,4323,otro
2025,G,provisorio,DIP_CABA,CABA,2,comuna 02,21,evolución,113,15247,7823,otro
2025,G,provisorio,DIP_CABA,CABA,2,comuna 02,22,evolución,213,17590,9476,otro
2025,G,provisorio,DIP_CABA,CABA,2,comuna 02,23,evolución,308,22530,11985,otro
2025,G,provisorio,DIP_CABA,CABA,2,comuna 02,24,evolución,132,14506,8002,otro
2025,G,provisorio,DIP_CABA,CABA,2,comuna 02,25,evolución,130,14754,7685,otro
2025,G,provisorio,DIP_CABA,CABA,2,comuna 02,26,evolución,165,18701,9906,otro
2025,G,provisorio,DIP_CABA,CABA,2,comuna 02,27,evolución,208,14752,7373,otro
2025,G,provisorio,DIP_CABA,CABA,2,comuna 02,28,evolución,315,21136,10954,otro
2025,G,provisorio,DIP_CABA,CABA,2,comuna 02,29,evolución,193,13637,7285,otro
2025,G,provisorio,DIP_CABA,CABA,3,comuna 03,30,evolución,170,15092,6373,otro
2025,G,provisorio,DIP_CABA,CABA,3,comuna 03,31,evolución,258,18180,7289,otro
2025,G,provisorio,DIP_CABA,CABA,3,comuna 03,32,evolución,151,14599,6519,otro
2025,G,provisorio,DIP_CABA,CABA,3,comuna 03,33,evolución,140,14067,5487,otro
2025,G,provisorio,DIP_CABA,CABA,3,comuna 03,34,evolución,205,19917,8457,otro
2025,G,provisorio,DIP_CABA,CABA,3,comuna 03,35,evolución,168,16245,7703,otro
2025,G,provisorio,DIP_CABA,CABA,3,comuna 03,36,evolución,106,10505,5190,otro
2025,G,provisorio,DIP_CABA,CABA,3,comuna 03,37,evolución,134,13496,6609,otro
2025,G,provisorio,DIP_CABA,CABA,3,comuna 03,38,evolución,142,15350,7532,otro
2025,G,provisorio,DIP_CABA,CABA,3,comuna 03,39,evolución,185,15614,7792,otro
2025,G,provisorio,DIP_CABA,CABA,3,comuna 03,40,evolución,118,10929,6418,otro
2025,G,provisorio,DIP_CABA,CABA,3,comuna 03,41,evolución,229,21815,11478,otro
2025,G,provisorio,DIP_CABA,CABA,3,comuna 03,42,evolución,169,18525,9518,otro
2025,G,provisorio,DIP_CABA,CABA,4,comuna 04,43,evolución,182,13659,8042,otro
2025,G,provisorio,DIP_CABA,CABA,4,comuna 04,44,evolución,114,10358,6082,otro
2025,G,provisorio,DIP_CABA,CABA,4,comuna 04,45,evolución,68,8755,4516,otro
2025,G,provisorio,DIP_CABA,CABA,4,comuna 04,46,evolución,72,8419,4106,otro
2025,G,provisorio,DIP_CABA,CABA,4,comuna 04,47,evolución,154,37329,11026,otro
2025,G,provisorio,DIP_CABA,CABA,4,comuna 04,48,evolución,205,15552,8076,otro
2025,G,provisorio,DIP_CABA,CABA,4,comuna 04,49,evolución,140,13436,7193,otro
2025,G,provisorio,DIP_CABA,CABA,4,comuna 04,50,evolución,182,15226,8786,otro
2025,G,provisorio,DIP_CABA,CABA,4,comuna 04,51,evolución,149,10813,6480,otro
2025,G,provisorio,DIP_CABA,CABA,4,comuna 04,52,evolución,171,13957,6544,otro
2025,G,provisorio,DIP_CABA,CABA,4,comuna 04,53,evolución,430,17072,7819,otro
2025,G,provisorio,DIP_CABA,CABA,4,comuna 04,54,evolución,321,17890,9570,otro
2025,G,provisorio,DIP_CABA,CABA,4,comuna 04,55,evolución,121,12094,6057,otro
2025,G,provisorio,DIP_CABA,CABA,4,comuna 04,56,evolución,94,11838,5982,otro
2025,G,provisorio,DIP_CABA,CABA,4,comuna 04,57,evolución,242,23039,12121,otro
2025,G,provisorio,DIP_CABA,CABA,5,comuna 05,58,evolución,223,16081,9511,otro
2025,G,provisorio,DIP_CABA,CABA,5,comuna 05,59,evolución,170,14324,8544,otro
2025,G,provisorio,DIP_CABA,CABA,5,comuna 05,60,evolución,221,17426,10563,otro
2025,G,provisorio,DIP_CABA,CABA,5,comuna 05,61,evolución,257,16442,10107,otro
2025,G,provisorio,DIP_CABA,CABA,5,comuna 05,62,evolución,136,11770,6780,otro
2025,G,provisorio,DIP_CABA,CABA,5,comuna 05,63,evolución,281,22766,12949,otro
2025,G,provisorio,DIP_CABA,CABA,5,comuna 05,64,evolución,301,25789,13669,otro
2025,G,provisorio,DIP_CABA,CABA,5,comuna 05,65,evolución,226,17044,8670,otro
2025,G,provisorio,DIP_CABA,CABA,5,comuna 05,66,evolución,246,15176,8657,otro
2025,G,provisorio,DIP_CABA,CABA,5,comuna 05,67,evolución,366,23365,13231,otro
2025,G,provisorio,DIP_CABA,CABA,6,comuna 06,68,evolución,331,22019,13406,otro
2025,G,provisorio,DIP_CABA,CABA,6,comuna 06,69,evolución,453,31181,19526,otro
2025,G,provisorio,DIP_CABA,CABA,6,comuna 06,70,evolución,393,29072,17461,otro
2025,G,provisorio,DIP_CABA,CABA,6,comuna 06,71,evolución,490,33919,21037,otro
2025,G,provisorio,DIP_CABA,CABA,6,comuna 06,72,evolución,202,14881,9130,otro
2025,G,provisorio,DIP_CABA,CABA,6,comuna 06,73,evolución,308,19449,12322,otro
2025,G,provisorio,DIP_CABA,CABA,6,comuna 06,74,evolución,374,26575,16675,otro
2025,G,provisorio,DIP_CABA,CABA,7,comuna 07,75,evolución,110,11210,7160,otro
2025,G,provisorio,DIP_CABA,CABA,7,comuna 07,76,evolución,249,18001,11467,otro
2025,G,provisorio,DIP_CABA,CABA,7,comuna 07,77,evolución,209,15468,9169,otro
2025,G,provisorio,DIP_CABA,CABA,7,comuna 07,78,evolución,135,13647,7411,otro
2025,G,provisorio,DIP_CABA,CABA,7,comuna 07,79,evolución,148,17377,7926,otro
2025,G,provisorio,DIP_CABA,CABA,7,comuna 07,80,evolución,252,15082,9261,otro
2025,G,provisorio,DIP_CABA,CABA,7,comuna 07,81,evolución,198,14671,8155,otro
2025,G,provisorio,DIP_CABA,CABA,7,comuna 07,82,evolución,201,17804,9600,otro
2025,G,provisorio,DIP_CABA,CABA,7,comuna 07,83,evolución,272,22788,13340,otro
2025,G,provisorio,DIP_CABA,CABA,7,comuna 07,84,evolución,158,12904,7688,otro
2025,G,provisorio,DIP_CABA,CABA,7,comuna 07,85,evolución,142,8404,5445,otro
2025,G,provisorio,DIP_CABA,CABA,7,comuna 07,86,evolución,430,57251,20217,otro
2025,G,provisorio,DIP_CABA,CABA,8,comuna 08,87,evolución,697,48702,21437,otro
2025,G,provisorio,DIP_CABA,CABA,8,comuna 08,88,evolución,269,17856,10430,otro
2025,G,provisorio,DIP_CABA,CABA,8,comuna 08,89,evolución,688,69053,31837,otro
2025,G,provisorio,DIP_CABA,CABA,8,comuna 08,90,evolución,675,66139,28468,otro
2025,G,provisorio,DIP_CABA,CABA,9,comuna 09,91,evolución,169,16358,6959,otro
2025,G,provisorio,DIP_CABA,CABA,9,comuna 09,92,evolución,158,17131,9187,otro
2025,G,provisorio,DIP_CABA,CABA,9,comuna 09,93,evolución,110,10006,5686,otro
2025,G,provisorio,DIP_CABA,CABA,9,comuna 09,94,evolución,155,12335,7211,otro
2025,G,provisorio,DIP_CABA,CABA,9,comuna 09,95,evolución,192,19872,11600,otro
2025,G,provisorio,DIP_CABA,CABA,9,comuna 09,96,evolución,150,15064,7938,otro
2025,G,provisorio,DIP_CABA,CABA,9,comuna 09,97,evolución,122,13514,7263,otro
2025,G,provisorio,DIP_CABA,CABA,9,comuna 09,98,evolución,283,23996,14341,otro
2025,G,provisorio,DIP_CABA,CABA,9,comuna 09,99,evolución,151,11808,7546,otro
2025,G,provisorio,DIP_CABA,CABA,9,comuna 09,100,evolución,246,15274,9774,otro
2025,G,provisorio,DIP_CABA,CABA,9,comuna 09,101,evolución,208,20333,10878,otro
2025,G,provisorio,DIP_CABA,CABA,10,comuna 10,102,evolución,150,13869,9045,otro
2025,G,provisorio,DIP_CABA,CABA,10,comuna 10,103,evolución,176,13314,8227,otro
2025,G,provisorio,DIP_CABA,CABA,10,comuna 10,104,evolución,158,13095,8452,otro
2025,G,provisorio,DIP_CABA,CABA,10,comuna 10,105,evolución,286,20263,12792,otro
2025,G,provisorio,DIP_CABA,CABA,10,comuna 10,106,evolución,196,12239,7734,otro
2025,G,provisorio,DIP_CABA,CABA,10,comuna 10,107,evolución,346,21296,13225,otro
2025,G,provisorio,DIP_CABA,CABA,10,comuna 10,108,evolución,213,13017,8181,otro
2025,G,provisorio,DIP_CABA,CABA,10,comuna 10,109,evolución,269,21713,12618,otro
2025,G,provisorio,DIP_CABA,CABA,10,comuna 10,110,evolución,148,10717,6703,otro
2025,G,provisorio,DIP_CABA,CABA,10,comuna 10,111,evolución,130,15847,7336,otro
2025,G,provisorio,DIP_CABA,CABA,10,comuna 10,112,evolución,105,10438,5449,otro
2025,G,provisorio,DIP_CABA,CABA,11,comuna 11,113,evolución,169,14377,8785,otro
2025,G,provisorio,DIP_CABA,CABA,11,comuna 11,114,evolución,238,19428,11722,otro
2025,G,provisorio,DIP_CABA,CABA,11,comuna 11,115,evolución,177,13809,8154,otro
2025,G,provisorio,DIP_CABA,CABA,11,comuna 11,116,evolución,261,19378,11815,otro
2025,G,provisorio,DIP_CABA,CABA,11,comuna 11,117,evolución,291,19769,12638,otro
2025,G,provisorio,DIP_CABA,CABA,11,comuna 11,118,evolución,222,15712,10030,otro
2025,G,provisorio,DIP_CABA,CABA,11,comuna 11,119,evolución,306,18859,12384,otro
2025,G,provisorio,DIP_CABA,CABA,11,comuna 11,120,evolución,268,20171,12954,otro
2025,G,provisorio,DIP_CABA,CABA,11,comuna 11,121,evolución,224,16169,10287,otro
2025,G,provisorio,DIP_CABA,CABA,11,comuna 11,122,evolución,151,14300,9205,otro
2025,G,provisorio,DIP_CABA,CABA,11,comuna 11,123,evolución,205,15251,9861,otro
2025,G,provisorio,DIP_CABA,CABA,12,comuna 12,124,evolución,228,17084,11292,otro
2025,G,provisorio,DIP_CABA,CABA,12,comuna 12,125,evolución,308,23239,14921,otro
2025,G,provisorio,DIP_CABA,CABA,12,comuna 12,126,evolución,291,19090,12260,otro
2025,G,provisorio,DIP_CABA,CABA,12,comuna 12,127,evolución,362,27118,17025,otro
2025,G,provisorio,DIP_CABA,CABA,12,comuna 12,128,evolución,373,22151,14004,otro
2025,G,provisorio,DIP_CABA,CABA,12,comuna 12,129,evolución,381,29370,18077,otro
2025,G,provisorio,DIP_CABA,CABA,12,comuna 12,130,evolución,333,19615,12171,otro
2025,G,provisorio,DIP_CABA,CABA,12,comuna 12,131,evolución,113,5958,3857,otro
2025,G,provisorio,DIP_CABA,CABA,12,comuna 12,132,evolución,488,22103,13378,otro
2025,G,provisorio,DIP_CABA,CABA,12,comuna 12,133,evolución,365,22112,13784,otro
2025,G,provisorio,DIP_CABA,CABA,13,comuna 13,134,evolución,124,9619,5523,otro
2025,G,provisorio,DIP_CABA,CABA,13,comuna 13,135,evolución,227,13442,7980,otro
2025,G,provisorio,DIP_CABA,CABA,13,comuna 13,136,evolución,277,16440,9806,otro
2025,G,provisorio,DIP_CABA,CABA,13,comuna 13,137,evolución,267,15554,9340,otro
2025,G,provisorio,DIP_CABA,CABA,13,comuna 13,138,evolución,483,32936,18911,otro
2025,G,provisorio,DIP_CABA,CABA,13,comuna 13,139,evolución,269,20589,11722,otro
2025,G,provisorio,DIP_CABA,CABA,13,comuna 13,140,evolución,153,10547,5560,otro
2025,G,provisorio,DIP_CABA,CABA,13,comuna 13,141,evolución,289,16421,9546,otro
2025,G,provisorio,DIP_CABA,CABA,13,comuna 13,142,evolución,298,27238,15606,otro
2025,G,provisorio,DIP_CABA,CABA,13,comuna 13,143,evolución,289,19838,11470,otro
2025,G,provisorio,DIP_CABA,CABA,13,comuna 13,144,evolución,88,8767,5296,otro
2025,G,provisorio,DIP_CABA,CABA,13,comuna 13,145,evolución,308,16405,10306,otro
2025,G,provisorio,DIP_CABA,CABA,13,comuna 13,146,evolución,218,12536,7552,otro
2025,G,provisorio,DIP_CABA,CABA,13,comuna 13,147,evolución,324,23117,12987,otro
2025,G,provisorio,DIP_CABA,CABA,14,comuna 14,148,evolución,319,25385,14238,otro
2025,G,provisorio,DIP_CABA,CABA,14,comuna 14,149,evolución,318,29262,15659,otro
2025,G,provisorio,DIP_CABA,CABA,14,comuna 14,150,evolución,118,14420,7686,otro
2025,G,provisorio,DIP_CABA,CABA,14,comuna 14,151,evolución,350,30540,15689,otro
2025,G,provisorio,DIP_CABA,CABA,14,comuna 14,152,evolución,252,22485,12142,otro
2025,G,provisorio,DIP_CABA,CABA,14,comuna 14,153,evolución,387,27011,14914,otro
2025,G,provisorio,DIP_CABA,CABA,14,comuna 14,154,evolución,422,32341,16658,otro
2025,G,provisorio,DIP_CABA,CABA,14,comuna 14,155,evolución,352,29556,15250,otro
2025,G,provisorio,DIP_CABA,CABA,14,comuna 14,156,evolución,155,11665,6146,otro
2025,G,provisorio,DIP_CABA,CABA,14,comuna 14,157,evolución,296,19454,10411,otro
2025,G,provisorio,DIP_CABA,CABA,15,comuna 15,158,evolución,421,22962,13096,otro
2025,G,provisorio,DIP_CABA,CABA,15,comuna 15,159,evolución,222,14495,8153,otro
2025,G,provisorio,DIP_CABA,CABA,15,comuna 15,160,evolución,498,26240,14714,otro
2025,G,provisorio,DIP_CABA,CABA,15,comuna 15,161,evolución,423,22469,13239,otro
2025,G,provisorio,DIP_CABA,CABA,15,comuna 15,162,evolución,215,19685,10418,otro
2025,G,provisorio,DIP_CABA,CABA,15,comuna 15,163,evolución,185,14547,7944,otro
2025,G,provisorio,DIP_CABA,CABA,15,comuna 15,164,evolución,226,15214,8096,otro
2025,G,provisorio,DIP_CABA,CABA,15,comuna 15,165,evolución,278,22141,13131,otro
2025,G,provisorio,DIP_CABA,CABA,15,comuna 15,166,evolución,255,17752,11362,otro
2025,G,provisorio,DIP_CABA,CABA,15,comuna 15,167,evolución,205,13635,8834,otro
2025,G,provisorio,DIP_CABA,CABA,1,comuna 01,1,frente patriota federal,9,12557,6398,otro
2025,G,provisorio,DIP_CABA,CABA,1,comuna 01,2,frente patriota federal,13,12110,5475,otro
2025,G,provisorio,DIP_CABA,CABA,1,comuna 01,3,frente patriota federal,0,3962,1989,otro
2025,G,provisorio,DIP_CABA,CABA,1,comuna 01,4,frente patriota federal,4,3143,1502,otro
2025,G,provisorio,DIP_CABA,CABA,1,comuna 01,5,frente patriota federal,18,31029,8859,otro
2025,G,provisorio,DIP_CABA,CABA,1,comuna 01,6,frente patriota federal,7,19270,8998,otro
2025,G,provisorio,DIP_CABA,CABA,1,comuna 01,7,frente patriota federal,4,9533,4737,otro
2025,G,provisorio,DIP_CABA,CABA,1,comuna 01,8,frente patriota federal,6,11664,4552,otro
2025,G,provisorio,DIP_CABA,CABA,1,comuna 01,9,frente patriota federal,16,17073,6090,otro
2025,G,provisorio,DIP_CABA,CABA,1,comuna 01,10,frente patriota federal,16,14181,6502,otro
2025,G,provisorio,DIP_CABA,CABA,1,comuna 01,11,frente patriota federal,14,17022,6867,otro
2025,G,provisorio,DIP_CABA,CABA,1,comuna 01,12,frente patriota federal,17,14241,6183,otro
2025,G,provisorio,DIP_CABA,CABA,1,comuna 01,13,frente patriota federal,15,15923,7257,otro
2025,G,provisorio,DIP_CABA,CABA,1,comuna 01,14,frente patriota federal,3,7319,2891,otro
2025,G,provisorio,DIP_CABA,CABA,1,comuna 01,15,frente patriota federal,14,10624,4535,otro
2025,G,provisorio,DIP_CABA,CABA,1,comuna 01,16,frente patriota federal,8,10385,4709,otro
2025,G,provisorio,DIP_CABA,CABA,1,comuna 01,17,frente patriota federal,12,15138,6549,otro
2025,G,provisorio,DIP_CABA,CABA,1,comuna 01,18,frente patriota federal,19,9466,3926,otro
2025,G,provisorio,DIP_CABA,CABA,1,comuna 01,19,frente patriota federal,15,15125,6064,otro
2025,G,provisorio,DIP_CABA,CABA,2,comuna 02,20,frente patriota federal,10,9021,4323,otro
2025,G,provisorio,DIP_CABA,CABA,2,comuna 02,21,frente patriota federal,6,15247,7823,otro
2025,G,provisorio,DIP_CABA,CABA,2,comuna 02,22,frente patriota federal,13,17590,9476,otro
2025,G,provisorio,DIP_CABA,CABA,2,comuna 02,23,frente patriota federal,14,22530,11985,otro
2025,G,provisorio,DIP_CABA,CABA,2,comuna 02,24,frente patriota federal,13,14506,8002,otro
2025,G,provisorio,DIP_CABA,CABA,2,comuna 02,25,frente patriota federal,11,14754,7685,otro
2025,G,provisorio,DIP_CABA,CABA,2,comuna 02,26,frente patriota federal,7,18701,9906,otro
2025,G,provisorio,DIP_CABA,CABA,2,comuna 02,27,frente patriota federal,14,14752,7373,otro
2025,G,provisorio,DIP_CABA,CABA,2,comuna 02,28,frente patriota federal,17,21136,10954,otro
2025,G,provisorio,DIP_CABA,CABA,2,comuna 02,29,frente patriota federal,6,13637,7285,otro
2025,G,provisorio,DIP_CABA,CABA,3,comuna 03,30,frente patriota federal,14,15092,6373,otro
2025,G,provisorio,DIP_CABA,CABA,3,comuna 03,31,frente patriota federal,8,18180,7289,otro
2025,G,provisorio,DIP_CABA,CABA,3,comuna 03,32,frente patriota federal,9,14599,6519,otro
2025,G,provisorio,DIP_CABA,CABA,3,comuna 03,33,frente patriota federal,10,14067,5487,otro
2025,G,provisorio,DIP_CABA,CABA,3,comuna 03,34,frente patriota federal,18,19917,8457,otro
2025,G,provisorio,DIP_CABA,CABA,3,comuna 03,35,frente patriota federal,14,16245,7703,otro
2025,G,provisorio,DIP_CABA,CABA,3,comuna 03,36,frente patriota federal,17,10505,5190,otro
2025,G,provisorio,DIP_CABA,CABA,3,comuna 03,37,frente patriota federal,13,13496,6609,otro
2025,G,provisorio,DIP_CABA,CABA,3,comuna 03,38,frente patriota federal,19,15350,7532,otro
2025,G,provisorio,DIP_CABA,CABA,3,comuna 03,39,frente patriota federal,13,15614,7792,otro
2025,G,provisorio,DIP_CABA,CABA,3,comuna 03,40,frente patriota federal,10,10929,6418,otro
2025,G,provisorio,DIP_CABA,CABA,3,comuna 03,41,frente patriota federal,36,21815,11478,otro
2025,G,provisorio,DIP_CABA,CABA,3,comuna 03,42,frente patriota federal,13,18525,9518,otro
2025,G,provisorio,DIP_CABA,CABA,4,comuna 04,43,frente patriota federal,19,13659,8042,otro
2025,G,provisorio,DIP_CABA,CABA,4,comuna 04,44,frente patriota federal,4,10358,6082,otro
2025,G,provisorio,DIP_CABA,CABA,4,comuna 04,45,frente patriota federal,14,8755,4516,otro
2025,G,provisorio,DIP_CABA,CABA,4,comuna 04,46,frente patriota federal,7,8419,4106,otro
2025,G,provisorio,DIP_CABA,CABA,4,comuna 04,47,frente patriota federal,27,37329,11026,otro
2025,G,provisorio,DIP_CABA,CABA,4,comuna 04,48,frente patriota federal,9,15552,8076,otro
2025,G,provisorio,DIP_CABA,CABA,4,comuna 04,49,frente patriota federal,17,13436,7193,otro
2025,G,provisorio,DIP_CABA,CABA,4,comuna 04,50,frente patriota federal,10,15226,8786,otro
2025,G,provisorio,DIP_CABA,CABA,4,comuna 04,51,frente patriota federal,9,10813,6480,otro
2025,G,provisorio,DIP_CABA,CABA,4,comuna 04,52,frente patriota federal,14,13957,6544,otro
2025,G,provisorio,DIP_CABA,CABA,4,comuna 04,53,frente patriota federal,16,17072,7819,otro
2025,G,provisorio,DIP_CABA,CABA,4,comuna 04,54,frente patriota federal,19,17890,9570,otro
2025,G,provisorio,DIP_CABA,CABA,4,comuna 04,55,frente patriota federal,12,12094,6057,otro
2025,G,provisorio,DIP_CABA,CABA,4,comuna 04,56,frente patriota federal,8,11838,5982,otro
2025,G,provisorio,DIP_CABA,CABA,4,comuna 04,57,frente patriota federal,23,23039,12121,otro
2025,G,provisorio,DIP_CABA,CABA,5,comuna 05,58,frente patriota federal,15,16081,9511,otro
2025,G,provisorio,DIP_CABA,CABA,5,comuna 05,59,frente patriota federal,14,14324,8544,otro
2025,G,provisorio,DIP_CABA,CABA,5,comuna 05,60,frente patriota federal,10,17426,10563,otro
2025,G,provisorio,DIP_CABA,CABA,5,comuna 05,61,frente patriota federal,8,16442,10107,otro
2025,G,provisorio,DIP_CABA,CABA,5,comuna 05,62,frente patriota federal,12,11770,6780,otro
2025,G,provisorio,DIP_CABA,CABA,5,comuna 05,63,frente patriota federal,30,22766,12949,otro
2025,G,provisorio,DIP_CABA,CABA,5,comuna 05,64,frente patriota federal,23,25789,13669,otro
2025,G,provisorio,DIP_CABA,CABA,5,comuna 05,65,frente patriota federal,12,17044,8670,otro
2025,G,provisorio,DIP_CABA,CABA,5,comuna 05,66,frente patriota federal,10,15176,8657,otro
2025,G,provisorio,DIP_CABA,CABA,5,comuna 05,67,frente patriota federal,19,23365,13231,otro
2025,G,provisorio,DIP_CABA,CABA,6,comuna 06,68,frente patriota federal,20,22019,13406,otro
2025,G,provisorio,DIP_CABA,CABA,6,comuna 06,69,frente patriota federal,29,31181,19526,otro
2025,G,provisorio,DIP_CABA,CABA,6,comuna 06,70,frente patriota federal,21,29072,17461,otro
2025,G,provisorio,DIP_CABA,CABA,6,comuna 06,71,frente patriota federal,27,33919,21037,otro
2025,G,provisorio,DIP_CABA,CABA,6,comuna 06,72,frente patriota federal,9,14881,9130,otro
2025,G,provisorio,DIP_CABA,CABA,6,comuna 06,73,frente patriota federal,19,19449,12322,otro
2025,G,provisorio,DIP_CABA,CABA,6,comuna 06,74,frente patriota federal,23,26575,16675,otro
2025,G,provisorio,DIP_CABA,CABA,7,comuna 07,75,frente patriota federal,12,11210,7160,otro
2025,G,provisorio,DIP_CABA,CABA,7,comuna 07,76,frente patriota federal,14,18001,11467,otro
2025,G,provisorio,DIP_CABA,CABA,7,comuna 07,77,frente patriota federal,12,15468,9169,otro
2025,G,provisorio,DIP_CABA,CABA,7,comuna 07,78,frente patriota federal,17,13647,7411,otro
2025,G,provisorio,DIP_CABA,CABA,7,comuna 07,79,frente patriota federal,18,17377,7926,otro
2025,G,provisorio,DIP_CABA,CABA,7,comuna 07,80,frente patriota federal,12,15082,9261,otro
2025,G,provisorio,DIP_CABA,CABA,7,comuna 07,81,frente patriota federal,15,14671,8155,otro
2025,G,provisorio,DIP_CABA,CABA,7,comuna 07,82,frente patriota federal,17,17804,9600,otro
2025,G,provisorio,DIP_CABA,CABA,7,comuna 07,83,frente patriota federal,8,22788,13340,otro
2025,G,provisorio,DIP_CABA,CABA,7,comuna 07,84,frente patriota federal,14,12904,7688,otro
2025,G,provisorio,DIP_CABA,CABA,7,comuna 07,85,frente patriota federal,5,8404,5445,otro
2025,G,provisorio,DIP_CABA,CABA,7,comuna 07,86,frente patriota federal,60,57251,20217,otro
2025,G,provisorio,DIP_CABA,CABA,8,comuna 08,87,frente patriota federal,36,48702,21437,otro
2025,G,provisorio,DIP_CABA,CABA,8,comuna 08,88,frente patriota federal,21,17856,10430,otro
2025,G,provisorio,DIP_CABA,CABA,8,comuna 08,89,frente patriota federal,73,69053,31837,otro
2025,G,provisorio,DIP_CABA,CABA,8,comuna 08,90,frente patriota federal,55,66139,28468,otro
2025,G,provisorio,DIP_CABA,CABA,9,comuna 09,91,frente patriota federal,23,16358,6959,otro
2025,G,provisorio,DIP_CABA,CABA,9,comuna 09,92,frente patriota federal,18,17131,9187,otro
2025,G,provisorio,DIP_CABA,CABA,9,comuna 09,93,frente patriota federal,11,10006,5686,otro
2025,G,provisorio,DIP_CABA,CABA,9,comuna 09,94,frente patriota federal,16,12335,7211,otro
2025,G,provisorio,DIP_CABA,CABA,9,comuna 09,95,frente patriota federal,16,19872,11600,otro
2025,G,provisorio,DIP_CABA,CABA,9,comuna 09,96,frente patriota federal,22,15064,7938,otro
2025,G,provisorio,DIP_CABA,CABA,9,comuna 09,97,frente patriota federal,18,13514,7263,otro
2025,G,provisorio,DIP_CABA,CABA,9,comuna 09,98,frente patriota federal,29,23996,14341,otro
2025,G,provisorio,DIP_CABA,CABA,9,comuna 09,99,frente patriota federal,12,11808,7546,otro
2025,G,provisorio,DIP_CABA,CABA,9,comuna 09,100,frente patriota federal,12,15274,9774,otro
2025,G,provisorio,DIP_CABA,CABA,9,comuna 09,101,frente patriota federal,29,20333,10878,otro
2025,G,provisorio,DIP_CABA,CABA,10,comuna 10,102,frente patriota federal,11,13869,9045,otro
2025,G,provisorio,DIP_CABA,CABA,10,comuna 10,103,frente patriota federal,12,13314,8227,otro
2025,G,provisorio,DIP_CABA,CABA,10,comuna 10,104,frente patriota federal,11,13095,8452,otro
2025,G,provisorio,DIP_CABA,CABA,10,comuna 10,105,frente patriota federal,18,20263,12792,otro
2025,G,provisorio,DIP_CABA,CABA,10,comuna 10,106,frente patriota federal,16,12239,7734,otro
2025,G,provisorio,DIP_CABA,CABA,10,comuna 10,107,frente patriota federal,17,21296,13225,otro
2025,G,provisorio,DIP_CABA,CABA,10,comuna 10,108,frente patriota federal,6,13017,8181,otro
2025,G,provisorio,DIP_CABA,CABA,10,comuna 10,109,frente patriota federal,27,21713,12618,otro
2025,G,provisorio,DIP_CABA,CABA,10,comuna 10,110,frente patriota federal,4,10717,6703,otro
2025,G,provisorio,DIP_CABA,CABA,10,comuna 10,111,frente patriota federal,16,15847,7336,otro
2025,G,provisorio,DIP_CABA,CABA,10,comuna 10,112,frente patriota federal,16,10438,5449,otro
2025,G,provisorio,DIP_CABA,CABA,11,comuna 11,113,frente patriota federal,18,14377,8785,otro
2025,G,provisorio,DIP_CABA,CABA,11,comuna 11,114,frente patriota federal,15,19428,11722,otro
2025,G,provisorio,DIP_CABA,CABA,11,comuna 11,115,frente patriota federal,11,13809,8154,otro
2025,G,provisorio,DIP_CABA,CABA,11,comuna 11,116,frente patriota federal,23,19378,11815,otro
2025,G,provisorio,DIP_CABA,CABA,11,comuna 11,117,frente patriota federal,28,19769,12638,otro
2025,G,provisorio,DIP_CABA,CABA,11,comuna 11,118,frente patriota federal,21,15712,10030,otro
2025,G,provisorio,DIP_CABA,CABA,11,comuna 11,119,frente patriota federal,13,18859,12384,otro
2025,G,provisorio,DIP_CABA,CABA,11,comuna 11,120,frente patriota federal,17,20171,12954,otro
2025,G,provisorio,DIP_CABA,CABA,11,comuna 11,121,frente patriota federal,21,16169,10287,otro
2025,G,provisorio,DIP_CABA,CABA,11,comuna 11,122,frente patriota federal,8,14300,9205,otro
2025,G,provisorio,DIP_CABA,CABA,11,comuna 11,123,frente patriota federal,12,15251,9861,otro
2025,G,provisorio,DIP_CABA,CABA,12,comuna 12,124,frente patriota federal,20,17084,11292,otro
2025,G,provisorio,DIP_CABA,CABA,12,comuna 12,125,frente patriota federal,17,23239,14921,otro
2025,G,provisorio,DIP_CABA,CABA,12,comuna 12,126,frente patriota federal,14,19090,12260,otro
2025,G,provisorio,DIP_CABA,CABA,12,comuna 12,127,frente patriota federal,16,27118,17025,otro
2025,G,provisorio,DIP_CABA,CABA,12,comuna 12,128,frente patriota federal,13,22151,14004,otro
2025,G,provisorio,DIP_CABA,CABA,12,comuna 12,129,frente patriota federal,16,29370,18077,otro
2025,G,provisorio,DIP_CABA,CABA,12,comuna 12,130,frente patriota federal,16,19615,12171,otro
2025,G,provisorio,DIP_CABA,CABA,12,comuna 12,131,frente patriota federal,2,5958,3857,otro
2025,G,provisorio,DIP_CABA,CABA,12,comuna 12,132,frente patriota federal,16,22103,13378,otro
2025,G,provisorio,DIP_CABA,CABA,12,comuna 12,133,frente patriota federal,19,22112,13784,otro
2025,G,provisorio,DIP_CABA,CABA,13,comuna 13,134,frente patriota federal,3,9619,5523,otro
2025,G,provisorio,DIP_CABA,CABA,13,comuna 13,135,frente patriota federal,16,13442,7980,otro
2025,G,provisorio,DIP_CABA,CABA,13,comuna 13,136,frente patriota federal,6,16440,9806,otro
2025,G,provisorio,DIP_CABA,CABA,13,comuna 13,137,frente patriota federal,12,15554,9340,otro
2025,G,provisorio,DIP_CABA,CABA,13,comuna 13,138,frente patriota federal,28,32936,18911,otro
2025,G,provisorio,DIP_CABA,CABA,13,comuna 13,139,frente patriota federal,10,20589,11722,otro
2025,G,provisorio,DIP_CABA,CABA,13,comuna 13,140,frente patriota federal,9,10547,5560,otro
2025,G,provisorio,DIP_CABA,CABA,13,comuna 13,141,frente patriota federal,9,16421,9546,otro
2025,G,provisorio,DIP_CABA,CABA,13,comuna 13,142,frente patriota federal,8,27238,15606,otro
2025,G,provisorio,DIP_CABA,CABA,13,comuna 13,143,frente patriota federal,13,19838,11470,otro
2025,G,provisorio,DIP_CABA,CABA,13,comuna 13,144,frente patriota federal,5,8767,5296,otro
2025,G,provisorio,DIP_CABA,CABA,13,comuna 13,145,frente patriota federal,14,16405,10306,otro
2025,G,provisorio,DIP_CABA,CABA,13,comuna 13,146,frente patriota federal,9,12536,7552,otro
2025,G,provisorio,DIP_CABA,CABA,13,comuna 13,147,frente patriota federal,16,23117,12987,otro
2025,G,provisorio,DIP_CABA,CABA,14,comuna 14,148,frente patriota federal,18,25385,14238,otro
2025,G,provisorio,DIP_CABA,CABA,14,comuna 14,149,frente patriota federal,15,29262,15659,otro
2025,G,provisorio,DIP_CABA,CABA,14,comuna 14,150,frente patriota federal,4,14420,7686,otro
2025,G,provisorio,DIP_CABA,CABA,14,comuna 14,151,frente patriota federal,26,30540,15689,otro
2025,G,provisorio,DIP_CABA,CABA,14,comuna 14,152,frente patriota federal,18,22485,12142,otro
2025,G,provisorio,DIP_CABA,CABA,14,comuna 14,153,frente patriota federal,23,27011,14914,otro
2025,G,provisorio,DIP_CABA,CABA,14,comuna 14,154,frente patriota federal,23,32341,16658,otro
2025,G,provisorio,DIP_CABA,CABA,14,comuna 14,155,frente patriota federal,34,29556,15250,otro
2025,G,provisorio,DIP_CABA,CABA,14,comuna 14,156,frente patriota federal,3,11665,6146,otro
2025,G,provisorio,DIP_CABA,CABA,14,comuna 14,157,frente patriota federal,13,19454,10411,otro
2025,G,provisorio,DIP_CABA,CABA,15,comuna 15,158,frente patriota federal,12,22962,13096,otro
2025,G,provisorio,DIP_CABA,CABA,15,comuna 15,159,frente patriota federal,16,14495,8153,otro
2025,G,provisorio,DIP_CABA,CABA,15,comuna 15,160,frente patriota federal,12,26240,14714,otro
2025,G,provisorio,DIP_CABA,CABA,15,comuna 15,161,frente patriota federal,20,22469,13239,otro
2025,G,provisorio,DIP_CABA,CABA,15,comuna 15,162,frente patriota federal,15,19685,10418,otro
2025,G,provisorio,DIP_CABA,CABA,15,comuna 15,163,frente patriota federal,8,14547,7944,otro
2025,G,provisorio,DIP_CABA,CABA,15,comuna 15,164,frente patriota federal,9,15214,8096,otro
2025,G,provisorio,DIP_CABA,CABA,15,comuna 15,165,frente patriota federal,20,22141,13131,otro
2025,G,provisorio,DIP_CABA,CABA,15,comuna 15,166,frente patriota federal,22,17752,11362,otro
2025,G,provisorio,DIP_CABA,CABA,15,comuna 15,167,frente patriota federal,7,13635,8834,otro
2025,G,provisorio,DIP_CABA,CABA,1,comuna 01,1,fit-u,288,12557,6398,otro
2025,G,provisorio,DIP_CABA,CABA,1,comuna 01,2,fit-u,293,12110,5475,otro
2025,G,provisorio,DIP_CABA,CABA,1,comuna 01,3,fit-u,17,3962,1989,otro
2025,G,provisorio,DIP_CABA,CABA,1,comuna 01,4,fit-u,8,3143,1502,otro
2025,G,provisorio,DIP_CABA,CABA,1,comuna 01,5,fit-u,393,31029,8859,otro
2025,G,provisorio,DIP_CABA,CABA,1,comuna 01,6,fit-u,91,19270,8998,otro
2025,G,provisorio,DIP_CABA,CABA,1,comuna 01,7,fit-u,74,9533,4737,otro
2025,G,provisorio,DIP_CABA,CABA,1,comuna 01,8,fit-u,95,11664,4552,otro
2025,G,provisorio,DIP_CABA,CABA,1,comuna 01,9,fit-u,135,17073,6090,otro
2025,G,provisorio,DIP_CABA,CABA,1,comuna 01,10,fit-u,171,14181,6502,otro
2025,G,provisorio,DIP_CABA,CABA,1,comuna 01,11,fit-u,232,17022,6867,otro
2025,G,provisorio,DIP_CABA,CABA,1,comuna 01,12,fit-u,218,14241,6183,otro
2025,G,provisorio,DIP_CABA,CABA,1,comuna 01,13,fit-u,262,15923,7257,otro
2025,G,provisorio,DIP_CABA,CABA,1,comuna 01,14,fit-u,87,7319,2891,otro
2025,G,provisorio,DIP_CABA,CABA,1,comuna 01,15,fit-u,198,10624,4535,otro
2025,G,provisorio,DIP_CABA,CABA,1,comuna 01,16,fit-u,218,10385,4709,otro
2025,G,provisorio,DIP_CABA,CABA,1,comuna 01,17,fit-u,278,15138,6549,otro
2025,G,provisorio,DIP_CABA,CABA,1,comuna 01,18,fit-u,137,9466,3926,otro
2025,G,provisorio,DIP_CABA,CABA,1,comuna 01,19,fit-u,195,15125,6064,otro
2025,G,provisorio,DIP_CABA,CABA,2,comuna 02,20,fit-u,72,9021,4323,otro
2025,G,provisorio,DIP_CABA,CABA,2,comuna 02,21,fit-u,82,15247,7823,otro
2025,G,provisorio,DIP_CABA,CABA,2,comuna 02,22,fit-u,200,17590,9476,otro
2025,G,provisorio,DIP_CABA,CABA,2,comuna 02,23,fit-u,240,22530,11985,otro
2025,G,provisorio,DIP_CABA,CABA,2,comuna 02,24,fit-u,131,14506,8002,otro
2025,G,provisorio,DIP_CABA,CABA,2,comuna 02,25,fit-u,103,14754,7685,otro
2025,G,provisorio,DIP_CABA,CABA,2,comuna 02,26,fit-u,109,18701,9906,otro
2025,G,provisorio,DIP_CABA,CABA,2,comuna 02,27,fit-u,181,14752,7373,otro
2025,G,provisorio,DIP_CABA,CABA,2,comuna 02,28,fit-u,270,21136,10954,otro
2025,G,provisorio,DIP_CABA,CABA,2,comuna 02,29,fit-u,207,13637,7285,otro
2025,G,provisorio,DIP_CABA,CABA,3,comuna 03,30,fit-u,189,15092,6373,otro
2025,G,provisorio,DIP_CABA,CABA,3,comuna 03,31,fit-u,223,18180,7289,otro
2025,G,provisorio,DIP_CABA,CABA,3,comuna 03,32,fit-u,265,14599,6519,otro
2025,G,provisorio,DIP_CABA,CABA,3,comuna 03,33,fit-u,198,14067,5487,otro
2025,G,provisorio,DIP_CABA,CABA,3,comuna 03,34,fit-u,262,19917,8457,otro
2025,G,provisorio,DIP_CABA,CABA,3,comuna 03,35,fit-u,302,16245,7703,otro
2025,G,provisorio,DIP_CABA,CABA,3,comuna 03,36,fit-u,221,10505,5190,otro
2025,G,provisorio,DIP_CABA,CABA,3,comuna 03,37,fit-u,255,13496,6609,otro
2025,G,provisorio,DIP_CABA,CABA,3,comuna 03,38,fit-u,267,15350,7532,otro
2025,G,provisorio,DIP_CABA,CABA,3,comuna 03,39,fit-u,304,15614,7792,otro
2025,G,provisorio,DIP_CABA,CABA,3,comuna 03,40,fit-u,257,10929,6418,otro
2025,G,provisorio,DIP_CABA,CABA,3,comuna 03,41,fit-u,473,21815,11478,otro
2025,G,provisorio,DIP_CABA,CABA,3,comuna 03,42,fit-u,386,18525,9518,otro
2025,G,provisorio,DIP_CABA,CABA,4,comuna 04,43,fit-u,353,13659,8042,otro
2025,G,provisorio,DIP_CABA,CABA,4,comuna 04,44,fit-u,255,10358,6082,otro
2025,G,provisorio,DIP_CABA,CABA,4,comuna 04,45,fit-u,169,8755,4516,otro
2025,G,provisorio,DIP_CABA,CABA,4,comuna 04,46,fit-u,153,8419,4106,otro
2025,G,provisorio,DIP_CABA,CABA,4,comuna 04,47,fit-u,302,37329,11026,otro
2025,G,provisorio,DIP_CABA,CABA,4,comuna 04,48,fit-u,297,15552,8076,otro
2025,G,provisorio,DIP_CABA,CABA,4,comuna 04,49,fit-u,231,13436,7193,otro
2025,G,provisorio,DIP_CABA,CABA,4,comuna 04,50,fit-u,287,15226,8786,otro
2025,G,provisorio,DIP_CABA,CABA,4,comuna 04,51,fit-u,188,10813,6480,otro
2025,G,provisorio,DIP_CABA,CABA,4,comuna 04,52,fit-u,225,13957,6544,otro
2025,G,provisorio,DIP_CABA,CABA,4,comuna 04,53,fit-u,248,17072,7819,otro
2025,G,provisorio,DIP_CABA,CABA,4,comuna 04,54,fit-u,326,17890,9570,otro
2025,G,provisorio,DIP_CABA,CABA,4,comuna 04,55,fit-u,199,12094,6057,otro
2025,G,provisorio,DIP_CABA,CABA,4,comuna 04,56,fit-u,193,11838,5982,otro
2025,G,provisorio,DIP_CABA,CABA,4,comuna 04,57,fit-u,440,23039,12121,otro
2025,G,provisorio,DIP_CABA,CABA,5,comuna 05,58,fit-u,353,16081,9511,otro
2025,G,provisorio,DIP_CABA,CABA,5,comuna 05,59,fit-u,342,14324,8544,otro
2025,G,provisorio,DIP_CABA,CABA,5,comuna 05,60,fit-u,441,17426,10563,otro
2025,G,provisorio,DIP_CABA,CABA,5,comuna 05,61,fit-u,407,16442,10107,otro
2025,G,provisorio,DIP_CABA,CABA,5,comuna 05,62,fit-u,285,11770,6780,otro
2025,G,provisorio,DIP_CABA,CABA,5,comuna 05,63,fit-u,522,22766,12949,otro
2025,G,provisorio,DIP_CABA,CABA,5,comuna 05,64,fit-u,558,25789,13669,otro
2025,G,provisorio,DIP_CABA,CABA,5,comuna 05,65,fit-u,335,17044,8670,otro
2025,G,provisorio,DIP_CABA,CABA,5,comuna 05,66,fit-u,338,15176,8657,otro
2025,G,provisorio,DIP_CABA,CABA,5,comuna 05,67,fit-u,518,23365,13231,otro
2025,G,provisorio,DIP_CABA,CABA,6,comuna 06,68,fit-u,528,22019,13406,otro
2025,G,provisorio,DIP_CABA,CABA,6,comuna 06,69,fit-u,612,31181,19526,otro
2025,G,provisorio,DIP_CABA,CABA,6,comuna 06,70,fit-u,591,29072,17461,otro
2025,G,provisorio,DIP_CABA,CABA,6,comuna 06,71,fit-u,692,33919,21037,otro
2025,G,provisorio,DIP_CABA,CABA,6,comuna 06,72,fit-u,389,14881,9130,otro
2025,G,provisorio,DIP_CABA,CABA,6,comuna 06,73,fit-u,503,19449,12322,otro
2025,G,provisorio,DIP_CABA,CABA,6,comuna 06,74,fit-u,505,26575,16675,otro
2025,G,provisorio,DIP_CABA,CABA,7,comuna 07,75,fit-u,282,11210,7160,otro
2025,G,provisorio,DIP_CABA,CABA,7,comuna 07,76,fit-u,412,18001,11467,otro
2025,G,provisorio,DIP_CABA,CABA,7,comuna 07,77,fit-u,305,15468,9169,otro
2025,G,provisorio,DIP_CABA,CABA,7,comuna 07,78,fit-u,237,13647,7411,otro
2025,G,provisorio,DIP_CABA,CABA,7,comuna 07,79,fit-u,262,17377,7926,otro
2025,G,provisorio,DIP_CABA,CABA,7,comuna 07,80,fit-u,315,15082,9261,otro
2025,G,provisorio,DIP_CABA,CABA,7,comuna 07,81,fit-u,252,14671,8155,otro
2025,G,provisorio,DIP_CABA,CABA,7,comuna 07,82,fit-u,319,17804,9600,otro
2025,G,provisorio,DIP_CABA,CABA,7,comuna 07,83,fit-u,375,22788,13340,otro
2025,G,provisorio,DIP_CABA,CABA,7,comuna 07,84,fit-u,251,12904,7688,otro
2025,G,provisorio,DIP_CABA,CABA,7,comuna 07,85,fit-u,187,8404,5445,otro
2025,G,provisorio,DIP_CABA,CABA,7,comuna 07,86,fit-u,767,57251,20217,otro
2025,G,provisorio,DIP_CABA,CABA,8,comuna 08,87,fit-u,694,48702,21437,otro
2025,G,provisorio,DIP_CABA,CABA,8,comuna 08,88,fit-u,256,17856,10430,otro
2025,G,provisorio,DIP_CABA,CABA,8,comuna 08,89,fit-u,905,69053,31837,otro
2025,G,provisorio,DIP_CABA,CABA,8,comuna 08,90,fit-u,711,66139,28468,otro
2025,G,provisorio,DIP_CABA,CABA,9,comuna 09,91,fit-u,189,16358,6959,otro
2025,G,provisorio,DIP_CABA,CABA,9,comuna 09,92,fit-u,394,17131,9187,otro
2025,G,provisorio,DIP_CABA,CABA,9,comuna 09,93,fit-u,182,10006,5686,otro
2025,G,provisorio,DIP_CABA,CABA,9,comuna 09,94,fit-u,290,12335,7211,otro
2025,G,provisorio,DIP_CABA,CABA,9,comuna 09,95,fit-u,338,19872,11600,otro
2025,G,provisorio,DIP_CABA,CABA,9,comuna 09,96,fit-u,254,15064,7938,otro
2025,G,provisorio,DIP_CABA,CABA,9,comuna 09,97,fit-u,205,13514,7263,otro
2025,G,provisorio,DIP_CABA,CABA,9,comuna 09,98,fit-u,349,23996,14341,otro
2025,G,provisorio,DIP_CABA,CABA,9,comuna 09,99,fit-u,173,11808,7546,otro
2025,G,provisorio,DIP_CABA,CABA,9,comuna 09,100,fit-u,273,15274,9774,otro
2025,G,provisorio,DIP_CABA,CABA,9,comuna 09,101,fit-u,345,20333,10878,otro
2025,G,provisorio,DIP_CABA,CABA,10,comuna 10,102,fit-u,282,13869,9045,otro
2025,G,provisorio,DIP_CABA,CABA,10,comuna 10,103,fit-u,240,13314,8227,otro
2025,G,provisorio,DIP_CABA,CABA,10,comuna 10,104,fit-u,281,13095,8452,otro
2025,G,provisorio,DIP_CABA,CABA,10,comuna 10,105,fit-u,415,20263,12792,otro
2025,G,provisorio,DIP_CABA,CABA,10,comuna 10,106,fit-u,254,12239,7734,otro
2025,G,provisorio,DIP_CABA,CABA,10,comuna 10,107,fit-u,458,21296,13225,otro
2025,G,provisorio,DIP_CABA,CABA,10,comuna 10,108,fit-u,297,13017,8181,otro
2025,G,provisorio,DIP_CABA,CABA,10,comuna 10,109,fit-u,524,21713,12618,otro
2025,G,provisorio,DIP_CABA,CABA,10,comuna 10,110,fit-u,237,10717,6703,otro
2025,G,provisorio,DIP_CABA,CABA,10,comuna 10,111,fit-u,281,15847,7336,otro
2025,G,provisorio,DIP_CABA,CABA,10,comuna 10,112,fit-u,206,10438,5449,otro
2025,G,provisorio,DIP_CABA,CABA,11,comuna 11,113,fit-u,356,14377,8785,otro
2025,G,provisorio,DIP_CABA,CABA,11,comuna 11,114,fit-u,443,19428,11722,otro
2025,G,provisorio,DIP_CABA,CABA,11,comuna 11,115,fit-u,289,13809,8154,otro
2025,G,provisorio,DIP_CABA,CABA,11,comuna 11,116,fit-u,446,19378,11815,otro
2025,G,provisorio,DIP_CABA,CABA,11,comuna 11,117,fit-u,473,19769,12638,otro
2025,G,provisorio,DIP_CABA,CABA,11,comuna 11,118,fit-u,304,15712,10030,otro
2025,G,provisorio,DIP_CABA,CABA,11,comuna 11,119,fit-u,365,18859,12384,otro
2025,G,provisorio,DIP_CABA,CABA,11,comuna 11,120,fit-u,366,20171,12954,otro
2025,G,provisorio,DIP_CABA,CABA,11,comuna 11,121,fit-u,285,16169,10287,otro
2025,G,provisorio,DIP_CABA,CABA,11,comuna 11,122,fit-u,191,14300,9205,otro
2025,G,provisorio,DIP_CABA,CABA,11,comuna 11,123,fit-u,296,15251,9861,otro
2025,G,provisorio,DIP_CABA,CABA,12,comuna 12,124,fit-u,379,17084,11292,otro
2025,G,provisorio,DIP_CABA,CABA,12,comuna 12,125,fit-u,471,23239,14921,otro
2025,G,provisorio,DIP_CABA,CABA,12,comuna 12,126,fit-u,426,19090,12260,otro
2025,G,provisorio,DIP_CABA,CABA,12,comuna 12,127,fit-u,456,27118,17025,otro
2025,G,provisorio,DIP_CABA,CABA,12,comuna 12,128,fit-u,469,22151,14004,otro
2025,G,provisorio,DIP_CABA,CABA,12,comuna 12,129,fit-u,545,29370,18077,otro
2025,G,provisorio,DIP_CABA,CABA,12,comuna 12,130,fit-u,411,19615,12171,otro
2025,G,provisorio,DIP_CABA,CABA,12,comuna 12,131,fit-u,123,5958,3857,otro
2025,G,provisorio,DIP_CABA,CABA,12,comuna 12,132,fit-u,412,22103,13378,otro
2025,G,provisorio,DIP_CABA,CABA,12,comuna 12,133,fit-u,390,22112,13784,otro
2025,G,provisorio,DIP_CABA,CABA,13,comuna 13,134,fit-u,151,9619,5523,otro
2025,G,provisorio,DIP_CABA,CABA,13,comuna 13,135,fit-u,189,13442,7980,otro
2025,G,provisorio,DIP_CABA,CABA,13,comuna 13,136,fit-u,274,16440,9806,otro
2025,G,provisorio,DIP_CABA,CABA,13,comuna 13,137,fit-u,292,15554,9340,otro
2025,G,provisorio,DIP_CABA,CABA,13,comuna 13,138,fit-u,451,32936,18911,otro
2025,G,provisorio,DIP_CABA,CABA,13,comuna 13,139,fit-u,253,20589,11722,otro
2025,G,provisorio,DIP_CABA,CABA,13,comuna 13,140,fit-u,130,10547,5560,otro
2025,G,provisorio,DIP_CABA,CABA,13,comuna 13,141,fit-u,181,16421,9546,otro
2025,G,provisorio,DIP_CABA,CABA,13,comuna 13,142,fit-u,176,27238,15606,otro
2025,G,provisorio,DIP_CABA,CABA,13,comuna 13,143,fit-u,261,19838,11470,otro
2025,G,provisorio,DIP_CABA,CABA,13,comuna 13,144,fit-u,102,8767,5296,otro
2025,G,provisorio,DIP_CABA,CABA,13,comuna 13,145,fit-u,323,16405,10306,otro
2025,G,provisorio,DIP_CABA,CABA,13,comuna 13,146,fit-u,253,12536,7552,otro
2025,G,provisorio,DIP_CABA,CABA,13,comuna 13,147,fit-u,308,23117,12987,otro
2025,G,provisorio,DIP_CABA,CABA,14,comuna 14,148,fit-u,260,25385,14238,otro
2025,G,provisorio,DIP_CABA,CABA,14,comuna 14,149,fit-u,237,29262,15659,otro
2025,G,provisorio,DIP_CABA,CABA,14,comuna 14,150,fit-u,59,14420,7686,otro
2025,G,provisorio,DIP_CABA,CABA,14,comuna 14,151,fit-u,217,30540,15689,otro
2025,G,provisorio,DIP_CABA,CABA,14,comuna 14,152,fit-u,228,22485,12142,otro
2025,G,provisorio,DIP_CABA,CABA,14,comuna 14,153,fit-u,428,27011,14914,otro
2025,G,provisorio,DIP_CABA,CABA,14,comuna 14,154,fit-u,519,32341,16658,otro
2025,G,provisorio,DIP_CABA,CABA,14,comuna 14,155,fit-u,463,29556,15250,otro
2025,G,provisorio,DIP_CABA,CABA,14,comuna 14,156,fit-u,224,11665,6146,otro
2025,G,provisorio,DIP_CABA,CABA,14,comuna 14,157,fit-u,351,19454,10411,otro
2025,G,provisorio,DIP_CABA,CABA,15,comuna 15,158,fit-u,485,22962,13096,otro
2025,G,provisorio,DIP_CABA,CABA,15,comuna 15,159,fit-u,325,14495,8153,otro
2025,G,provisorio,DIP_CABA,CABA,15,comuna 15,160,fit-u,534,26240,14714,otro
2025,G,provisorio,DIP_CABA,CABA,15,comuna 15,161,fit-u,571,22469,13239,otro
2025,G,provisorio,DIP_CABA,CABA,15,comuna 15,162,fit-u,430,19685,10418,otro
2025,G,provisorio,DIP_CABA,CABA,15,comuna 15,163,fit-u,355,14547,7944,otro
2025,G,provisorio,DIP_CABA,CABA,15,comuna 15,164,fit-u,299,15214,8096,otro
2025,G,provisorio,DIP_CABA,CABA,15,comuna 15,165,fit-u,506,22141,13131,otro
2025,G,provisorio,DIP_CABA,CABA,15,comuna 15,166,fit-u,506,17752,11362,otro
2025,G,provisorio,DIP_CABA,CABA,15,comuna 15,167,fit-u,319,13635,8834,otro
2025,G,provisorio,DIP_CABA,CABA,1,comuna 01,1,impugnado,2,12557,6398,neg
2025,G,provisorio,DIP_CABA,CABA,1,comuna 01,2,impugnado,0,12110,5475,neg
2025,G,provisorio,DIP_CABA,CABA,1,comuna 01,3,impugnado,0,3962,1989,neg
2025,G,provisorio,DIP_CABA,CABA,1,comuna 01,4,impugnado,0,3143,1502,neg
2025,G,provisorio,DIP_CABA,CABA,1,comuna 01,5,impugnado,2,31029,8859,neg
2025,G,provisorio,DIP_CABA,CABA,1,comuna 01,6,impugnado,1,19270,8998,neg
2025,G,provisorio,DIP_CABA,CABA,1,comuna 01,7,impugnado,0,9533,4737,neg
2025,G,provisorio,DIP_CABA,CABA,1,comuna 01,8,impugnado,6,11664,4552,neg
2025,G,provisorio,DIP_CABA,CABA,1,comuna 01,9,impugnado,0,17073,6090,neg
2025,G,provisorio,DIP_CABA,CABA,1,comuna 01,10,impugnado,1,14181,6502,neg
2025,G,provisorio,DIP_CABA,CABA,1,comuna 01,11,impugnado,0,17022,6867,neg
2025,G,provisorio,DIP_CABA,CABA,1,comuna 01,12,impugnado,1,14241,6183,neg
2025,G,provisorio,DIP_CABA,CABA,1,comuna 01,13,impugnado,1,15923,7257,neg
2025,G,provisorio,DIP_CABA,CABA,1,comuna 01,14,impugnado,0,7319,2891,neg
2025,G,provisorio,DIP_CABA,CABA,1,comuna 01,15,impugnado,0,10624,4535,neg
2025,G,provisorio,DIP_CABA,CABA,1,comuna 01,16,impugnado,0,10385,4709,neg
2025,G,provisorio,DIP_CABA,CABA,1,comuna 01,17,impugnado,0,15138,6549,neg
2025,G,provisorio,DIP_CABA,CABA,1,comuna 01,18,impugnado,0,9466,3926,neg
2025,G,provisorio,DIP_CABA,CABA,1,comuna 01,19,impugnado,0,15125,6064,neg
2025,G,provisorio,DIP_CABA,CABA,2,comuna 02,20,impugnado,0,9021,4323,neg
2025,G,provisorio,DIP_CABA,CABA,2,comuna 02,21,impugnado,0,15247,7823,neg
2025,G,provisorio,DIP_CABA,CABA,2,comuna 02,22,impugnado,0,17590,9476,neg
2025,G,provisorio,DIP_CABA,CABA,2,comuna 02,23,impugnado,2,22530,11985,neg
2025,G,provisorio,DIP_CABA,CABA,2,comuna 02,24,impugnado,0,14506,8002,neg
2025,G,provisorio,DIP_CABA,CABA,2,comuna 02,25,impugnado,0,14754,7685,neg
2025,G,provisorio,DIP_CABA,CABA,2,comuna 02,26,impugnado,1,18701,9906,neg
2025,G,provisorio,DIP_CABA,CABA,2,comuna 02,27,impugnado,0,14752,7373,neg
2025,G,provisorio,DIP_CABA,CABA,2,comuna 02,28,impugnado,0,21136,10954,neg
2025,G,provisorio,DIP_CABA,CABA,2,comuna 02,29,impugnado,2,13637,7285,neg
2025,G,provisorio,DIP_CABA,CABA,3,comuna 03,30,impugnado,0,15092,6373,neg
2025,G,provisorio,DIP_CABA,CABA,3,comuna 03,31,impugnado,1,18180,7289,neg
2025,G,provisorio,DIP_CABA,CABA,3,comuna 03,32,impugnado,0,14599,6519,neg
2025,G,provisorio,DIP_CABA,CABA,3,comuna 03,33,impugnado,1,14067,5487,neg
2025,G,provisorio,DIP_CABA,CABA,3,comuna 03,34,impugnado,2,19917,8457,neg
2025,G,provisorio,DIP_CABA,CABA,3,comuna 03,35,impugnado,0,16245,7703,neg
2025,G,provisorio,DIP_CABA,CABA,3,comuna 03,36,impugnado,0,10505,5190,neg
2025,G,provisorio,DIP_CABA,CABA,3,comuna 03,37,impugnado,1,13496,6609,neg
2025,G,provisorio,DIP_CABA,CABA,3,comuna 03,38,impugnado,2,15350,7532,neg
2025,G,provisorio,DIP_CABA,CABA,3,comuna 03,39,impugnado,0,15614,7792,neg
2025,G,provisorio,DIP_CABA,CABA,3,comuna 03,40,impugnado,0,10929,6418,neg
2025,G,provisorio,DIP_CABA,CABA,3,comuna 03,41,impugnado,2,21815,11478,neg
2025,G,provisorio,DIP_CABA,CABA,3,comuna 03,42,impugnado,0,18525,9518,neg
2025,G,provisorio,DIP_CABA,CABA,4,comuna 04,43,impugnado,0,13659,8042,neg
2025,G,provisorio,DIP_CABA,CABA,4,comuna 04,44,impugnado,0,10358,6082,neg
2025,G,provisorio,DIP_CABA,CABA,4,comuna 04,45,impugnado,0,8755,4516,neg
2025,G,provisorio,DIP_CABA,CABA,4,comuna 04,46,impugnado,0,8419,4106,neg
2025,G,provisorio,DIP_CABA,CABA,4,comuna 04,47,impugnado,2,37329,11026,neg
2025,G,provisorio,DIP_CABA,CABA,4,comuna 04,48,impugnado,0,15552,8076,neg
2025,G,provisorio,DIP_CABA,CABA,4,comuna 04,49,impugnado,0,13436,7193,neg
2025,G,provisorio,DIP_CABA,CABA,4,comuna 04,50,impugnado,0,15226,8786,neg
2025,G,provisorio,DIP_CABA,CABA,4,comuna 04,51,impugnado,0,10813,6480,neg
2025,G,provisorio,DIP_CABA,CABA,4,comuna 04,52,impugnado,0,13957,6544,neg
2025,G,provisorio,DIP_CABA,CABA,4,comuna 04,53,impugnado,0,17072,7819,neg
2025,G,provisorio,DIP_CABA,CABA,4,comuna 04,54,impugnado,1,17890,9570,neg
2025,G,provisorio,DIP_CABA,CABA,4,comuna 04,55,impugnado,0,12094,6057,neg
2025,G,provisorio,DIP_CABA,CABA,4,comuna 04,56,impugnado,0,11838,5982,neg
2025,G,provisorio,DIP_CABA,CABA,4,comuna 04,57,impugnado,1,23039,12121,neg
2025,G,provisorio,DIP_CABA,CABA,5,comuna 05,58,impugnado,0,16081,9511,neg
2025,G,provisorio,DIP_CABA,CABA,5,comuna 05,59,impugnado,0,14324,8544,neg
2025,G,provisorio,DIP_CABA,CABA,5,comuna 05,60,impugnado,0,17426,10563,neg
2025,G,provisorio,DIP_CABA,CABA,5,comuna 05,61,impugnado,0,16442,10107,neg
2025,G,provisorio,DIP_CABA,CABA,5,comuna 05,62,impugnado,1,11770,6780,neg
2025,G,provisorio,DIP_CABA,CABA,5,comuna 05,63,impugnado,0,22766,12949,neg
2025,G,provisorio,DIP_CABA,CABA,5,comuna 05,64,impugnado,1,25789,13669,neg
2025,G,provisorio,DIP_CABA,CABA,5,comuna 05,65,impugnado,0,17044,8670,neg
2025,G,provisorio,DIP_CABA,CABA,5,comuna 05,66,impugnado,2,15176,8657,neg
2025,G,provisorio,DIP_CABA,CABA,5,comuna 05,67,impugnado,0,23365,13231,neg
2025,G,provisorio,DIP_CABA,CABA,6,comuna 06,68,impugnado,0,22019,13406,neg
2025,G,provisorio,DIP_CABA,CABA,6,comuna 06,69,impugnado,0,31181,19526,neg
2025,G,provisorio,DIP_CABA,CABA,6,comuna 06,70,impugnado,0,29072,17461,neg
2025,G,provisorio,DIP_CABA,CABA,6,comuna 06,71,impugnado,1,33919,21037,neg
2025,G,provisorio,DIP_CABA,CABA,6,comuna 06,72,impugnado,0,14881,9130,neg
2025,G,provisorio,DIP_CABA,CABA,6,comuna 06,73,impugnado,2,19449,12322,neg
2025,G,provisorio,DIP_CABA,CABA,6,comuna 06,74,impugnado,3,26575,16675,neg
2025,G,provisorio,DIP_CABA,CABA,7,comuna 07,75,impugnado,0,11210,7160,neg
2025,G,provisorio,DIP_CABA,CABA,7,comuna 07,76,impugnado,1,18001,11467,neg
2025,G,provisorio,DIP_CABA,CABA,7,comuna 07,77,impugnado,1,15468,9169,neg
2025,G,provisorio,DIP_CABA,CABA,7,comuna 07,78,impugnado,0,13647,7411,neg
2025,G,provisorio,DIP_CABA,CABA,7,comuna 07,79,impugnado,0,17377,7926,neg
2025,G,provisorio,DIP_CABA,CABA,7,comuna 07,80,impugnado,0,15082,9261,neg
2025,G,provisorio,DIP_CABA,CABA,7,comuna 07,81,impugnado,0,14671,8155,neg
2025,G,provisorio,DIP_CABA,CABA,7,comuna 07,82,impugnado,0,17804,9600,neg
2025,G,provisorio,DIP_CABA,CABA,7,comuna 07,83,impugnado,1,22788,13340,neg
2025,G,provisorio,DIP_CABA,CABA,7,comuna 07,84,impugnado,0,12904,7688,neg
2025,G,provisorio,DIP_CABA,CABA,7,comuna 07,85,impugnado,1,8404,5445,neg
2025,G,provisorio,DIP_CABA,CABA,7,comuna 07,86,impugnado,4,57251,20217,neg
2025,G,provisorio,DIP_CABA,CABA,8,comuna 08,87,impugnado,3,48702,21437,neg
2025,G,provisorio,DIP_CABA,CABA,8,comuna 08,88,impugnado,2,17856,10430,neg
2025,G,provisorio,DIP_CABA,CABA,8,comuna 08,89,impugnado,6,69053,31837,neg
2025,G,provisorio,DIP_CABA,CABA,8,comuna 08,90,impugnado,5,66139,28468,neg
2025,G,provisorio,DIP_CABA,CABA,9,comuna 09,91,impugnado,0,16358,6959,neg
2025,G,provisorio,DIP_CABA,CABA,9,comuna 09,92,impugnado,5,17131,9187,neg
2025,G,provisorio,DIP_CABA,CABA,9,comuna 09,93,impugnado,0,10006,5686,neg
2025,G,provisorio,DIP_CABA,CABA,9,comuna 09,94,impugnado,1,12335,7211,neg
2025,G,provisorio,DIP_CABA,CABA,9,comuna 09,95,impugnado,0,19872,11600,neg
2025,G,provisorio,DIP_CABA,CABA,9,comuna 09,96,impugnado,0,15064,7938,neg
2025,G,provisorio,DIP_CABA,CABA,9,comuna 09,97,impugnado,0,13514,7263,neg
2025,G,provisorio,DIP_CABA,CABA,9,comuna 09,98,impugnado,2,23996,14341,neg
2025,G,provisorio,DIP_CABA,CABA,9,comuna 09,99,impugnado,1,11808,7546,neg
2025,G,provisorio,DIP_CABA,CABA,9,comuna 09,100,impugnado,2,15274,9774,neg
2025,G,provisorio,DIP_CABA,CABA,9,comuna 09,101,impugnado,2,20333,10878,neg
2025,G,provisorio,DIP_CABA,CABA,10,comuna 10,102,impugnado,0,13869,9045,neg
2025,G,provisorio,DIP_CABA,CABA,10,comuna 10,103,impugnado,0,13314,8227,neg
2025,G,provisorio,DIP_CABA,CABA,10,comuna 10,104,impugnado,6,13095,8452,neg
2025,G,provisorio,DIP_CABA,CABA,10,comuna 10,105,impugnado,0,20263,12792,neg
2025,G,provisorio,DIP_CABA,CABA,10,comuna 10,106,impugnado,1,12239,7734,neg
2025,G,provisorio,DIP_CABA,CABA,10,comuna 10,107,impugnado,1,21296,13225,neg
2025,G,provisorio,DIP_CABA,CABA,10,comuna 10,108,impugnado,3,13017,8181,neg
2025,G,provisorio,DIP_CABA,CABA,10,comuna 10,109,impugnado,0,21713,12618,neg
2025,G,provisorio,DIP_CABA,CABA,10,comuna 10,110,impugnado,1,10717,6703,neg
2025,G,provisorio,DIP_CABA,CABA,10,comuna 10,111,impugnado,0,15847,7336,neg
2025,G,provisorio,DIP_CABA,CABA,10,comuna 10,112,impugnado,0,10438,5449,neg
2025,G,provisorio,DIP_CABA,CABA,11,comuna 11,113,impugnado,3,14377,8785,neg
2025,G,provisorio,DIP_CABA,CABA,11,comuna 11,114,impugnado,1,19428,11722,neg
2025,G,provisorio,DIP_CABA,CABA,11,comuna 11,115,impugnado,0,13809,8154,neg
2025,G,provisorio,DIP_CABA,CABA,11,comuna 11,116,impugnado,2,19378,11815,neg
2025,G,provisorio,DIP_CABA,CABA,11,comuna 11,117,impugnado,0,19769,12638,neg
2025,G,provisorio,DIP_CABA,CABA,11,comuna 11,118,impugnado,0,15712,10030,neg
2025,G,provisorio,DIP_CABA,CABA,11,comuna 11,119,impugnado,0,18859,12384,neg
2025,G,provisorio,DIP_CABA,CABA,11,comuna 11,120,impugnado,0,20171,12954,neg
2025,G,provisorio,DIP_CABA,CABA,11,comuna 11,121,impugnado,1,16169,10287,neg
2025,G,provisorio,DIP_CABA,CABA,11,comuna 11,122,impugnado,1,14300,9205,neg
2025,G,provisorio,DIP_CABA,CABA,11,comuna 11,123,impugnado,2,15251,9861,neg
2025,G,provisorio,DIP_CABA,CABA,12,comuna 12,124,impugnado,1,17084,11292,neg
2025,G,provisorio,DIP_CABA,CABA,12,comuna 12,125,impugnado,0,23239,14921,neg
2025,G,provisorio,DIP_CABA,CABA,12,comuna 12,126,impugnado,1,19090,12260,neg
2025,G,provisorio,DIP_CABA,CABA,12,comuna 12,127,impugnado,0,27118,17025,neg
2025,G,provisorio,DIP_CABA,CABA,12,comuna 12,128,impugnado,1,22151,14004,neg
2025,G,provisorio,DIP_CABA,CABA,12,comuna 12,129,impugnado,1,29370,18077,neg
2025,G,provisorio,DIP_CABA,CABA,12,comuna 12,130,impugnado,0,19615,12171,neg
2025,G,provisorio,DIP_CABA,CABA,12,comuna 12,131,impugnado,1,5958,3857,neg
2025,G,provisorio,DIP_CABA,CABA,12,comuna 12,132,impugnado,0,22103,13378,neg
2025,G,provisorio,DIP_CABA,CABA,12,comuna 12,133,impugnado,13,22112,13784,neg
2025,G,provisorio,DIP_CABA,CABA,13,comuna 13,134,impugnado,0,9619,5523,neg
2025,G,provisorio,DIP_CABA,CABA,13,comuna 13,135,impugnado,2,13442,7980,neg
2025,G,provisorio,DIP_CABA,CABA,13,comuna 13,136,impugnado,0,16440,9806,neg
2025,G,provisorio,DIP_CABA,CABA,13,comuna 13,137,impugnado,0,15554,9340,neg
2025,G,provisorio,DIP_CABA,CABA,13,comuna 13,138,impugnado,1,32936,18911,neg
2025,G,provisorio,DIP_CABA,CABA,13,comuna 13,139,impugnado,0,20589,11722,neg
2025,G,provisorio,DIP_CABA,CABA,13,comuna 13,140,impugnado,0,10547,5560,neg
2025,G,provisorio,DIP_CABA,CABA,13,comuna 13,141,impugnado,0,16421,9546,neg
2025,G,provisorio,DIP_CABA,CABA,13,comuna 13,142,impugnado,2,27238,15606,neg
2025,G,provisorio,DIP_CABA,CABA,13,comuna 13,143,impugnado,0,19838,11470,neg
2025,G,provisorio,DIP_CABA,CABA,13,comuna 13,144,impugnado,0,8767,5296,neg
2025,G,provisorio,DIP_CABA,CABA,13,comuna 13,145,impugnado,0,16405,10306,neg
2025,G,provisorio,DIP_CABA,CABA,13,comuna 13,146,impugnado,0,12536,7552,neg
2025,G,provisorio,DIP_CABA,CABA,13,comuna 13,147,impugnado,0,23117,12987,neg
2025,G,provisorio,DIP_CABA,CABA,14,comuna 14,148,impugnado,1,25385,14238,neg
2025,G,provisorio,DIP_CABA,CABA,14,comuna 14,149,impugnado,1,29262,15659,neg
2025,G,provisorio,DIP_CABA,CABA,14,comuna 14,150,impugnado,7,14420,7686,neg
2025,G,provisorio,DIP_CABA,CABA,14,comuna 14,151,impugnado,0,30540,15689,neg
2025,G,provisorio,DIP_CABA,CABA,14,comuna 14,152,impugnado,0,22485,12142,neg
2025,G,provisorio,DIP_CABA,CABA,14,comuna 14,153,impugnado,1,27011,14914,neg
2025,G,provisorio,DIP_CABA,CABA,14,comuna 14,154,impugnado,0,32341,16658,neg
2025,G,provisorio,DIP_CABA,CABA,14,comuna 14,155,impugnado,0,29556,15250,neg
2025,G,provisorio,DIP_CABA,CABA,14,comuna 14,156,impugnado,0,11665,6146,neg
2025,G,provisorio,DIP_CABA,CABA,14,comuna 14,157,impugnado,1,19454,10411,neg
2025,G,provisorio,DIP_CABA,CABA,15,comuna 15,158,impugnado,1,22962,13096,neg
2025,G,provisorio,DIP_CABA,CABA,15,comuna 15,159,impugnado,0,14495,8153,neg
2025,G,provisorio,DIP_CABA,CABA,15,comuna 15,160,impugnado,1,26240,14714,neg
2025,G,provisorio,DIP_CABA,CABA,15,comuna 15,161,impugnado,0,22469,13239,neg
2025,G,provisorio,DIP_CABA,CABA,15,comuna 15,162,impugnado,0,19685,10418,neg
2025,G,provisorio,DIP_CABA,CABA,15,comuna 15,163,impugnado,0,14547,7944,neg
2025,G,provisorio,DIP_CABA,CABA,15,comuna 15,164,impugnado,0,15214,8096,neg
2025,G,provisorio,DIP_CABA,CABA,15,comuna 15,165,impugnado,2,22141,13131,neg
2025,G,provisorio,DIP_CABA,CABA,15,comuna 15,166,impugnado,0,17752,11362,neg
2025,G,provisorio,DIP_CABA,CABA,15,comuna 15,167,impugnado,0,13635,8834,neg
2025,G,provisorio,DIP_CABA,CABA,1,comuna 01,1,la izquierda en la ciudad,32,12557,6398,otro
2025,G,provisorio,DIP_CABA,CABA,1,comuna 01,2,la izquierda en la ciudad,28,12110,5475,otro
2025,G,provisorio,DIP_CABA,CABA,1,comuna 01,3,la izquierda en la ciudad,1,3962,1989,otro
2025,G,provisorio,DIP_CABA,CABA,1,comuna 01,4,la izquierda en la ciudad,3,3143,1502,otro
2025,G,provisorio,DIP_CABA,CABA,1,comuna 01,5,la izquierda en la ciudad,37,31029,8859,otro
2025,G,provisorio,DIP_CABA,CABA,1,comuna 01,6,la izquierda en la ciudad,11,19270,8998,otro
2025,G,provisorio,DIP_CABA,CABA,1,comuna 01,7,la izquierda en la ciudad,9,9533,4737,otro
2025,G,provisorio,DIP_CABA,CABA,1,comuna 01,8,la izquierda en la ciudad,13,11664,4552,otro
2025,G,provisorio,DIP_CABA,CABA,1,comuna 01,9,la izquierda en la ciudad,28,17073,6090,otro
2025,G,provisorio,DIP_CABA,CABA,1,comuna 01,10,la izquierda en la ciudad,18,14181,6502,otro
2025,G,provisorio,DIP_CABA,CABA,1,comuna 01,11,la izquierda en la ciudad,21,17022,6867,otro
2025,G,provisorio,DIP_CABA,CABA,1,comuna 01,12,la izquierda en la ciudad,28,14241,6183,otro
2025,G,provisorio,DIP_CABA,CABA,1,comuna 01,13,la izquierda en la ciudad,32,15923,7257,otro
2025,G,provisorio,DIP_CABA,CABA,1,comuna 01,14,la izquierda en la ciudad,13,7319,2891,otro
2025,G,provisorio,DIP_CABA,CABA,1,comuna 01,15,la izquierda en la ciudad,29,10624,4535,otro
2025,G,provisorio,DIP_CABA,CABA,1,comuna 01,16,la izquierda en la ciudad,21,10385,4709,otro
2025,G,provisorio,DIP_CABA,CABA,1,comuna 01,17,la izquierda en la ciudad,29,15138,6549,otro
2025,G,provisorio,DIP_CABA,CABA,1,comuna 01,18,la izquierda en la ciudad,23,9466,3926,otro
2025,G,provisorio,DIP_CABA,CABA,1,comuna 01,19,la izquierda en la ciudad,32,15125,6064,otro
2025,G,provisorio,DIP_CABA,CABA,2,comuna 02,20,la izquierda en la ciudad,14,9021,4323,otro
2025,G,provisorio,DIP_CABA,CABA,2,comuna 02,21,la izquierda en la ciudad,6,15247,7823,otro
2025,G,provisorio,DIP_CABA,CABA,2,comuna 02,22,la izquierda en la ciudad,22,17590,9476,otro
2025,G,provisorio,DIP_CABA,CABA,2,comuna 02,23,la izquierda en la ciudad,29,22530,11985,otro
2025,G,provisorio,DIP_CABA,CABA,2,comuna 02,24,la izquierda en la ciudad,21,14506,8002,otro
2025,G,provisorio,DIP_CABA,CABA,2,comuna 02,25,la izquierda en la ciudad,10,14754,7685,otro
2025,G,provisorio,DIP_CABA,CABA,2,comuna 02,26,la izquierda en la ciudad,19,18701,9906,otro
2025,G,provisorio,DIP_CABA,CABA,2,comuna 02,27,la izquierda en la ciudad,22,14752,7373,otro
2025,G,provisorio,DIP_CABA,CABA,2,comuna 02,28,la izquierda en la ciudad,32,21136,10954,otro
2025,G,provisorio,DIP_CABA,CABA,2,comuna 02,29,la izquierda en la ciudad,27,13637,7285,otro
2025,G,provisorio,DIP_CABA,CABA,3,comuna 03,30,la izquierda en la ciudad,28,15092,6373,otro
2025,G,provisorio,DIP_CABA,CABA,3,comuna 03,31,la izquierda en la ciudad,25,18180,7289,otro
2025,G,provisorio,DIP_CABA,CABA,3,comuna 03,32,la izquierda en la ciudad,25,14599,6519,otro
2025,G,provisorio,DIP_CABA,CABA,3,comuna 03,33,la izquierda en la ciudad,18,14067,5487,otro
2025,G,provisorio,DIP_CABA,CABA,3,comuna 03,34,la izquierda en la ciudad,41,19917,8457,otro
2025,G,provisorio,DIP_CABA,CABA,3,comuna 03,35,la izquierda en la ciudad,31,16245,7703,otro
2025,G,provisorio,DIP_CABA,CABA,3,comuna 03,36,la izquierda en la ciudad,14,10505,5190,otro
2025,G,provisorio,DIP_CABA,CABA,3,comuna 03,37,la izquierda en la ciudad,23,13496,6609,otro
2025,G,provisorio,DIP_CABA,CABA,3,comuna 03,38,la izquierda en la ciudad,27,15350,7532,otro
2025,G,provisorio,DIP_CABA,CABA,3,comuna 03,39,la izquierda en la ciudad,37,15614,7792,otro
2025,G,provisorio,DIP_CABA,CABA,3,comuna 03,40,la izquierda en la ciudad,27,10929,6418,otro
2025,G,provisorio,DIP_CABA,CABA,3,comuna 03,41,la izquierda en la ciudad,52,21815,11478,otro
2025,G,provisorio,DIP_CABA,CABA,3,comuna 03,42,la izquierda en la ciudad,35,18525,9518,otro
2025,G,provisorio,DIP_CABA,CABA,4,comuna 04,43,la izquierda en la ciudad,41,13659,8042,otro
2025,G,provisorio,DIP_CABA,CABA,4,comuna 04,44,la izquierda en la ciudad,28,10358,6082,otro
2025,G,provisorio,DIP_CABA,CABA,4,comuna 04,45,la izquierda en la ciudad,18,8755,4516,otro
2025,G,provisorio,DIP_CABA,CABA,4,comuna 04,46,la izquierda en la ciudad,21,8419,4106,otro
2025,G,provisorio,DIP_CABA,CABA,4,comuna 04,47,la izquierda en la ciudad,41,37329,11026,otro
2025,G,provisorio,DIP_CABA,CABA,4,comuna 04,48,la izquierda en la ciudad,41,15552,8076,otro
2025,G,provisorio,DIP_CABA,CABA,4,comuna 04,49,la izquierda en la ciudad,33,13436,7193,otro
2025,G,provisorio,DIP_CABA,CABA,4,comuna 04,50,la izquierda en la ciudad,33,15226,8786,otro
2025,G,provisorio,DIP_CABA,CABA,4,comuna 04,51,la izquierda en la ciudad,23,10813,6480,otro
2025,G,provisorio,DIP_CABA,CABA,4,comuna 04,52,la izquierda en la ciudad,41,13957,6544,otro
2025,G,provisorio,DIP_CABA,CABA,4,comuna 04,53,la izquierda en la ciudad,35,17072,7819,otro
2025,G,provisorio,DIP_CABA,CABA,4,comuna 04,54,la izquierda en la ciudad,53,17890,9570,otro
2025,G,provisorio,DIP_CABA,CABA,4,comuna 04,55,la izquierda en la ciudad,26,12094,6057,otro
2025,G,provisorio,DIP_CABA,CABA,4,comuna 04,56,la izquierda en la ciudad,29,11838,5982,otro
2025,G,provisorio,DIP_CABA,CABA,4,comuna 04,57,la izquierda en la ciudad,62,23039,12121,otro
2025,G,provisorio,DIP_CABA,CABA,5,comuna 05,58,la izquierda en la ciudad,46,16081,9511,otro
2025,G,provisorio,DIP_CABA,CABA,5,comuna 05,59,la izquierda en la ciudad,52,14324,8544,otro
2025,G,provisorio,DIP_CABA,CABA,5,comuna 05,60,la izquierda en la ciudad,41,17426,10563,otro
2025,G,provisorio,DIP_CABA,CABA,5,comuna 05,61,la izquierda en la ciudad,33,16442,10107,otro
2025,G,provisorio,DIP_CABA,CABA,5,comuna 05,62,la izquierda en la ciudad,37,11770,6780,otro
2025,G,provisorio,DIP_CABA,CABA,5,comuna 05,63,la izquierda en la ciudad,50,22766,12949,otro
2025,G,provisorio,DIP_CABA,CABA,5,comuna 05,64,la izquierda en la ciudad,65,25789,13669,otro
2025,G,provisorio,DIP_CABA,CABA,5,comuna 05,65,la izquierda en la ciudad,41,17044,8670,otro
2025,G,provisorio,DIP_CABA,CABA,5,comuna 05,66,la izquierda en la ciudad,35,15176,8657,otro
2025,G,provisorio,DIP_CABA,CABA,5,comuna 05,67,la izquierda en la ciudad,54,23365,13231,otro
2025,G,provisorio,DIP_CABA,CABA,6,comuna 06,68,la izquierda en la ciudad,60,22019,13406,otro
2025,G,provisorio,DIP_CABA,CABA,6,comuna 06,69,la izquierda en la ciudad,48,31181,19526,otro
2025,G,provisorio,DIP_CABA,CABA,6,comuna 06,70,la izquierda en la ciudad,71,29072,17461,otro
2025,G,provisorio,DIP_CABA,CABA,6,comuna 06,71,la izquierda en la ciudad,75,33919,21037,otro
2025,G,provisorio,DIP_CABA,CABA,6,comuna 06,72,la izquierda en la ciudad,42,14881,9130,otro
2025,G,provisorio,DIP_CABA,CABA,6,comuna 06,73,la izquierda en la ciudad,51,19449,12322,otro
2025,G,provisorio,DIP_CABA,CABA,6,comuna 06,74,la izquierda en la ciudad,49,26575,16675,otro
2025,G,provisorio,DIP_CABA,CABA,7,comuna 07,75,la izquierda en la ciudad,27,11210,7160,otro
2025,G,provisorio,DIP_CABA,CABA,7,comuna 07,76,la izquierda en la ciudad,37,18001,11467,otro
2025,G,provisorio,DIP_CABA,CABA,7,comuna 07,77,la izquierda en la ciudad,38,15468,9169,otro
2025,G,provisorio,DIP_CABA,CABA,7,comuna 07,78,la izquierda en la ciudad,33,13647,7411,otro
2025,G,provisorio,DIP_CABA,CABA,7,comuna 07,79,la izquierda en la ciudad,31,17377,7926,otro
2025,G,provisorio,DIP_CABA,CABA,7,comuna 07,80,la izquierda en la ciudad,24,15082,9261,otro
2025,G,provisorio,DIP_CABA,CABA,7,comuna 07,81,la izquierda en la ciudad,28,14671,8155,otro
2025,G,provisorio,DIP_CABA,CABA,7,comuna 07,82,la izquierda en la ciudad,39,17804,9600,otro
2025,G,provisorio,DIP_CABA,CABA,7,comuna 07,83,la izquierda en la ciudad,47,22788,13340,otro
2025,G,provisorio,DIP_CABA,CABA,7,comuna 07,84,la izquierda en la ciudad,30,12904,7688,otro
2025,G,provisorio,DIP_CABA,CABA,7,comuna 07,85,la izquierda en la ciudad,24,8404,5445,otro
2025,G,provisorio,DIP_CABA,CABA,7,comuna 07,86,la izquierda en la ciudad,80,57251,20217,otro
2025,G,provisorio,DIP_CABA,CABA,8,comuna 08,87,la izquierda en la ciudad,102,48702,21437,otro
2025,G,provisorio,DIP_CABA,CABA,8,comuna 08,88,la izquierda en la ciudad,25,17856,10430,otro
2025,G,provisorio,DIP_CABA,CABA,8,comuna 08,89,la izquierda en la ciudad,147,69053,31837,otro
2025,G,provisorio,DIP_CABA,CABA,8,comuna 08,90,la izquierda en la ciudad,141,66139,28468,otro
2025,G,provisorio,DIP_CABA,CABA,9,comuna 09,91,la izquierda en la ciudad,31,16358,6959,otro
2025,G,provisorio,DIP_CABA,CABA,9,comuna 09,92,la izquierda en la ciudad,39,17131,9187,otro
2025,G,provisorio,DIP_CABA,CABA,9,comuna 09,93,la izquierda en la ciudad,19,10006,5686,otro
2025,G,provisorio,DIP_CABA,CABA,9,comuna 09,94,la izquierda en la ciudad,36,12335,7211,otro
2025,G,provisorio,DIP_CABA,CABA,9,comuna 09,95,la izquierda en la ciudad,52,19872,11600,otro
2025,G,provisorio,DIP_CABA,CABA,9,comuna 09,96,la izquierda en la ciudad,32,15064,7938,otro
2025,G,provisorio,DIP_CABA,CABA,9,comuna 09,97,la izquierda en la ciudad,30,13514,7263,otro
2025,G,provisorio,DIP_CABA,CABA,9,comuna 09,98,la izquierda en la ciudad,58,23996,14341,otro
2025,G,provisorio,DIP_CABA,CABA,9,comuna 09,99,la izquierda en la ciudad,36,11808,7546,otro
2025,G,provisorio,DIP_CABA,CABA,9,comuna 09,100,la izquierda en la ciudad,40,15274,9774,otro
2025,G,provisorio,DIP_CABA,CABA,9,comuna 09,101,la izquierda en la ciudad,38,20333,10878,otro
2025,G,provisorio,DIP_CABA,CABA,10,comuna 10,102,la izquierda en la ciudad,51,13869,9045,otro
2025,G,provisorio,DIP_CABA,CABA,10,comuna 10,103,la izquierda en la ciudad,27,13314,8227,otro
2025,G,provisorio,DIP_CABA,CABA,10,comuna 10,104,la izquierda en la ciudad,35,13095,8452,otro
2025,G,provisorio,DIP_CABA,CABA,10,comuna 10,105,la izquierda en la ciudad,45,20263,12792,otro
2025,G,provisorio,DIP_CABA,CABA,10,comuna 10,106,la izquierda en la ciudad,45,12239,7734,otro
2025,G,provisorio,DIP_CABA,CABA,10,comuna 10,107,la izquierda en la ciudad,66,21296,13225,otro
2025,G,provisorio,DIP_CABA,CABA,10,comuna 10,108,la izquierda en la ciudad,31,13017,8181,otro
2025,G,provisorio,DIP_CABA,CABA,10,comuna 10,109,la izquierda en la ciudad,53,21713,12618,otro
2025,G,provisorio,DIP_CABA,CABA,10,comuna 10,110,la izquierda en la ciudad,30,10717,6703,otro
2025,G,provisorio,DIP_CABA,CABA,10,comuna 10,111,la izquierda en la ciudad,32,15847,7336,otro
2025,G,provisorio,DIP_CABA,CABA,10,comuna 10,112,la izquierda en la ciudad,22,10438,5449,otro
2025,G,provisorio,DIP_CABA,CABA,11,comuna 11,113,la izquierda en la ciudad,46,14377,8785,otro
2025,G,provisorio,DIP_CABA,CABA,11,comuna 11,114,la izquierda en la ciudad,60,19428,11722,otro
2025,G,provisorio,DIP_CABA,CABA,11,comuna 11,115,la izquierda en la ciudad,35,13809,8154,otro
2025,G,provisorio,DIP_CABA,CABA,11,comuna 11,116,la izquierda en la ciudad,57,19378,11815,otro
2025,G,provisorio,DIP_CABA,CABA,11,comuna 11,117,la izquierda en la ciudad,60,19769,12638,otro
2025,G,provisorio,DIP_CABA,CABA,11,comuna 11,118,la izquierda en la ciudad,29,15712,10030,otro
2025,G,provisorio,DIP_CABA,CABA,11,comuna 11,119,la izquierda en la ciudad,44,18859,12384,otro
2025,G,provisorio,DIP_CABA,CABA,11,comuna 11,120,la izquierda en la ciudad,59,20171,12954,otro
2025,G,provisorio,DIP_CABA,CABA,11,comuna 11,121,la izquierda en la ciudad,48,16169,10287,otro
2025,G,provisorio,DIP_CABA,CABA,11,comuna 11,122,la izquierda en la ciudad,25,14300,9205,otro
2025,G,provisorio,DIP_CABA,CABA,11,comuna 11,123,la izquierda en la ciudad,52,15251,9861,otro
2025,G,provisorio,DIP_CABA,CABA,12,comuna 12,124,la izquierda en la ciudad,43,17084,11292,otro
2025,G,provisorio,DIP_CABA,CABA,12,comuna 12,125,la izquierda en la ciudad,56,23239,14921,otro
2025,G,provisorio,DIP_CABA,CABA,12,comuna 12,126,la izquierda en la ciudad,39,19090,12260,otro
2025,G,provisorio,DIP_CABA,CABA,12,comuna 12,127,la izquierda en la ciudad,57,27118,17025,otro
2025,G,provisorio,DIP_CABA,CABA,12,comuna 12,128,la izquierda en la ciudad,47,22151,14004,otro
2025,G,provisorio,DIP_CABA,CABA,12,comuna 12,129,la izquierda en la ciudad,68,29370,18077,otro
2025,G,provisorio,DIP_CABA,CABA,12,comuna 12,130,la izquierda en la ciudad,52,19615,12171,otro
2025,G,provisorio,DIP_CABA,CABA,12,comuna 12,131,la izquierda en la ciudad,23,5958,3857,otro
2025,G,provisorio,DIP_CABA,CABA,12,comuna 12,132,la izquierda en la ciudad,66,22103,13378,otro
2025,G,provisorio,DIP_CABA,CABA,12,comuna 12,133,la izquierda en la ciudad,46,22112,13784,otro
2025,G,provisorio,DIP_CABA,CABA,13,comuna 13,134,la izquierda en la ciudad,18,9619,5523,otro
2025,G,provisorio,DIP_CABA,CABA,13,comuna 13,135,la izquierda en la ciudad,20,13442,7980,otro
2025,G,provisorio,DIP_CABA,CABA,13,comuna 13,136,la izquierda en la ciudad,28,16440,9806,otro
2025,G,provisorio,DIP_CABA,CABA,13,comuna 13,137,la izquierda en la ciudad,34,15554,9340,otro
2025,G,provisorio,DIP_CABA,CABA,13,comuna 13,138,la izquierda en la ciudad,56,32936,18911,otro
2025,G,provisorio,DIP_CABA,CABA,13,comuna 13,139,la izquierda en la ciudad,30,20589,11722,otro
2025,G,provisorio,DIP_CABA,CABA,13,comuna 13,140,la izquierda en la ciudad,18,10547,5560,otro
2025,G,provisorio,DIP_CABA,CABA,13,comuna 13,141,la izquierda en la ciudad,19,16421,9546,otro
2025,G,provisorio,DIP_CABA,CABA,13,comuna 13,142,la izquierda en la ciudad,22,27238,15606,otro
2025,G,provisorio,DIP_CABA,CABA,13,comuna 13,143,la izquierda en la ciudad,31,19838,11470,otro
2025,G,provisorio,DIP_CABA,CABA,13,comuna 13,144,la izquierda en la ciudad,12,8767,5296,otro
2025,G,provisorio,DIP_CABA,CABA,13,comuna 13,145,la izquierda en la ciudad,39,16405,10306,otro
2025,G,provisorio,DIP_CABA,CABA,13,comuna 13,146,la izquierda en la ciudad,27,12536,7552,otro
2025,G,provisorio,DIP_CABA,CABA,13,comuna 13,147,la izquierda en la ciudad,35,23117,12987,otro
2025,G,provisorio,DIP_CABA,CABA,14,comuna 14,148,la izquierda en la ciudad,22,25385,14238,otro
2025,G,provisorio,DIP_CABA,CABA,14,comuna 14,149,la izquierda en la ciudad,28,29262,15659,otro
2025,G,provisorio,DIP_CABA,CABA,14,comuna 14,150,la izquierda en la ciudad,8,14420,7686,otro
2025,G,provisorio,DIP_CABA,CABA,14,comuna 14,151,la izquierda en la ciudad,33,30540,15689,otro
2025,G,provisorio,DIP_CABA,CABA,14,comuna 14,152,la izquierda en la ciudad,29,22485,12142,otro
2025,G,provisorio,DIP_CABA,CABA,14,comuna 14,153,la izquierda en la ciudad,56,27011,14914,otro
2025,G,provisorio,DIP_CABA,CABA,14,comuna 14,154,la izquierda en la ciudad,53,32341,16658,otro
2025,G,provisorio,DIP_CABA,CABA,14,comuna 14,155,la izquierda en la ciudad,58,29556,15250,otro
2025,G,provisorio,DIP_CABA,CABA,14,comuna 14,156,la izquierda en la ciudad,19,11665,6146,otro
2025,G,provisorio,DIP_CABA,CABA,14,comuna 14,157,la izquierda en la ciudad,38,19454,10411,otro
2025,G,provisorio,DIP_CABA,CABA,15,comuna 15,158,la izquierda en la ciudad,66,22962,13096,otro
2025,G,provisorio,DIP_CABA,CABA,15,comuna 15,159,la izquierda en la ciudad,30,14495,8153,otro
2025,G,provisorio,DIP_CABA,CABA,15,comuna 15,160,la izquierda en la ciudad,72,26240,14714,otro
2025,G,provisorio,DIP_CABA,CABA,15,comuna 15,161,la izquierda en la ciudad,54,22469,13239,otro
2025,G,provisorio,DIP_CABA,CABA,15,comuna 15,162,la izquierda en la ciudad,55,19685,10418,otro
2025,G,provisorio,DIP_CABA,CABA,15,comuna 15,163,la izquierda en la ciudad,34,14547,7944,otro
2025,G,provisorio,DIP_CABA,CABA,15,comuna 15,164,la izquierda en la ciudad,34,15214,8096,otro
2025,G,provisorio,DIP_CABA,CABA,15,comuna 15,165,la izquierda en la ciudad,47,22141,13131,otro
2025,G,provisorio,DIP_CABA,CABA,15,comuna 15,166,la izquierda en la ciudad,61,17752,11362,otro
2025,G,provisorio,DIP_CABA,CABA,15,comuna 15,167,la izquierda en la ciudad,32,13635,8834,otro
2025,G,provisorio,DIP_CABA,CABA,1,comuna 01,1,la libertad avanza,1556,12557,6398,la libertad avanza
2025,G,provisorio,DIP_CABA,CABA,1,comuna 01,2,la libertad avanza,1310,12110,5475,la libertad avanza
2025,G,provisorio,DIP_CABA,CABA,1,comuna 01,3,la libertad avanza,976,3962,1989,la libertad avanza
2025,G,provisorio,DIP_CABA,CABA,1,comuna 01,4,la libertad avanza,751,3143,1502,la libertad avanza
2025,G,provisorio,DIP_CABA,CABA,1,comuna 01,5,la libertad avanza,1637,31029,8859,la libertad avanza
2025,G,provisorio,DIP_CABA,CABA,1,comuna 01,6,la libertad avanza,4304,19270,8998,la libertad avanza
2025,G,provisorio,DIP_CABA,CABA,1,comuna 01,7,la libertad avanza,1892,9533,4737,la libertad avanza
2025,G,provisorio,DIP_CABA,CABA,1,comuna 01,8,la libertad avanza,1780,11664,4552,la libertad avanza
2025,G,provisorio,DIP_CABA,CABA,1,comuna 01,9,la libertad avanza,2340,17073,6090,la libertad avanza
2025,G,provisorio,DIP_CABA,CABA,1,comuna 01,10,la libertad avanza,2277,14181,6502,la libertad avanza
2025,G,provisorio,DIP_CABA,CABA,1,comuna 01,11,la libertad avanza,2149,17022,6867,la libertad avanza
2025,G,provisorio,DIP_CABA,CABA,1,comuna 01,12,la libertad avanza,1864,14241,6183,la libertad avanza
2025,G,provisorio,DIP_CABA,CABA,1,comuna 01,13,la libertad avanza,2081,15923,7257,la libertad avanza
2025,G,provisorio,DIP_CABA,CABA,1,comuna 01,14,la libertad avanza,968,7319,2891,la libertad avanza
2025,G,provisorio,DIP_CABA,CABA,1,comuna 01,15,la libertad avanza,1209,10624,4535,la libertad avanza
2025,G,provisorio,DIP_CABA,CABA,1,comuna 01,16,la libertad avanza,1241,10385,4709,la libertad avanza
2025,G,provisorio,DIP_CABA,CABA,1,comuna 01,17,la libertad avanza,1757,15138,6549,la libertad avanza
2025,G,provisorio,DIP_CABA,CABA,1,comuna 01,18,la libertad avanza,1123,9466,3926,la libertad avanza
2025,G,provisorio,DIP_CABA,CABA,1,comuna 01,19,la libertad avanza,1624,15125,6064,la libertad avanza
2025,G,provisorio,DIP_CABA,CABA,2,comuna 02,20,la libertad avanza,1717,9021,4323,la libertad avanza
2025,G,provisorio,DIP_CABA,CABA,2,comuna 02,21,la libertad avanza,3695,15247,7823,la libertad avanza
2025,G,provisorio,DIP_CABA,CABA,2,comuna 02,22,la libertad avanza,3244,17590,9476,la libertad avanza
2025,G,provisorio,DIP_CABA,CABA,2,comuna 02,23,la libertad avanza,4213,22530,11985,la libertad avanza
2025,G,provisorio,DIP_CABA,CABA,2,comuna 02,24,la libertad avanza,3154,14506,8002,la libertad avanza
2025,G,provisorio,DIP_CABA,CABA,2,comuna 02,25,la libertad avanza,3176,14754,7685,la libertad avanza
2025,G,provisorio,DIP_CABA,CABA,2,comuna 02,26,la libertad avanza,4310,18701,9906,la libertad avanza
2025,G,provisorio,DIP_CABA,CABA,2,comuna 02,27,la libertad avanza,2637,14752,7373,la libertad avanza
2025,G,provisorio,DIP_CABA,CABA,2,comuna 02,28,la libertad avanza,3632,21136,10954,la libertad avanza
2025,G,provisorio,DIP_CABA,CABA,2,comuna 02,29,la libertad avanza,2250,13637,7285,la libertad avanza
2025,G,provisorio,DIP_CABA,CABA,3,comuna 03,30,la libertad avanza,2243,15092,6373,la libertad avanza
2025,G,provisorio,DIP_CABA,CABA,3,comuna 03,31,la libertad avanza,2486,18180,7289,la libertad avanza
2025,G,provisorio,DIP_CABA,CABA,3,comuna 03,32,la libertad avanza,1962,14599,6519,la libertad avanza
2025,G,provisorio,DIP_CABA,CABA,3,comuna 03,33,la libertad avanza,1799,14067,5487,la libertad avanza
2025,G,provisorio,DIP_CABA,CABA,3,comuna 03,34,la libertad avanza,2721,19917,8457,la libertad avanza
2025,G,provisorio,DIP_CABA,CABA,3,comuna 03,35,la libertad avanza,2206,16245,7703,la libertad avanza
2025,G,provisorio,DIP_CABA,CABA,3,comuna 03,36,la libertad avanza,1422,10505,5190,la libertad avanza
2025,G,provisorio,DIP_CABA,CABA,3,comuna 03,37,la libertad avanza,1866,13496,6609,la libertad avanza
2025,G,provisorio,DIP_CABA,CABA,3,comuna 03,38,la libertad avanza,2017,15350,7532,la libertad avanza
2025,G,provisorio,DIP_CABA,CABA,3,comuna 03,39,la libertad avanza,2209,15614,7792,la libertad avanza
2025,G,provisorio,DIP_CABA,CABA,3,comuna 03,40,la libertad avanza,1796,10929,6418,la libertad avanza
2025,G,provisorio,DIP_CABA,CABA,3,comuna 03,41,la libertad avanza,3056,21815,11478,la libertad avanza
2025,G,provisorio,DIP_CABA,CABA,3,comuna 03,42,la libertad avanza,2546,18525,9518,la libertad avanza
2025,G,provisorio,DIP_CABA,CABA,4,comuna 04,43,la libertad avanza,2090,13659,8042,la libertad avanza
2025,G,provisorio,DIP_CABA,CABA,4,comuna 04,44,la libertad avanza,1600,10358,6082,la libertad avanza
2025,G,provisorio,DIP_CABA,CABA,4,comuna 04,45,la libertad avanza,1144,8755,4516,la libertad avanza
2025,G,provisorio,DIP_CABA,CABA,4,comuna 04,46,la libertad avanza,1118,8419,4106,la libertad avanza
2025,G,provisorio,DIP_CABA,CABA,4,comuna 04,47,la libertad avanza,2399,37329,11026,la libertad avanza
2025,G,provisorio,DIP_CABA,CABA,4,comuna 04,48,la libertad avanza,2169,15552,8076,la libertad avanza
2025,G,provisorio,DIP_CABA,CABA,4,comuna 04,49,la libertad avanza,1960,13436,7193,la libertad avanza
2025,G,provisorio,DIP_CABA,CABA,4,comuna 04,50,la libertad avanza,2475,15226,8786,la libertad avanza
2025,G,provisorio,DIP_CABA,CABA,4,comuna 04,51,la libertad avanza,1860,10813,6480,la libertad avanza
2025,G,provisorio,DIP_CABA,CABA,4,comuna 04,52,la libertad avanza,1698,13957,6544,la libertad avanza
2025,G,provisorio,DIP_CABA,CABA,4,comuna 04,53,la libertad avanza,1914,17072,7819,la libertad avanza
2025,G,provisorio,DIP_CABA,CABA,4,comuna 04,54,la libertad avanza,2487,17890,9570,la libertad avanza
2025,G,provisorio,DIP_CABA,CABA,4,comuna 04,55,la libertad avanza,1578,12094,6057,la libertad avanza
2025,G,provisorio,DIP_CABA,CABA,4,comuna 04,56,la libertad avanza,1726,11838,5982,la libertad avanza
2025,G,provisorio,DIP_CABA,CABA,4,comuna 04,57,la libertad avanza,3433,23039,12121,la libertad avanza
2025,G,provisorio,DIP_CABA,CABA,5,comuna 05,58,la libertad avanza,2388,16081,9511,la libertad avanza
2025,G,provisorio,DIP_CABA,CABA,5,comuna 05,59,la libertad avanza,2185,14324,8544,la libertad avanza
2025,G,provisorio,DIP_CABA,CABA,5,comuna 05,60,la libertad avanza,2537,17426,10563,la libertad avanza
2025,G,provisorio,DIP_CABA,CABA,5,comuna 05,61,la libertad avanza,2707,16442,10107,la libertad avanza
2025,G,provisorio,DIP_CABA,CABA,5,comuna 05,62,la libertad avanza,1751,11770,6780,la libertad avanza
2025,G,provisorio,DIP_CABA,CABA,5,comuna 05,63,la libertad avanza,3534,22766,12949,la libertad avanza
2025,G,provisorio,DIP_CABA,CABA,5,comuna 05,64,la libertad avanza,3695,25789,13669,la libertad avanza
2025,G,provisorio,DIP_CABA,CABA,5,comuna 05,65,la libertad avanza,2413,17044,8670,la libertad avanza
2025,G,provisorio,DIP_CABA,CABA,5,comuna 05,66,la libertad avanza,2383,15176,8657,la libertad avanza
2025,G,provisorio,DIP_CABA,CABA,5,comuna 05,67,la libertad avanza,3517,23365,13231,la libertad avanza
2025,G,provisorio,DIP_CABA,CABA,6,comuna 06,68,la libertad avanza,3388,22019,13406,la libertad avanza
2025,G,provisorio,DIP_CABA,CABA,6,comuna 06,69,la libertad avanza,5679,31181,19526,la libertad avanza
2025,G,provisorio,DIP_CABA,CABA,6,comuna 06,70,la libertad avanza,4723,29072,17461,la libertad avanza
2025,G,provisorio,DIP_CABA,CABA,6,comuna 06,71,la libertad avanza,6219,33919,21037,la libertad avanza
2025,G,provisorio,DIP_CABA,CABA,6,comuna 06,72,la libertad avanza,2472,14881,9130,la libertad avanza
2025,G,provisorio,DIP_CABA,CABA,6,comuna 06,73,la libertad avanza,3396,19449,12322,la libertad avanza
2025,G,provisorio,DIP_CABA,CABA,6,comuna 06,74,la libertad avanza,5243,26575,16675,la libertad avanza
2025,G,provisorio,DIP_CABA,CABA,7,comuna 07,75,la libertad avanza,1931,11210,7160,la libertad avanza
2025,G,provisorio,DIP_CABA,CABA,7,comuna 07,76,la libertad avanza,3227,18001,11467,la libertad avanza
2025,G,provisorio,DIP_CABA,CABA,7,comuna 07,77,la libertad avanza,2397,15468,9169,la libertad avanza
2025,G,provisorio,DIP_CABA,CABA,7,comuna 07,78,la libertad avanza,2157,13647,7411,la libertad avanza
2025,G,provisorio,DIP_CABA,CABA,7,comuna 07,79,la libertad avanza,2651,17377,7926,la libertad avanza
2025,G,provisorio,DIP_CABA,CABA,7,comuna 07,80,la libertad avanza,2770,15082,9261,la libertad avanza
2025,G,provisorio,DIP_CABA,CABA,7,comuna 07,81,la libertad avanza,2642,14671,8155,la libertad avanza
2025,G,provisorio,DIP_CABA,CABA,7,comuna 07,82,la libertad avanza,3035,17804,9600,la libertad avanza
2025,G,provisorio,DIP_CABA,CABA,7,comuna 07,83,la libertad avanza,4256,22788,13340,la libertad avanza
2025,G,provisorio,DIP_CABA,CABA,7,comuna 07,84,la libertad avanza,2238,12904,7688,la libertad avanza
2025,G,provisorio,DIP_CABA,CABA,7,comuna 07,85,la libertad avanza,1565,8404,5445,la libertad avanza
2025,G,provisorio,DIP_CABA,CABA,7,comuna 07,86,la libertad avanza,5618,57251,20217,la libertad avanza
2025,G,provisorio,DIP_CABA,CABA,8,comuna 08,87,la libertad avanza,5036,48702,21437,la libertad avanza
2025,G,provisorio,DIP_CABA,CABA,8,comuna 08,88,la libertad avanza,3262,17856,10430,la libertad avanza
2025,G,provisorio,DIP_CABA,CABA,8,comuna 08,89,la libertad avanza,9017,69053,31837,la libertad avanza
2025,G,provisorio,DIP_CABA,CABA,8,comuna 08,90,la libertad avanza,7329,66139,28468,la libertad avanza
2025,G,provisorio,DIP_CABA,CABA,9,comuna 09,91,la libertad avanza,1998,16358,6959,la libertad avanza
2025,G,provisorio,DIP_CABA,CABA,9,comuna 09,92,la libertad avanza,2674,17131,9187,la libertad avanza
2025,G,provisorio,DIP_CABA,CABA,9,comuna 09,93,la libertad avanza,1562,10006,5686,la libertad avanza
2025,G,provisorio,DIP_CABA,CABA,9,comuna 09,94,la libertad avanza,1901,12335,7211,la libertad avanza
2025,G,provisorio,DIP_CABA,CABA,9,comuna 09,95,la libertad avanza,3438,19872,11600,la libertad avanza
2025,G,provisorio,DIP_CABA,CABA,9,comuna 09,96,la libertad avanza,2247,15064,7938,la libertad avanza
2025,G,provisorio,DIP_CABA,CABA,9,comuna 09,97,la libertad avanza,1941,13514,7263,la libertad avanza
2025,G,provisorio,DIP_CABA,CABA,9,comuna 09,98,la libertad avanza,4344,23996,14341,la libertad avanza
2025,G,provisorio,DIP_CABA,CABA,9,comuna 09,99,la libertad avanza,2413,11808,7546,la libertad avanza
2025,G,provisorio,DIP_CABA,CABA,9,comuna 09,100,la libertad avanza,2921,15274,9774,la libertad avanza
2025,G,provisorio,DIP_CABA,CABA,9,comuna 09,101,la libertad avanza,3246,20333,10878,la libertad avanza
2025,G,provisorio,DIP_CABA,CABA,10,comuna 10,102,la libertad avanza,2878,13869,9045,la libertad avanza
2025,G,provisorio,DIP_CABA,CABA,10,comuna 10,103,la libertad avanza,2592,13314,8227,la libertad avanza
2025,G,provisorio,DIP_CABA,CABA,10,comuna 10,104,la libertad avanza,2484,13095,8452,la libertad avanza
2025,G,provisorio,DIP_CABA,CABA,10,comuna 10,105,la libertad avanza,3820,20263,12792,la libertad avanza
2025,G,provisorio,DIP_CABA,CABA,10,comuna 10,106,la libertad avanza,2320,12239,7734,la libertad avanza
2025,G,provisorio,DIP_CABA,CABA,10,comuna 10,107,la libertad avanza,3810,21296,13225,la libertad avanza
2025,G,provisorio,DIP_CABA,CABA,10,comuna 10,108,la libertad avanza,2287,13017,8181,la libertad avanza
2025,G,provisorio,DIP_CABA,CABA,10,comuna 10,109,la libertad avanza,3537,21713,12618,la libertad avanza
2025,G,provisorio,DIP_CABA,CABA,10,comuna 10,110,la libertad avanza,1764,10717,6703,la libertad avanza
2025,G,provisorio,DIP_CABA,CABA,10,comuna 10,111,la libertad avanza,2153,15847,7336,la libertad avanza
2025,G,provisorio,DIP_CABA,CABA,10,comuna 10,112,la libertad avanza,1552,10438,5449,la libertad avanza
2025,G,provisorio,DIP_CABA,CABA,11,comuna 11,113,la libertad avanza,2648,14377,8785,la libertad avanza
2025,G,provisorio,DIP_CABA,CABA,11,comuna 11,114,la libertad avanza,3318,19428,11722,la libertad avanza
2025,G,provisorio,DIP_CABA,CABA,11,comuna 11,115,la libertad avanza,2185,13809,8154,la libertad avanza
2025,G,provisorio,DIP_CABA,CABA,11,comuna 11,116,la libertad avanza,3164,19378,11815,la libertad avanza
2025,G,provisorio,DIP_CABA,CABA,11,comuna 11,117,la libertad avanza,3549,19769,12638,la libertad avanza
2025,G,provisorio,DIP_CABA,CABA,11,comuna 11,118,la libertad avanza,3090,15712,10030,la libertad avanza
2025,G,provisorio,DIP_CABA,CABA,11,comuna 11,119,la libertad avanza,3672,18859,12384,la libertad avanza
2025,G,provisorio,DIP_CABA,CABA,11,comuna 11,120,la libertad avanza,4257,20171,12954,la libertad avanza
2025,G,provisorio,DIP_CABA,CABA,11,comuna 11,121,la libertad avanza,3236,16169,10287,la libertad avanza
2025,G,provisorio,DIP_CABA,CABA,11,comuna 11,122,la libertad avanza,3562,14300,9205,la libertad avanza
2025,G,provisorio,DIP_CABA,CABA,11,comuna 11,123,la libertad avanza,3234,15251,9861,la libertad avanza
2025,G,provisorio,DIP_CABA,CABA,12,comuna 12,124,la libertad avanza,3127,17084,11292,la libertad avanza
2025,G,provisorio,DIP_CABA,CABA,12,comuna 12,125,la libertad avanza,4350,23239,14921,la libertad avanza
2025,G,provisorio,DIP_CABA,CABA,12,comuna 12,126,la libertad avanza,3637,19090,12260,la libertad avanza
2025,G,provisorio,DIP_CABA,CABA,12,comuna 12,127,la libertad avanza,5515,27118,17025,la libertad avanza
2025,G,provisorio,DIP_CABA,CABA,12,comuna 12,128,la libertad avanza,4196,22151,14004,la libertad avanza
2025,G,provisorio,DIP_CABA,CABA,12,comuna 12,129,la libertad avanza,5491,29370,18077,la libertad avanza
2025,G,provisorio,DIP_CABA,CABA,12,comuna 12,130,la libertad avanza,3492,19615,12171,la libertad avanza
2025,G,provisorio,DIP_CABA,CABA,12,comuna 12,131,la libertad avanza,1117,5958,3857,la libertad avanza
2025,G,provisorio,DIP_CABA,CABA,12,comuna 12,132,la libertad avanza,3889,22103,13378,la libertad avanza
2025,G,provisorio,DIP_CABA,CABA,12,comuna 12,133,la libertad avanza,4172,22112,13784,la libertad avanza
2025,G,provisorio,DIP_CABA,CABA,13,comuna 13,134,la libertad avanza,1897,9619,5523,la libertad avanza
2025,G,provisorio,DIP_CABA,CABA,13,comuna 13,135,la libertad avanza,2847,13442,7980,la libertad avanza
2025,G,provisorio,DIP_CABA,CABA,13,comuna 13,136,la libertad avanza,3040,16440,9806,la libertad avanza
2025,G,provisorio,DIP_CABA,CABA,13,comuna 13,137,la libertad avanza,2885,15554,9340,la libertad avanza
2025,G,provisorio,DIP_CABA,CABA,13,comuna 13,138,la libertad avanza,6590,32936,18911,la libertad avanza
2025,G,provisorio,DIP_CABA,CABA,13,comuna 13,139,la libertad avanza,4089,20589,11722,la libertad avanza
2025,G,provisorio,DIP_CABA,CABA,13,comuna 13,140,la libertad avanza,1960,10547,5560,la libertad avanza
2025,G,provisorio,DIP_CABA,CABA,13,comuna 13,141,la libertad avanza,3702,16421,9546,la libertad avanza
2025,G,provisorio,DIP_CABA,CABA,13,comuna 13,142,la libertad avanza,6496,27238,15606,la libertad avanza
2025,G,provisorio,DIP_CABA,CABA,13,comuna 13,143,la libertad avanza,3806,19838,11470,la libertad avanza
2025,G,provisorio,DIP_CABA,CABA,13,comuna 13,144,la libertad avanza,1881,8767,5296,la libertad avanza
2025,G,provisorio,DIP_CABA,CABA,13,comuna 13,145,la libertad avanza,2825,16405,10306,la libertad avanza
2025,G,provisorio,DIP_CABA,CABA,13,comuna 13,146,la libertad avanza,1994,12536,7552,la libertad avanza
2025,G,provisorio,DIP_CABA,CABA,13,comuna 13,147,la libertad avanza,4211,23117,12987,la libertad avanza
2025,G,provisorio,DIP_CABA,CABA,14,comuna 14,148,la libertad avanza,5280,25385,14238,la libertad avanza
2025,G,provisorio,DIP_CABA,CABA,14,comuna 14,149,la libertad avanza,6434,29262,15659,la libertad avanza
2025,G,provisorio,DIP_CABA,CABA,14,comuna 14,150,la libertad avanza,3775,14420,7686,la libertad avanza
2025,G,provisorio,DIP_CABA,CABA,14,comuna 14,151,la libertad avanza,6467,30540,15689,la libertad avanza
2025,G,provisorio,DIP_CABA,CABA,14,comuna 14,152,la libertad avanza,4487,22485,12142,la libertad avanza
2025,G,provisorio,DIP_CABA,CABA,14,comuna 14,153,la libertad avanza,4455,27011,14914,la libertad avanza
2025,G,provisorio,DIP_CABA,CABA,14,comuna 14,154,la libertad avanza,4948,32341,16658,la libertad avanza
2025,G,provisorio,DIP_CABA,CABA,14,comuna 14,155,la libertad avanza,4724,29556,15250,la libertad avanza
2025,G,provisorio,DIP_CABA,CABA,14,comuna 14,156,la libertad avanza,1636,11665,6146,la libertad avanza
2025,G,provisorio,DIP_CABA,CABA,14,comuna 14,157,la libertad avanza,2807,19454,10411,la libertad avanza
2025,G,provisorio,DIP_CABA,CABA,15,comuna 15,158,la libertad avanza,3484,22962,13096,la libertad avanza
2025,G,provisorio,DIP_CABA,CABA,15,comuna 15,159,la libertad avanza,2165,14495,8153,la libertad avanza
2025,G,provisorio,DIP_CABA,CABA,15,comuna 15,160,la libertad avanza,3983,26240,14714,la libertad avanza
2025,G,provisorio,DIP_CABA,CABA,15,comuna 15,161,la libertad avanza,3437,22469,13239,la libertad avanza
2025,G,provisorio,DIP_CABA,CABA,15,comuna 15,162,la libertad avanza,2754,19685,10418,la libertad avanza
2025,G,provisorio,DIP_CABA,CABA,15,comuna 15,163,la libertad avanza,1885,14547,7944,la libertad avanza
2025,G,provisorio,DIP_CABA,CABA,15,comuna 15,164,la libertad avanza,2036,15214,8096,la libertad avanza
2025,G,provisorio,DIP_CABA,CABA,15,comuna 15,165,la libertad avanza,3593,22141,13131,la libertad avanza
2025,G,provisorio,DIP_CABA,CABA,15,comuna 15,166,la libertad avanza,2962,17752,11362,la libertad avanza
2025,G,provisorio,DIP_CABA,CABA,15,comuna 15,167,la libertad avanza,2543,13635,8834,la libertad avanza
2025,G,provisorio,DIP_CABA,CABA,1,comuna 01,1,movimiento plural,7,12557,6398,otro
2025,G,provisorio,DIP_CABA,CABA,1,comuna 01,2,movimiento plural,6,12110,5475,otro
2025,G,provisorio,DIP_CABA,CABA,1,comuna 01,3,movimiento plural,2,3962,1989,otro
2025,G,provisorio,DIP_CABA,CABA,1,comuna 01,4,movimiento plural,1,3143,1502,otro
2025,G,provisorio,DIP_CABA,CABA,1,comuna 01,5,movimiento plural,39,31029,8859,otro
2025,G,provisorio,DIP_CABA,CABA,1,comuna 01,6,movimiento plural,5,19270,8998,otro
2025,G,provisorio,DIP_CABA,CABA,1,comuna 01,7,movimiento plural,9,9533,4737,otro
2025,G,provisorio,DIP_CABA,CABA,1,comuna 01,8,movimiento plural,3,11664,4552,otro
2025,G,provisorio,DIP_CABA,CABA,1,comuna 01,9,movimiento plural,17,17073,6090,otro
2025,G,provisorio,DIP_CABA,CABA,1,comuna 01,10,movimiento plural,10,14181,6502,otro
2025,G,provisorio,DIP_CABA,CABA,1,comuna 01,11,movimiento plural,9,17022,6867,otro
2025,G,provisorio,DIP_CABA,CABA,1,comuna 01,12,movimiento plural,10,14241,6183,otro
2025,G,provisorio,DIP_CABA,CABA,1,comuna 01,13,movimiento plural,11,15923,7257,otro
2025,G,provisorio,DIP_CABA,CABA,1,comuna 01,14,movimiento plural,4,7319,2891,otro
2025,G,provisorio,DIP_CABA,CABA,1,comuna 01,15,movimiento plural,14,10624,4535,otro
2025,G,provisorio,DIP_CABA,CABA,1,comuna 01,16,movimiento plural,9,10385,4709,otro
2025,G,provisorio,DIP_CABA,CABA,1,comuna 01,17,movimiento plural,17,15138,6549,otro
2025,G,provisorio,DIP_CABA,CABA,1,comuna 01,18,movimiento plural,8,9466,3926,otro
2025,G,provisorio,DIP_CABA,CABA,1,comuna 01,19,movimiento plural,15,15125,6064,otro
2025,G,provisorio,DIP_CABA,CABA,2,comuna 02,20,movimiento plural,3,9021,4323,otro
2025,G,provisorio,DIP_CABA,CABA,2,comuna 02,21,movimiento plural,11,15247,7823,otro
2025,G,provisorio,DIP_CABA,CABA,2,comuna 02,22,movimiento plural,14,17590,9476,otro
2025,G,provisorio,DIP_CABA,CABA,2,comuna 02,23,movimiento plural,8,22530,11985,otro
2025,G,provisorio,DIP_CABA,CABA,2,comuna 02,24,movimiento plural,4,14506,8002,otro
2025,G,provisorio,DIP_CABA,CABA,2,comuna 02,25,movimiento plural,0,14754,7685,otro
2025,G,provisorio,DIP_CABA,CABA,2,comuna 02,26,movimiento plural,4,18701,9906,otro
2025,G,provisorio,DIP_CABA,CABA,2,comuna 02,27,movimiento plural,6,14752,7373,otro
2025,G,provisorio,DIP_CABA,CABA,2,comuna 02,28,movimiento plural,14,21136,10954,otro
2025,G,provisorio,DIP_CABA,CABA,2,comuna 02,29,movimiento plural,4,13637,7285,otro
2025,G,provisorio,DIP_CABA,CABA,3,comuna 03,30,movimiento plural,20,15092,6373,otro
2025,G,provisorio,DIP_CABA,CABA,3,comuna 03,31,movimiento plural,9,18180,7289,otro
2025,G,provisorio,DIP_CABA,CABA,3,comuna 03,32,movimiento plural,12,14599,6519,otro
2025,G,provisorio,DIP_CABA,CABA,3,comuna 03,33,movimiento plural,13,14067,5487,otro
2025,G,provisorio,DIP_CABA,CABA,3,comuna 03,34,movimiento plural,14,19917,8457,otro
2025,G,provisorio,DIP_CABA,CABA,3,comuna 03,35,movimiento plural,12,16245,7703,otro
2025,G,provisorio,DIP_CABA,CABA,3,comuna 03,36,movimiento plural,10,10505,5190,otro
2025,G,provisorio,DIP_CABA,CABA,3,comuna 03,37,movimiento plural,11,13496,6609,otro
2025,G,provisorio,DIP_CABA,CABA,3,comuna 03,38,movimiento plural,12,15350,7532,otro
2025,G,provisorio,DIP_CABA,CABA,3,comuna 03,39,movimiento plural,17,15614,7792,otro
2025,G,provisorio,DIP_CABA,CABA,3,comuna 03,40,movimiento plural,21,10929,6418,otro
2025,G,provisorio,DIP_CABA,CABA,3,comuna 03,41,movimiento plural,27,21815,11478,otro
2025,G,provisorio,DIP_CABA,CABA,3,comuna 03,42,movimiento plural,13,18525,9518,otro
2025,G,provisorio,DIP_CABA,CABA,4,comuna 04,43,movimiento plural,10,13659,8042,otro
2025,G,provisorio,DIP_CABA,CABA,4,comuna 04,44,movimiento plural,6,10358,6082,otro
2025,G,provisorio,DIP_CABA,CABA,4,comuna 04,45,movimiento plural,5,8755,4516,otro
2025,G,provisorio,DIP_CABA,CABA,4,comuna 04,46,movimiento plural,5,8419,4106,otro
2025,G,provisorio,DIP_CABA,CABA,4,comuna 04,47,movimiento plural,27,37329,11026,otro
2025,G,provisorio,DIP_CABA,CABA,4,comuna 04,48,movimiento plural,18,15552,8076,otro
2025,G,provisorio,DIP_CABA,CABA,4,comuna 04,49,movimiento plural,12,13436,7193,otro
2025,G,provisorio,DIP_CABA,CABA,4,comuna 04,50,movimiento plural,17,15226,8786,otro
2025,G,provisorio,DIP_CABA,CABA,4,comuna 04,51,movimiento plural,21,10813,6480,otro
2025,G,provisorio,DIP_CABA,CABA,4,comuna 04,52,movimiento plural,28,13957,6544,otro
2025,G,provisorio,DIP_CABA,CABA,4,comuna 04,53,movimiento plural,21,17072,7819,otro
2025,G,provisorio,DIP_CABA,CABA,4,comuna 04,54,movimiento plural,20,17890,9570,otro
2025,G,provisorio,DIP_CABA,CABA,4,comuna 04,55,movimiento plural,16,12094,6057,otro
2025,G,provisorio,DIP_CABA,CABA,4,comuna 04,56,movimiento plural,11,11838,5982,otro
2025,G,provisorio,DIP_CABA,CABA,4,comuna 04,57,movimiento plural,20,23039,12121,otro
2025,G,provisorio,DIP_CABA,CABA,5,comuna 05,58,movimiento plural,20,16081,9511,otro
2025,G,provisorio,DIP_CABA,CABA,5,comuna 05,59,movimiento plural,11,14324,8544,otro
2025,G,provisorio,DIP_CABA,CABA,5,comuna 05,60,movimiento plural,18,17426,10563,otro
2025,G,provisorio,DIP_CABA,CABA,5,comuna 05,61,movimiento plural,18,16442,10107,otro
2025,G,provisorio,DIP_CABA,CABA,5,comuna 05,62,movimiento plural,12,11770,6780,otro
2025,G,provisorio,DIP_CABA,CABA,5,comuna 05,63,movimiento plural,25,22766,12949,otro
2025,G,provisorio,DIP_CABA,CABA,5,comuna 05,64,movimiento plural,27,25789,13669,otro
2025,G,provisorio,DIP_CABA,CABA,5,comuna 05,65,movimiento plural,15,17044,8670,otro
2025,G,provisorio,DIP_CABA,CABA,5,comuna 05,66,movimiento plural,10,15176,8657,otro
2025,G,provisorio,DIP_CABA,CABA,5,comuna 05,67,movimiento plural,10,23365,13231,otro
2025,G,provisorio,DIP_CABA,CABA,6,comuna 06,68,movimiento plural,26,22019,13406,otro
2025,G,provisorio,DIP_CABA,CABA,6,comuna 06,69,movimiento plural,12,31181,19526,otro
2025,G,provisorio,DIP_CABA,CABA,6,comuna 06,70,movimiento plural,16,29072,17461,otro
2025,G,provisorio,DIP_CABA,CABA,6,comuna 06,71,movimiento plural,25,33919,21037,otro
2025,G,provisorio,DIP_CABA,CABA,6,comuna 06,72,movimiento plural,4,14881,9130,otro
2025,G,provisorio,DIP_CABA,CABA,6,comuna 06,73,movimiento plural,16,19449,12322,otro
2025,G,provisorio,DIP_CABA,CABA,6,comuna 06,74,movimiento plural,14,26575,16675,otro
2025,G,provisorio,DIP_CABA,CABA,7,comuna 07,75,movimiento plural,12,11210,7160,otro
2025,G,provisorio,DIP_CABA,CABA,7,comuna 07,76,movimiento plural,11,18001,11467,otro
2025,G,provisorio,DIP_CABA,CABA,7,comuna 07,77,movimiento plural,7,15468,9169,otro
2025,G,provisorio,DIP_CABA,CABA,7,comuna 07,78,movimiento plural,4,13647,7411,otro
2025,G,provisorio,DIP_CABA,CABA,7,comuna 07,79,movimiento plural,4,17377,7926,otro
2025,G,provisorio,DIP_CABA,CABA,7,comuna 07,80,movimiento plural,7,15082,9261,otro
2025,G,provisorio,DIP_CABA,CABA,7,comuna 07,81,movimiento plural,12,14671,8155,otro
2025,G,provisorio,DIP_CABA,CABA,7,comuna 07,82,movimiento plural,11,17804,9600,otro
2025,G,provisorio,DIP_CABA,CABA,7,comuna 07,83,movimiento plural,13,22788,13340,otro
2025,G,provisorio,DIP_CABA,CABA,7,comuna 07,84,movimiento plural,5,12904,7688,otro
2025,G,provisorio,DIP_CABA,CABA,7,comuna 07,85,movimiento plural,9,8404,5445,otro
2025,G,provisorio,DIP_CABA,CABA,7,comuna 07,86,movimiento plural,29,57251,20217,otro
2025,G,provisorio,DIP_CABA,CABA,8,comuna 08,87,movimiento plural,44,48702,21437,otro
2025,G,provisorio,DIP_CABA,CABA,8,comuna 08,88,movimiento plural,13,17856,10430,otro
2025,G,provisorio,DIP_CABA,CABA,8,comuna 08,89,movimiento plural,49,69053,31837,otro
2025,G,provisorio,DIP_CABA,CABA,8,comuna 08,90,movimiento plural,43,66139,28468,otro
2025,G,provisorio,DIP_CABA,CABA,9,comuna 09,91,movimiento plural,14,16358,6959,otro
2025,G,provisorio,DIP_CABA,CABA,9,comuna 09,92,movimiento plural,11,17131,9187,otro
2025,G,provisorio,DIP_CABA,CABA,9,comuna 09,93,movimiento plural,15,10006,5686,otro
2025,G,provisorio,DIP_CABA,CABA,9,comuna 09,94,movimiento plural,16,12335,7211,otro
2025,G,provisorio,DIP_CABA,CABA,9,comuna 09,95,movimiento plural,18,19872,11600,otro
2025,G,provisorio,DIP_CABA,CABA,9,comuna 09,96,movimiento plural,7,15064,7938,otro
2025,G,provisorio,DIP_CABA,CABA,9,comuna 09,97,movimiento plural,7,13514,7263,otro
2025,G,provisorio,DIP_CABA,CABA,9,comuna 09,98,movimiento plural,25,23996,14341,otro
2025,G,provisorio,DIP_CABA,CABA,9,comuna 09,99,movimiento plural,8,11808,7546,otro
2025,G,provisorio,DIP_CABA,CABA,9,comuna 09,100,movimiento plural,8,15274,9774,otro
2025,G,provisorio,DIP_CABA,CABA,9,comuna 09,101,movimiento plural,21,20333,10878,otro
2025,G,provisorio,DIP_CABA,CABA,10,comuna 10,102,movimiento plural,7,13869,9045,otro
2025,G,provisorio,DIP_CABA,CABA,10,comuna 10,103,movimiento plural,18,13314,8227,otro
2025,G,provisorio,DIP_CABA,CABA,10,comuna 10,104,movimiento plural,10,13095,8452,otro
2025,G,provisorio,DIP_CABA,CABA,10,comuna 10,105,movimiento plural,17,20263,12792,otro
2025,G,provisorio,DIP_CABA,CABA,10,comuna 10,106,movimiento plural,16,12239,7734,otro
2025,G,provisorio,DIP_CABA,CABA,10,comuna 10,107,movimiento plural,11,21296,13225,otro
2025,G,provisorio,DIP_CABA,CABA,10,comuna 10,108,movimiento plural,11,13017,8181,otro
2025,G,provisorio,DIP_CABA,CABA,10,comuna 10,109,movimiento plural,7,21713,12618,otro
2025,G,provisorio,DIP_CABA,CABA,10,comuna 10,110,movimiento plural,4,10717,6703,otro
2025,G,provisorio,DIP_CABA,CABA,10,comuna 10,111,movimiento plural,7,15847,7336,otro
2025,G,provisorio,DIP_CABA,CABA,10,comuna 10,112,movimiento plural,9,10438,5449,otro
2025,G,provisorio,DIP_CABA,CABA,11,comuna 11,113,movimiento plural,11,14377,8785,otro
2025,G,provisorio,DIP_CABA,CABA,11,comuna 11,114,movimiento plural,8,19428,11722,otro
2025,G,provisorio,DIP_CABA,CABA,11,comuna 11,115,movimiento plural,6,13809,8154,otro
2025,G,provisorio,DIP_CABA,CABA,11,comuna 11,116,movimiento plural,9,19378,11815,otro
2025,G,provisorio,DIP_CABA,CABA,11,comuna 11,117,movimiento plural,8,19769,12638,otro
2025,G,provisorio,DIP_CABA,CABA,11,comuna 11,118,movimiento plural,12,15712,10030,otro
2025,G,provisorio,DIP_CABA,CABA,11,comuna 11,119,movimiento plural,8,18859,12384,otro
2025,G,provisorio,DIP_CABA,CABA,11,comuna 11,120,movimiento plural,16,20171,12954,otro
2025,G,provisorio,DIP_CABA,CABA,11,comuna 11,121,movimiento plural,14,16169,10287,otro
2025,G,provisorio,DIP_CABA,CABA,11,comuna 11,122,movimiento plural,6,14300,9205,otro
2025,G,provisorio,DIP_CABA,CABA,11,comuna 11,123,movimiento plural,13,15251,9861,otro
2025,G,provisorio,DIP_CABA,CABA,12,comuna 12,124,movimiento plural,8,17084,11292,otro
2025,G,provisorio,DIP_CABA,CABA,12,comuna 12,125,movimiento plural,13,23239,14921,otro
2025,G,provisorio,DIP_CABA,CABA,12,comuna 12,126,movimiento plural,11,19090,12260,otro
2025,G,provisorio,DIP_CABA,CABA,12,comuna 12,127,movimiento plural,22,27118,17025,otro
2025,G,provisorio,DIP_CABA,CABA,12,comuna 12,128,movimiento plural,16,22151,14004,otro
2025,G,provisorio,DIP_CABA,CABA,12,comuna 12,129,movimiento plural,19,29370,18077,otro
2025,G,provisorio,DIP_CABA,CABA,12,comuna 12,130,movimiento plural,11,19615,12171,otro
2025,G,provisorio,DIP_CABA,CABA,12,comuna 12,131,movimiento plural,2,5958,3857,otro
2025,G,provisorio,DIP_CABA,CABA,12,comuna 12,132,movimiento plural,11,22103,13378,otro
2025,G,provisorio,DIP_CABA,CABA,12,comuna 12,133,movimiento plural,15,22112,13784,otro
2025,G,provisorio,DIP_CABA,CABA,13,comuna 13,134,movimiento plural,2,9619,5523,otro
2025,G,provisorio,DIP_CABA,CABA,13,comuna 13,135,movimiento plural,4,13442,7980,otro
2025,G,provisorio,DIP_CABA,CABA,13,comuna 13,136,movimiento plural,7,16440,9806,otro
2025,G,provisorio,DIP_CABA,CABA,13,comuna 13,137,movimiento plural,6,15554,9340,otro
2025,G,provisorio,DIP_CABA,CABA,13,comuna 13,138,movimiento plural,15,32936,18911,otro
2025,G,provisorio,DIP_CABA,CABA,13,comuna 13,139,movimiento plural,10,20589,11722,otro
2025,G,provisorio,DIP_CABA,CABA,13,comuna 13,140,movimiento plural,5,10547,5560,otro
2025,G,provisorio,DIP_CABA,CABA,13,comuna 13,141,movimiento plural,7,16421,9546,otro
2025,G,provisorio,DIP_CABA,CABA,13,comuna 13,142,movimiento plural,9,27238,15606,otro
2025,G,provisorio,DIP_CABA,CABA,13,comuna 13,143,movimiento plural,5,19838,11470,otro
2025,G,provisorio,DIP_CABA,CABA,13,comuna 13,144,movimiento plural,8,8767,5296,otro
2025,G,provisorio,DIP_CABA,CABA,13,comuna 13,145,movimiento plural,10,16405,10306,otro
2025,G,provisorio,DIP_CABA,CABA,13,comuna 13,146,movimiento plural,7,12536,7552,otro
2025,G,provisorio,DIP_CABA,CABA,13,comuna 13,147,movimiento plural,12,23117,12987,otro
2025,G,provisorio,DIP_CABA,CABA,14,comuna 14,148,movimiento plural,13,25385,14238,otro
2025,G,provisorio,DIP_CABA,CABA,14,comuna 14,149,movimiento plural,14,29262,15659,otro
2025,G,provisorio,DIP_CABA,CABA,14,comuna 14,150,movimiento plural,5,14420,7686,otro
2025,G,provisorio,DIP_CABA,CABA,14,comuna 14,151,movimiento plural,8,30540,15689,otro
2025,G,provisorio,DIP_CABA,CABA,14,comuna 14,152,movimiento plural,10,22485,12142,otro
2025,G,provisorio,DIP_CABA,CABA,14,comuna 14,153,movimiento plural,18,27011,14914,otro
2025,G,provisorio,DIP_CABA,CABA,14,comuna 14,154,movimiento plural,12,32341,16658,otro
2025,G,provisorio,DIP_CABA,CABA,14,comuna 14,155,movimiento plural,15,29556,15250,otro
2025,G,provisorio,DIP_CABA,CABA,14,comuna 14,156,movimiento plural,4,11665,6146,otro
2025,G,provisorio,DIP_CABA,CABA,14,comuna 14,157,movimiento plural,10,19454,10411,otro
2025,G,provisorio,DIP_CABA,CABA,15,comuna 15,158,movimiento plural,16,22962,13096,otro
2025,G,provisorio,DIP_CABA,CABA,15,comuna 15,159,movimiento plural,8,14495,8153,otro
2025,G,provisorio,DIP_CABA,CABA,15,comuna 15,160,movimiento plural,9,26240,14714,otro
2025,G,provisorio,DIP_CABA,CABA,15,comuna 15,161,movimiento plural,18,22469,13239,otro
2025,G,provisorio,DIP_CABA,CABA,15,comuna 15,162,movimiento plural,16,19685,10418,otro
2025,G,provisorio,DIP_CABA,CABA,15,comuna 15,163,movimiento plural,5,14547,7944,otro
2025,G,provisorio,DIP_CABA,CABA,15,comuna 15,164,movimiento plural,13,15214,8096,otro
2025,G,provisorio,DIP_CABA,CABA,15,comuna 15,165,movimiento plural,7,22141,13131,otro
2025,G,provisorio,DIP_CABA,CABA,15,comuna 15,166,movimiento plural,13,17752,11362,otro
2025,G,provisorio,DIP_CABA,CABA,15,comuna 15,167,movimiento plural,11,13635,8834,otro
2025,G,provisorio,DIP_CABA,CABA,1,comuna 01,1,movimiento de integración y desarrollo,116,12557,6398,otro
2025,G,provisorio,DIP_CABA,CABA,1,comuna 01,2,movimiento de integración y desarrollo,82,12110,5475,otro
2025,G,provisorio,DIP_CABA,CABA,1,comuna 01,3,movimiento de integración y desarrollo,15,3962,1989,otro
2025,G,provisorio,DIP_CABA,CABA,1,comuna 01,4,movimiento de integración y desarrollo,10,3143,1502,otro
2025,G,provisorio,DIP_CABA,CABA,1,comuna 01,5,movimiento de integración y desarrollo,89,31029,8859,otro
2025,G,provisorio,DIP_CABA,CABA,1,comuna 01,6,movimiento de integración y desarrollo,52,19270,8998,otro
2025,G,provisorio,DIP_CABA,CABA,1,comuna 01,7,movimiento de integración y desarrollo,36,9533,4737,otro
2025,G,provisorio,DIP_CABA,CABA,1,comuna 01,8,movimiento de integración y desarrollo,31,11664,4552,otro
2025,G,provisorio,DIP_CABA,CABA,1,comuna 01,9,movimiento de integración y desarrollo,49,17073,6090,otro
2025,G,provisorio,DIP_CABA,CABA,1,comuna 01,10,movimiento de integración y desarrollo,94,14181,6502,otro
2025,G,provisorio,DIP_CABA,CABA,1,comuna 01,11,movimiento de integración y desarrollo,107,17022,6867,otro
2025,G,provisorio,DIP_CABA,CABA,1,comuna 01,12,movimiento de integración y desarrollo,93,14241,6183,otro
2025,G,provisorio,DIP_CABA,CABA,1,comuna 01,13,movimiento de integración y desarrollo,121,15923,7257,otro
2025,G,provisorio,DIP_CABA,CABA,1,comuna 01,14,movimiento de integración y desarrollo,58,7319,2891,otro
2025,G,provisorio,DIP_CABA,CABA,1,comuna 01,15,movimiento de integración y desarrollo,53,10624,4535,otro
2025,G,provisorio,DIP_CABA,CABA,1,comuna 01,16,movimiento de integración y desarrollo,71,10385,4709,otro
2025,G,provisorio,DIP_CABA,CABA,1,comuna 01,17,movimiento de integración y desarrollo,120,15138,6549,otro
2025,G,provisorio,DIP_CABA,CABA,1,comuna 01,18,movimiento de integración y desarrollo,78,9466,3926,otro
2025,G,provisorio,DIP_CABA,CABA,1,comuna 01,19,movimiento de integración y desarrollo,118,15125,6064,otro
2025,G,provisorio,DIP_CABA,CABA,2,comuna 02,20,movimiento de integración y desarrollo,40,9021,4323,otro
2025,G,provisorio,DIP_CABA,CABA,2,comuna 02,21,movimiento de integración y desarrollo,63,15247,7823,otro
2025,G,provisorio,DIP_CABA,CABA,2,comuna 02,22,movimiento de integración y desarrollo,89,17590,9476,otro
2025,G,provisorio,DIP_CABA,CABA,2,comuna 02,23,movimiento de integración y desarrollo,122,22530,11985,otro
2025,G,provisorio,DIP_CABA,CABA,2,comuna 02,24,movimiento de integración y desarrollo,63,14506,8002,otro
2025,G,provisorio,DIP_CABA,CABA,2,comuna 02,25,movimiento de integración y desarrollo,55,14754,7685,otro
2025,G,provisorio,DIP_CABA,CABA,2,comuna 02,26,movimiento de integración y desarrollo,87,18701,9906,otro
2025,G,provisorio,DIP_CABA,CABA,2,comuna 02,27,movimiento de integración y desarrollo,52,14752,7373,otro
2025,G,provisorio,DIP_CABA,CABA,2,comuna 02,28,movimiento de integración y desarrollo,146,21136,10954,otro
2025,G,provisorio,DIP_CABA,CABA,2,comuna 02,29,movimiento de integración y desarrollo,74,13637,7285,otro
2025,G,provisorio,DIP_CABA,CABA,3,comuna 03,30,movimiento de integración y desarrollo,86,15092,6373,otro
2025,G,provisorio,DIP_CABA,CABA,3,comuna 03,31,movimiento de integración y desarrollo,103,18180,7289,otro
2025,G,provisorio,DIP_CABA,CABA,3,comuna 03,32,movimiento de integración y desarrollo,88,14599,6519,otro
2025,G,provisorio,DIP_CABA,CABA,3,comuna 03,33,movimiento de integración y desarrollo,87,14067,5487,otro
2025,G,provisorio,DIP_CABA,CABA,3,comuna 03,34,movimiento de integración y desarrollo,129,19917,8457,otro
2025,G,provisorio,DIP_CABA,CABA,3,comuna 03,35,movimiento de integración y desarrollo,133,16245,7703,otro
2025,G,provisorio,DIP_CABA,CABA,3,comuna 03,36,movimiento de integración y desarrollo,90,10505,5190,otro
2025,G,provisorio,DIP_CABA,CABA,3,comuna 03,37,movimiento de integración y desarrollo,125,13496,6609,otro
2025,G,provisorio,DIP_CABA,CABA,3,comuna 03,38,movimiento de integración y desarrollo,128,15350,7532,otro
2025,G,provisorio,DIP_CABA,CABA,3,comuna 03,39,movimiento de integración y desarrollo,142,15614,7792,otro
2025,G,provisorio,DIP_CABA,CABA,3,comuna 03,40,movimiento de integración y desarrollo,113,10929,6418,otro
2025,G,provisorio,DIP_CABA,CABA,3,comuna 03,41,movimiento de integración y desarrollo,202,21815,11478,otro
2025,G,provisorio,DIP_CABA,CABA,3,comuna 03,42,movimiento de integración y desarrollo,181,18525,9518,otro
2025,G,provisorio,DIP_CABA,CABA,4,comuna 04,43,movimiento de integración y desarrollo,149,13659,8042,otro
2025,G,provisorio,DIP_CABA,CABA,4,comuna 04,44,movimiento de integración y desarrollo,123,10358,6082,otro
2025,G,provisorio,DIP_CABA,CABA,4,comuna 04,45,movimiento de integración y desarrollo,105,8755,4516,otro
2025,G,provisorio,DIP_CABA,CABA,4,comuna 04,46,movimiento de integración y desarrollo,74,8419,4106,otro
2025,G,provisorio,DIP_CABA,CABA,4,comuna 04,47,movimiento de integración y desarrollo,182,37329,11026,otro
2025,G,provisorio,DIP_CABA,CABA,4,comuna 04,48,movimiento de integración y desarrollo,164,15552,8076,otro
2025,G,provisorio,DIP_CABA,CABA,4,comuna 04,49,movimiento de integración y desarrollo,177,13436,7193,otro
2025,G,provisorio,DIP_CABA,CABA,4,comuna 04,50,movimiento de integración y desarrollo,137,15226,8786,otro
2025,G,provisorio,DIP_CABA,CABA,4,comuna 04,51,movimiento de integración y desarrollo,145,10813,6480,otro
2025,G,provisorio,DIP_CABA,CABA,4,comuna 04,52,movimiento de integración y desarrollo,182,13957,6544,otro
2025,G,provisorio,DIP_CABA,CABA,4,comuna 04,53,movimiento de integración y desarrollo,170,17072,7819,otro
2025,G,provisorio,DIP_CABA,CABA,4,comuna 04,54,movimiento de integración y desarrollo,195,17890,9570,otro
2025,G,provisorio,DIP_CABA,CABA,4,comuna 04,55,movimiento de integración y desarrollo,162,12094,6057,otro
2025,G,provisorio,DIP_CABA,CABA,4,comuna 04,56,movimiento de integración y desarrollo,158,11838,5982,otro
2025,G,provisorio,DIP_CABA,CABA,4,comuna 04,57,movimiento de integración y desarrollo,278,23039,12121,otro
2025,G,provisorio,DIP_CABA,CABA,5,comuna 05,58,movimiento de integración y desarrollo,183,16081,9511,otro
2025,G,provisorio,DIP_CABA,CABA,5,comuna 05,59,movimiento de integración y desarrollo,172,14324,8544,otro
2025,G,provisorio,DIP_CABA,CABA,5,comuna 05,60,movimiento de integración y desarrollo,201,17426,10563,otro
2025,G,provisorio,DIP_CABA,CABA,5,comuna 05,61,movimiento de integración y desarrollo,166,16442,10107,otro
2025,G,provisorio,DIP_CABA,CABA,5,comuna 05,62,movimiento de integración y desarrollo,134,11770,6780,otro
2025,G,provisorio,DIP_CABA,CABA,5,comuna 05,63,movimiento de integración y desarrollo,187,22766,12949,otro
2025,G,provisorio,DIP_CABA,CABA,5,comuna 05,64,movimiento de integración y desarrollo,208,25789,13669,otro
2025,G,provisorio,DIP_CABA,CABA,5,comuna 05,65,movimiento de integración y desarrollo,120,17044,8670,otro
2025,G,provisorio,DIP_CABA,CABA,5,comuna 05,66,movimiento de integración y desarrollo,115,15176,8657,otro
2025,G,provisorio,DIP_CABA,CABA,5,comuna 05,67,movimiento de integración y desarrollo,181,23365,13231,otro
2025,G,provisorio,DIP_CABA,CABA,6,comuna 06,68,movimiento de integración y desarrollo,174,22019,13406,otro
2025,G,provisorio,DIP_CABA,CABA,6,comuna 06,69,movimiento de integración y desarrollo,302,31181,19526,otro
2025,G,provisorio,DIP_CABA,CABA,6,comuna 06,70,movimiento de integración y desarrollo,283,29072,17461,otro
2025,G,provisorio,DIP_CABA,CABA,6,comuna 06,71,movimiento de integración y desarrollo,344,33919,21037,otro
2025,G,provisorio,DIP_CABA,CABA,6,comuna 06,72,movimiento de integración y desarrollo,155,14881,9130,otro
2025,G,provisorio,DIP_CABA,CABA,6,comuna 06,73,movimiento de integración y desarrollo,230,19449,12322,otro
2025,G,provisorio,DIP_CABA,CABA,6,comuna 06,74,movimiento de integración y desarrollo,216,26575,16675,otro
2025,G,provisorio,DIP_CABA,CABA,7,comuna 07,75,movimiento de integración y desarrollo,117,11210,7160,otro
2025,G,provisorio,DIP_CABA,CABA,7,comuna 07,76,movimiento de integración y desarrollo,210,18001,11467,otro
2025,G,provisorio,DIP_CABA,CABA,7,comuna 07,77,movimiento de integración y desarrollo,231,15468,9169,otro
2025,G,provisorio,DIP_CABA,CABA,7,comuna 07,78,movimiento de integración y desarrollo,120,13647,7411,otro
2025,G,provisorio,DIP_CABA,CABA,7,comuna 07,79,movimiento de integración y desarrollo,143,17377,7926,otro
2025,G,provisorio,DIP_CABA,CABA,7,comuna 07,80,movimiento de integración y desarrollo,162,15082,9261,otro
2025,G,provisorio,DIP_CABA,CABA,7,comuna 07,81,movimiento de integración y desarrollo,104,14671,8155,otro
2025,G,provisorio,DIP_CABA,CABA,7,comuna 07,82,movimiento de integración y desarrollo,179,17804,9600,otro
2025,G,provisorio,DIP_CABA,CABA,7,comuna 07,83,movimiento de integración y desarrollo,205,22788,13340,otro
2025,G,provisorio,DIP_CABA,CABA,7,comuna 07,84,movimiento de integración y desarrollo,144,12904,7688,otro
2025,G,provisorio,DIP_CABA,CABA,7,comuna 07,85,movimiento de integración y desarrollo,102,8404,5445,otro
2025,G,provisorio,DIP_CABA,CABA,7,comuna 07,86,movimiento de integración y desarrollo,339,57251,20217,otro
2025,G,provisorio,DIP_CABA,CABA,8,comuna 08,87,movimiento de integración y desarrollo,394,48702,21437,otro
2025,G,provisorio,DIP_CABA,CABA,8,comuna 08,88,movimiento de integración y desarrollo,215,17856,10430,otro
2025,G,provisorio,DIP_CABA,CABA,8,comuna 08,89,movimiento de integración y desarrollo,592,69053,31837,otro
2025,G,provisorio,DIP_CABA,CABA,8,comuna 08,90,movimiento de integración y desarrollo,540,66139,28468,otro
2025,G,provisorio,DIP_CABA,CABA,9,comuna 09,91,movimiento de integración y desarrollo,127,16358,6959,otro
2025,G,provisorio,DIP_CABA,CABA,9,comuna 09,92,movimiento de integración y desarrollo,213,17131,9187,otro
2025,G,provisorio,DIP_CABA,CABA,9,comuna 09,93,movimiento de integración y desarrollo,101,10006,5686,otro
2025,G,provisorio,DIP_CABA,CABA,9,comuna 09,94,movimiento de integración y desarrollo,170,12335,7211,otro
2025,G,provisorio,DIP_CABA,CABA,9,comuna 09,95,movimiento de integración y desarrollo,241,19872,11600,otro
2025,G,provisorio,DIP_CABA,CABA,9,comuna 09,96,movimiento de integración y desarrollo,178,15064,7938,otro
2025,G,provisorio,DIP_CABA,CABA,9,comuna 09,97,movimiento de integración y desarrollo,151,13514,7263,otro
2025,G,provisorio,DIP_CABA,CABA,9,comuna 09,98,movimiento de integración y desarrollo,324,23996,14341,otro
2025,G,provisorio,DIP_CABA,CABA,9,comuna 09,99,movimiento de integración y desarrollo,173,11808,7546,otro
2025,G,provisorio,DIP_CABA,CABA,9,comuna 09,100,movimiento de integración y desarrollo,203,15274,9774,otro
2025,G,provisorio,DIP_CABA,CABA,9,comuna 09,101,movimiento de integración y desarrollo,232,20333,10878,otro
2025,G,provisorio,DIP_CABA,CABA,10,comuna 10,102,movimiento de integración y desarrollo,206,13869,9045,otro
2025,G,provisorio,DIP_CABA,CABA,10,comuna 10,103,movimiento de integración y desarrollo,181,13314,8227,otro
2025,G,provisorio,DIP_CABA,CABA,10,comuna 10,104,movimiento de integración y desarrollo,232,13095,8452,otro
2025,G,provisorio,DIP_CABA,CABA,10,comuna 10,105,movimiento de integración y desarrollo,331,20263,12792,otro
2025,G,provisorio,DIP_CABA,CABA,10,comuna 10,106,movimiento de integración y desarrollo,182,12239,7734,otro
2025,G,provisorio,DIP_CABA,CABA,10,comuna 10,107,movimiento de integración y desarrollo,285,21296,13225,otro
2025,G,provisorio,DIP_CABA,CABA,10,comuna 10,108,movimiento de integración y desarrollo,195,13017,8181,otro
2025,G,provisorio,DIP_CABA,CABA,10,comuna 10,109,movimiento de integración y desarrollo,267,21713,12618,otro
2025,G,provisorio,DIP_CABA,CABA,10,comuna 10,110,movimiento de integración y desarrollo,127,10717,6703,otro
2025,G,provisorio,DIP_CABA,CABA,10,comuna 10,111,movimiento de integración y desarrollo,153,15847,7336,otro
2025,G,provisorio,DIP_CABA,CABA,10,comuna 10,112,movimiento de integración y desarrollo,114,10438,5449,otro
2025,G,provisorio,DIP_CABA,CABA,11,comuna 11,113,movimiento de integración y desarrollo,174,14377,8785,otro
2025,G,provisorio,DIP_CABA,CABA,11,comuna 11,114,movimiento de integración y desarrollo,279,19428,11722,otro
2025,G,provisorio,DIP_CABA,CABA,11,comuna 11,115,movimiento de integración y desarrollo,207,13809,8154,otro
2025,G,provisorio,DIP_CABA,CABA,11,comuna 11,116,movimiento de integración y desarrollo,263,19378,11815,otro
2025,G,provisorio,DIP_CABA,CABA,11,comuna 11,117,movimiento de integración y desarrollo,259,19769,12638,otro
2025,G,provisorio,DIP_CABA,CABA,11,comuna 11,118,movimiento de integración y desarrollo,165,15712,10030,otro
2025,G,provisorio,DIP_CABA,CABA,11,comuna 11,119,movimiento de integración y desarrollo,251,18859,12384,otro
2025,G,provisorio,DIP_CABA,CABA,11,comuna 11,120,movimiento de integración y desarrollo,254,20171,12954,otro
2025,G,provisorio,DIP_CABA,CABA,11,comuna 11,121,movimiento de integración y desarrollo,244,16169,10287,otro
2025,G,provisorio,DIP_CABA,CABA,11,comuna 11,122,movimiento de integración y desarrollo,126,14300,9205,otro
2025,G,provisorio,DIP_CABA,CABA,11,comuna 11,123,movimiento de integración y desarrollo,169,15251,9861,otro
2025,G,provisorio,DIP_CABA,CABA,12,comuna 12,124,movimiento de integración y desarrollo,221,17084,11292,otro
2025,G,provisorio,DIP_CABA,CABA,12,comuna 12,125,movimiento de integración y desarrollo,287,23239,14921,otro
2025,G,provisorio,DIP_CABA,CABA,12,comuna 12,126,movimiento de integración y desarrollo,246,19090,12260,otro
2025,G,provisorio,DIP_CABA,CABA,12,comuna 12,127,movimiento de integración y desarrollo,257,27118,17025,otro
2025,G,provisorio,DIP_CABA,CABA,12,comuna 12,128,movimiento de integración y desarrollo,268,22151,14004,otro
2025,G,provisorio,DIP_CABA,CABA,12,comuna 12,129,movimiento de integración y desarrollo,280,29370,18077,otro
2025,G,provisorio,DIP_CABA,CABA,12,comuna 12,130,movimiento de integración y desarrollo,197,19615,12171,otro
2025,G,provisorio,DIP_CABA,CABA,12,comuna 12,131,movimiento de integración y desarrollo,76,5958,3857,otro
2025,G,provisorio,DIP_CABA,CABA,12,comuna 12,132,movimiento de integración y desarrollo,253,22103,13378,otro
2025,G,provisorio,DIP_CABA,CABA,12,comuna 12,133,movimiento de integración y desarrollo,254,22112,13784,otro
2025,G,provisorio,DIP_CABA,CABA,13,comuna 13,134,movimiento de integración y desarrollo,68,9619,5523,otro
2025,G,provisorio,DIP_CABA,CABA,13,comuna 13,135,movimiento de integración y desarrollo,90,13442,7980,otro
2025,G,provisorio,DIP_CABA,CABA,13,comuna 13,136,movimiento de integración y desarrollo,147,16440,9806,otro
2025,G,provisorio,DIP_CABA,CABA,13,comuna 13,137,movimiento de integración y desarrollo,117,15554,9340,otro
2025,G,provisorio,DIP_CABA,CABA,13,comuna 13,138,movimiento de integración y desarrollo,234,32936,18911,otro
2025,G,provisorio,DIP_CABA,CABA,13,comuna 13,139,movimiento de integración y desarrollo,133,20589,11722,otro
2025,G,provisorio,DIP_CABA,CABA,13,comuna 13,140,movimiento de integración y desarrollo,64,10547,5560,otro
2025,G,provisorio,DIP_CABA,CABA,13,comuna 13,141,movimiento de integración y desarrollo,113,16421,9546,otro
2025,G,provisorio,DIP_CABA,CABA,13,comuna 13,142,movimiento de integración y desarrollo,142,27238,15606,otro
2025,G,provisorio,DIP_CABA,CABA,13,comuna 13,143,movimiento de integración y desarrollo,138,19838,11470,otro
2025,G,provisorio,DIP_CABA,CABA,13,comuna 13,144,movimiento de integración y desarrollo,46,8767,5296,otro
2025,G,provisorio,DIP_CABA,CABA,13,comuna 13,145,movimiento de integración y desarrollo,134,16405,10306,otro
2025,G,provisorio,DIP_CABA,CABA,13,comuna 13,146,movimiento de integración y desarrollo,94,12536,7552,otro
2025,G,provisorio,DIP_CABA,CABA,13,comuna 13,147,movimiento de integración y desarrollo,164,23117,12987,otro
2025,G,provisorio,DIP_CABA,CABA,14,comuna 14,148,movimiento de integración y desarrollo,167,25385,14238,otro
2025,G,provisorio,DIP_CABA,CABA,14,comuna 14,149,movimiento de integración y desarrollo,167,29262,15659,otro
2025,G,provisorio,DIP_CABA,CABA,14,comuna 14,150,movimiento de integración y desarrollo,42,14420,7686,otro
2025,G,provisorio,DIP_CABA,CABA,14,comuna 14,151,movimiento de integración y desarrollo,140,30540,15689,otro
2025,G,provisorio,DIP_CABA,CABA,14,comuna 14,152,movimiento de integración y desarrollo,92,22485,12142,otro
2025,G,provisorio,DIP_CABA,CABA,14,comuna 14,153,movimiento de integración y desarrollo,176,27011,14914,otro
2025,G,provisorio,DIP_CABA,CABA,14,comuna 14,154,movimiento de integración y desarrollo,194,32341,16658,otro
2025,G,provisorio,DIP_CABA,CABA,14,comuna 14,155,movimiento de integración y desarrollo,222,29556,15250,otro
2025,G,provisorio,DIP_CABA,CABA,14,comuna 14,156,movimiento de integración y desarrollo,69,11665,6146,otro
2025,G,provisorio,DIP_CABA,CABA,14,comuna 14,157,movimiento de integración y desarrollo,150,19454,10411,otro
2025,G,provisorio,DIP_CABA,CABA,15,comuna 15,158,movimiento de integración y desarrollo,196,22962,13096,otro
2025,G,provisorio,DIP_CABA,CABA,15,comuna 15,159,movimiento de integración y desarrollo,138,14495,8153,otro
2025,G,provisorio,DIP_CABA,CABA,15,comuna 15,160,movimiento de integración y desarrollo,232,26240,14714,otro
2025,G,provisorio,DIP_CABA,CABA,15,comuna 15,161,movimiento de integración y desarrollo,221,22469,13239,otro
2025,G,provisorio,DIP_CABA,CABA,15,comuna 15,162,movimiento de integración y desarrollo,240,19685,10418,otro
2025,G,provisorio,DIP_CABA,CABA,15,comuna 15,163,movimiento de integración y desarrollo,110,14547,7944,otro
2025,G,provisorio,DIP_CABA,CABA,15,comuna 15,164,movimiento de integración y desarrollo,122,15214,8096,otro
2025,G,provisorio,DIP_CABA,CABA,15,comuna 15,165,movimiento de integración y desarrollo,243,22141,13131,otro
2025,G,provisorio,DIP_CABA,CABA,15,comuna 15,166,movimiento de integración y desarrollo,219,17752,11362,otro
2025,G,provisorio,DIP_CABA,CABA,15,comuna 15,167,movimiento de integración y desarrollo,154,13635,8834,otro
2025,G,provisorio,DIP_CABA,CABA,1,comuna 01,1,nulo,1,12557,6398,neg
2025,G,provisorio,DIP_CABA,CABA,1,comuna 01,2,nulo,13,12110,5475,neg
2025,G,provisorio,DIP_CABA,CABA,1,comuna 01,3,nulo,3,3962,1989,neg
2025,G,provisorio,DIP_CABA,CABA,1,comuna 01,4,nulo,0,3143,1502,neg
2025,G,provisorio,DIP_CABA,CABA,1,comuna 01,5,nulo,14,31029,8859,neg
2025,G,provisorio,DIP_CABA,CABA,1,comuna 01,6,nulo,3,19270,8998,neg
2025,G,provisorio,DIP_CABA,CABA,1,comuna 01,7,nulo,1,9533,4737,neg
2025,G,provisorio,DIP_CABA,CABA,1,comuna 01,8,nulo,2,11664,4552,neg
2025,G,provisorio,DIP_CABA,CABA,1,comuna 01,9,nulo,10,17073,6090,neg
2025,G,provisorio,DIP_CABA,CABA,1,comuna 01,10,nulo,6,14181,6502,neg
2025,G,provisorio,DIP_CABA,CABA,1,comuna 01,11,nulo,8,17022,6867,neg
2025,G,provisorio,DIP_CABA,CABA,1,comuna 01,12,nulo,6,14241,6183,neg
2025,G,provisorio,DIP_CABA,CABA,1,comuna 01,13,nulo,7,15923,7257,neg
2025,G,provisorio,DIP_CABA,CABA,1,comuna 01,14,nulo,4,7319,2891,neg
2025,G,provisorio,DIP_CABA,CABA,1,comuna 01,15,nulo,9,10624,4535,neg
2025,G,provisorio,DIP_CABA,CABA,1,comuna 01,16,nulo,8,10385,4709,neg
2025,G,provisorio,DIP_CABA,CABA,1,comuna 01,17,nulo,11,15138,6549,neg
2025,G,provisorio,DIP_CABA,CABA,1,comuna 01,18,nulo,1,9466,3926,neg
2025,G,provisorio,DIP_CABA,CABA,1,comuna 01,19,nulo,4,15125,6064,neg
2025,G,provisorio,DIP_CABA,CABA,2,comuna 02,20,nulo,2,9021,4323,neg
2025,G,provisorio,DIP_CABA,CABA,2,comuna 02,21,nulo,8,15247,7823,neg
2025,G,provisorio,DIP_CABA,CABA,2,comuna 02,22,nulo,2,17590,9476,neg
2025,G,provisorio,DIP_CABA,CABA,2,comuna 02,23,nulo,8,22530,11985,neg
2025,G,provisorio,DIP_CABA,CABA,2,comuna 02,24,nulo,3,14506,8002,neg
2025,G,provisorio,DIP_CABA,CABA,2,comuna 02,25,nulo,4,14754,7685,neg
2025,G,provisorio,DIP_CABA,CABA,2,comuna 02,26,nulo,5,18701,9906,neg
2025,G,provisorio,DIP_CABA,CABA,2,comuna 02,27,nulo,6,14752,7373,neg
2025,G,provisorio,DIP_CABA,CABA,2,comuna 02,28,nulo,3,21136,10954,neg
2025,G,provisorio,DIP_CABA,CABA,2,comuna 02,29,nulo,4,13637,7285,neg
2025,G,provisorio,DIP_CABA,CABA,3,comuna 03,30,nulo,13,15092,6373,neg
2025,G,provisorio,DIP_CABA,CABA,3,comuna 03,31,nulo,9,18180,7289,neg
2025,G,provisorio,DIP_CABA,CABA,3,comuna 03,32,nulo,9,14599,6519,neg
2025,G,provisorio,DIP_CABA,CABA,3,comuna 03,33,nulo,18,14067,5487,neg
2025,G,provisorio,DIP_CABA,CABA,3,comuna 03,34,nulo,11,19917,8457,neg
2025,G,provisorio,DIP_CABA,CABA,3,comuna 03,35,nulo,8,16245,7703,neg
2025,G,provisorio,DIP_CABA,CABA,3,comuna 03,36,nulo,4,10505,5190,neg
2025,G,provisorio,DIP_CABA,CABA,3,comuna 03,37,nulo,10,13496,6609,neg
2025,G,provisorio,DIP_CABA,CABA,3,comuna 03,38,nulo,10,15350,7532,neg
2025,G,provisorio,DIP_CABA,CABA,3,comuna 03,39,nulo,8,15614,7792,neg
2025,G,provisorio,DIP_CABA,CABA,3,comuna 03,40,nulo,6,10929,6418,neg
2025,G,provisorio,DIP_CABA,CABA,3,comuna 03,41,nulo,8,21815,11478,neg
2025,G,provisorio,DIP_CABA,CABA,3,comuna 03,42,nulo,10,18525,9518,neg
2025,G,provisorio,DIP_CABA,CABA,4,comuna 04,43,nulo,6,13659,8042,neg
2025,G,provisorio,DIP_CABA,CABA,4,comuna 04,44,nulo,6,10358,6082,neg
2025,G,provisorio,DIP_CABA,CABA,4,comuna 04,45,nulo,10,8755,4516,neg
2025,G,provisorio,DIP_CABA,CABA,4,comuna 04,46,nulo,7,8419,4106,neg
2025,G,provisorio,DIP_CABA,CABA,4,comuna 04,47,nulo,8,37329,11026,neg
2025,G,provisorio,DIP_CABA,CABA,4,comuna 04,48,nulo,7,15552,8076,neg
2025,G,provisorio,DIP_CABA,CABA,4,comuna 04,49,nulo,18,13436,7193,neg
2025,G,provisorio,DIP_CABA,CABA,4,comuna 04,50,nulo,6,15226,8786,neg
2025,G,provisorio,DIP_CABA,CABA,4,comuna 04,51,nulo,4,10813,6480,neg
2025,G,provisorio,DIP_CABA,CABA,4,comuna 04,52,nulo,10,13957,6544,neg
2025,G,provisorio,DIP_CABA,CABA,4,comuna 04,53,nulo,9,17072,7819,neg
2025,G,provisorio,DIP_CABA,CABA,4,comuna 04,54,nulo,5,17890,9570,neg
2025,G,provisorio,DIP_CABA,CABA,4,comuna 04,55,nulo,19,12094,6057,neg
2025,G,provisorio,DIP_CABA,CABA,4,comuna 04,56,nulo,3,11838,5982,neg
2025,G,provisorio,DIP_CABA,CABA,4,comuna 04,57,nulo,7,23039,12121,neg
2025,G,provisorio,DIP_CABA,CABA,5,comuna 05,58,nulo,10,16081,9511,neg
2025,G,provisorio,DIP_CABA,CABA,5,comuna 05,59,nulo,10,14324,8544,neg
2025,G,provisorio,DIP_CABA,CABA,5,comuna 05,60,nulo,11,17426,10563,neg
2025,G,provisorio,DIP_CABA,CABA,5,comuna 05,61,nulo,7,16442,10107,neg
2025,G,provisorio,DIP_CABA,CABA,5,comuna 05,62,nulo,3,11770,6780,neg
2025,G,provisorio,DIP_CABA,CABA,5,comuna 05,63,nulo,12,22766,12949,neg
2025,G,provisorio,DIP_CABA,CABA,5,comuna 05,64,nulo,11,25789,13669,neg
2025,G,provisorio,DIP_CABA,CABA,5,comuna 05,65,nulo,11,17044,8670,neg
2025,G,provisorio,DIP_CABA,CABA,5,comuna 05,66,nulo,4,15176,8657,neg
2025,G,provisorio,DIP_CABA,CABA,5,comuna 05,67,nulo,10,23365,13231,neg
2025,G,provisorio,DIP_CABA,CABA,6,comuna 06,68,nulo,10,22019,13406,neg
2025,G,provisorio,DIP_CABA,CABA,6,comuna 06,69,nulo,17,31181,19526,neg
2025,G,provisorio,DIP_CABA,CABA,6,comuna 06,70,nulo,19,29072,17461,neg
2025,G,provisorio,DIP_CABA,CABA,6,comuna 06,71,nulo,9,33919,21037,neg
2025,G,provisorio,DIP_CABA,CABA,6,comuna 06,72,nulo,8,14881,9130,neg
2025,G,provisorio,DIP_CABA,CABA,6,comuna 06,73,nulo,6,19449,12322,neg
2025,G,provisorio,DIP_CABA,CABA,6,comuna 06,74,nulo,22,26575,16675,neg
2025,G,provisorio,DIP_CABA,CABA,7,comuna 07,75,nulo,14,11210,7160,neg
2025,G,provisorio,DIP_CABA,CABA,7,comuna 07,76,nulo,8,18001,11467,neg
2025,G,provisorio,DIP_CABA,CABA,7,comuna 07,77,nulo,9,15468,9169,neg
2025,G,provisorio,DIP_CABA,CABA,7,comuna 07,78,nulo,5,13647,7411,neg
2025,G,provisorio,DIP_CABA,CABA,7,comuna 07,79,nulo,8,17377,7926,neg
2025,G,provisorio,DIP_CABA,CABA,7,comuna 07,80,nulo,0,15082,9261,neg
2025,G,provisorio,DIP_CABA,CABA,7,comuna 07,81,nulo,7,14671,8155,neg
2025,G,provisorio,DIP_CABA,CABA,7,comuna 07,82,nulo,9,17804,9600,neg
2025,G,provisorio,DIP_CABA,CABA,7,comuna 07,83,nulo,9,22788,13340,neg
2025,G,provisorio,DIP_CABA,CABA,7,comuna 07,84,nulo,4,12904,7688,neg
2025,G,provisorio,DIP_CABA,CABA,7,comuna 07,85,nulo,6,8404,5445,neg
2025,G,provisorio,DIP_CABA,CABA,7,comuna 07,86,nulo,31,57251,20217,neg
2025,G,provisorio,DIP_CABA,CABA,8,comuna 08,87,nulo,51,48702,21437,neg
2025,G,provisorio,DIP_CABA,CABA,8,comuna 08,88,nulo,13,17856,10430,neg
2025,G,provisorio,DIP_CABA,CABA,8,comuna 08,89,nulo,25,69053,31837,neg
2025,G,provisorio,DIP_CABA,CABA,8,comuna 08,90,nulo,35,66139,28468,neg
2025,G,provisorio,DIP_CABA,CABA,9,comuna 09,91,nulo,9,16358,6959,neg
2025,G,provisorio,DIP_CABA,CABA,9,comuna 09,92,nulo,11,17131,9187,neg
2025,G,provisorio,DIP_CABA,CABA,9,comuna 09,93,nulo,4,10006,5686,neg
2025,G,provisorio,DIP_CABA,CABA,9,comuna 09,94,nulo,7,12335,7211,neg
2025,G,provisorio,DIP_CABA,CABA,9,comuna 09,95,nulo,10,19872,11600,neg
2025,G,provisorio,DIP_CABA,CABA,9,comuna 09,96,nulo,23,15064,7938,neg
2025,G,provisorio,DIP_CABA,CABA,9,comuna 09,97,nulo,6,13514,7263,neg
2025,G,provisorio,DIP_CABA,CABA,9,comuna 09,98,nulo,12,23996,14341,neg
2025,G,provisorio,DIP_CABA,CABA,9,comuna 09,99,nulo,4,11808,7546,neg
2025,G,provisorio,DIP_CABA,CABA,9,comuna 09,100,nulo,4,15274,9774,neg
2025,G,provisorio,DIP_CABA,CABA,9,comuna 09,101,nulo,6,20333,10878,neg
2025,G,provisorio,DIP_CABA,CABA,10,comuna 10,102,nulo,8,13869,9045,neg
2025,G,provisorio,DIP_CABA,CABA,10,comuna 10,103,nulo,9,13314,8227,neg
2025,G,provisorio,DIP_CABA,CABA,10,comuna 10,104,nulo,13,13095,8452,neg
2025,G,provisorio,DIP_CABA,CABA,10,comuna 10,105,nulo,10,20263,12792,neg
2025,G,provisorio,DIP_CABA,CABA,10,comuna 10,106,nulo,14,12239,7734,neg
2025,G,provisorio,DIP_CABA,CABA,10,comuna 10,107,nulo,12,21296,13225,neg
2025,G,provisorio,DIP_CABA,CABA,10,comuna 10,108,nulo,10,13017,8181,neg
2025,G,provisorio,DIP_CABA,CABA,10,comuna 10,109,nulo,12,21713,12618,neg
2025,G,provisorio,DIP_CABA,CABA,10,comuna 10,110,nulo,5,10717,6703,neg
2025,G,provisorio,DIP_CABA,CABA,10,comuna 10,111,nulo,9,15847,7336,neg
2025,G,provisorio,DIP_CABA,CABA,10,comuna 10,112,nulo,4,10438,5449,neg
2025,G,provisorio,DIP_CABA,CABA,11,comuna 11,113,nulo,13,14377,8785,neg
2025,G,provisorio,DIP_CABA,CABA,11,comuna 11,114,nulo,19,19428,11722,neg
2025,G,provisorio,DIP_CABA,CABA,11,comuna 11,115,nulo,11,13809,8154,neg
2025,G,provisorio,DIP_CABA,CABA,11,comuna 11,116,nulo,8,19378,11815,neg
2025,G,provisorio,DIP_CABA,CABA,11,comuna 11,117,nulo,7,19769,12638,neg
2025,G,provisorio,DIP_CABA,CABA,11,comuna 11,118,nulo,4,15712,10030,neg
2025,G,provisorio,DIP_CABA,CABA,11,comuna 11,119,nulo,9,18859,12384,neg
2025,G,provisorio,DIP_CABA,CABA,11,comuna 11,120,nulo,11,20171,12954,neg
2025,G,provisorio,DIP_CABA,CABA,11,comuna 11,121,nulo,13,16169,10287,neg
2025,G,provisorio,DIP_CABA,CABA,11,comuna 11,122,nulo,8,14300,9205,neg
2025,G,provisorio,DIP_CABA,CABA,11,comuna 11,123,nulo,6,15251,9861,neg
2025,G,provisorio,DIP_CABA,CABA,12,comuna 12,124,nulo,7,17084,11292,neg
2025,G,provisorio,DIP_CABA,CABA,12,comuna 12,125,nulo,13,23239,14921,neg
2025,G,provisorio,DIP_CABA,CABA,12,comuna 12,126,nulo,19,19090,12260,neg
2025,G,provisorio,DIP_CABA,CABA,12,comuna 12,127,nulo,11,27118,17025,neg
2025,G,provisorio,DIP_CABA,CABA,12,comuna 12,128,nulo,11,22151,14004,neg
2025,G,provisorio,DIP_CABA,CABA,12,comuna 12,129,nulo,18,29370,18077,neg
2025,G,provisorio,DIP_CABA,CABA,12,comuna 12,130,nulo,11,19615,12171,neg
2025,G,provisorio,DIP_CABA,CABA,12,comuna 12,131,nulo,6,5958,3857,neg
2025,G,provisorio,DIP_CABA,CABA,12,comuna 12,132,nulo,8,22103,13378,neg
2025,G,provisorio,DIP_CABA,CABA,12,comuna 12,133,nulo,7,22112,13784,neg
2025,G,provisorio,DIP_CABA,CABA,13,comuna 13,134,nulo,0,9619,5523,neg
2025,G,provisorio,DIP_CABA,CABA,13,comuna 13,135,nulo,4,13442,7980,neg
2025,G,provisorio,DIP_CABA,CABA,13,comuna 13,136,nulo,3,16440,9806,neg
2025,G,provisorio,DIP_CABA,CABA,13,comuna 13,137,nulo,6,15554,9340,neg
2025,G,provisorio,DIP_CABA,CABA,13,comuna 13,138,nulo,20,32936,18911,neg
2025,G,provisorio,DIP_CABA,CABA,13,comuna 13,139,nulo,2,20589,11722,neg
2025,G,provisorio,DIP_CABA,CABA,13,comuna 13,140,nulo,5,10547,5560,neg
2025,G,provisorio,DIP_CABA,CABA,13,comuna 13,141,nulo,2,16421,9546,neg
2025,G,provisorio,DIP_CABA,CABA,13,comuna 13,142,nulo,6,27238,15606,neg
2025,G,provisorio,DIP_CABA,CABA,13,comuna 13,143,nulo,10,19838,11470,neg
2025,G,provisorio,DIP_CABA,CABA,13,comuna 13,144,nulo,4,8767,5296,neg
2025,G,provisorio,DIP_CABA,CABA,13,comuna 13,145,nulo,8,16405,10306,neg
2025,G,provisorio,DIP_CABA,CABA,13,comuna 13,146,nulo,7,12536,7552,neg
2025,G,provisorio,DIP_CABA,CABA,13,comuna 13,147,nulo,9,23117,12987,neg
2025,G,provisorio,DIP_CABA,CABA,14,comuna 14,148,nulo,9,25385,14238,neg
2025,G,provisorio,DIP_CABA,CABA,14,comuna 14,149,nulo,5,29262,15659,neg
2025,G,provisorio,DIP_CABA,CABA,14,comuna 14,150,nulo,1,14420,7686,neg
2025,G,provisorio,DIP_CABA,CABA,14,comuna 14,151,nulo,5,30540,15689,neg
2025,G,provisorio,DIP_CABA,CABA,14,comuna 14,152,nulo,10,22485,12142,neg
2025,G,provisorio,DIP_CABA,CABA,14,comuna 14,153,nulo,9,27011,14914,neg
2025,G,provisorio,DIP_CABA,CABA,14,comuna 14,154,nulo,14,32341,16658,neg
2025,G,provisorio,DIP_CABA,CABA,14,comuna 14,155,nulo,10,29556,15250,neg
2025,G,provisorio,DIP_CABA,CABA,14,comuna 14,156,nulo,8,11665,6146,neg
2025,G,provisorio,DIP_CABA,CABA,14,comuna 14,157,nulo,7,19454,10411,neg
2025,G,provisorio,DIP_CABA,CABA,15,comuna 15,158,nulo,7,22962,13096,neg
2025,G,provisorio,DIP_CABA,CABA,15,comuna 15,159,nulo,4,14495,8153,neg
2025,G,provisorio,DIP_CABA,CABA,15,comuna 15,160,nulo,9,26240,14714,neg
2025,G,provisorio,DIP_CABA,CABA,15,comuna 15,161,nulo,10,22469,13239,neg
2025,G,provisorio,DIP_CABA,CABA,15,comuna 15,162,nulo,8,19685,10418,neg
2025,G,provisorio,DIP_CABA,CABA,15,comuna 15,163,nulo,5,14547,7944,neg
2025,G,provisorio,DIP_CABA,CABA,15,comuna 15,164,nulo,14,15214,8096,neg
2025,G,provisorio,DIP_CABA,CABA,15,comuna 15,165,nulo,11,22141,13131,neg
2025,G,provisorio,DIP_CABA,CABA,15,comuna 15,166,nulo,7,17752,11362,neg
2025,G,provisorio,DIP_CABA,CABA,15,comuna 15,167,nulo,7,13635,8834,neg
2025,G,provisorio,DIP_CABA,CABA,1,comuna 01,1,principios y valores,131,12557,6398,otro
2025,G,provisorio,DIP_CABA,CABA,1,comuna 01,2,principios y valores,124,12110,5475,otro
2025,G,provisorio,DIP_CABA,CABA,1,comuna 01,3,principios y valores,17,3962,1989,otro
2025,G,provisorio,DIP_CABA,CABA,1,comuna 01,4,principios y valores,10,3143,1502,otro
2025,G,provisorio,DIP_CABA,CABA,1,comuna 01,5,principios y valores,139,31029,8859,otro
2025,G,provisorio,DIP_CABA,CABA,1,comuna 01,6,principios y valores,61,19270,8998,otro
2025,G,provisorio,DIP_CABA,CABA,1,comuna 01,7,principios y valores,47,9533,4737,otro
2025,G,provisorio,DIP_CABA,CABA,1,comuna 01,8,principios y valores,65,11664,4552,otro
2025,G,provisorio,DIP_CABA,CABA,1,comuna 01,9,principios y valores,84,17073,6090,otro
2025,G,provisorio,DIP_CABA,CABA,1,comuna 01,10,principios y valores,96,14181,6502,otro
2025,G,provisorio,DIP_CABA,CABA,1,comuna 01,11,principios y valores,168,17022,6867,otro
2025,G,provisorio,DIP_CABA,CABA,1,comuna 01,12,principios y valores,133,14241,6183,otro
2025,G,provisorio,DIP_CABA,CABA,1,comuna 01,13,principios y valores,156,15923,7257,otro
2025,G,provisorio,DIP_CABA,CABA,1,comuna 01,14,principios y valores,68,7319,2891,otro
2025,G,provisorio,DIP_CABA,CABA,1,comuna 01,15,principios y valores,112,10624,4535,otro
2025,G,provisorio,DIP_CABA,CABA,1,comuna 01,16,principios y valores,114,10385,4709,otro
2025,G,provisorio,DIP_CABA,CABA,1,comuna 01,17,principios y valores,167,15138,6549,otro
2025,G,provisorio,DIP_CABA,CABA,1,comuna 01,18,principios y valores,80,9466,3926,otro
2025,G,provisorio,DIP_CABA,CABA,1,comuna 01,19,principios y valores,129,15125,6064,otro
2025,G,provisorio,DIP_CABA,CABA,2,comuna 02,20,principios y valores,38,9021,4323,otro
2025,G,provisorio,DIP_CABA,CABA,2,comuna 02,21,principios y valores,56,15247,7823,otro
2025,G,provisorio,DIP_CABA,CABA,2,comuna 02,22,principios y valores,95,17590,9476,otro
2025,G,provisorio,DIP_CABA,CABA,2,comuna 02,23,principios y valores,129,22530,11985,otro
2025,G,provisorio,DIP_CABA,CABA,2,comuna 02,24,principios y valores,79,14506,8002,otro
2025,G,provisorio,DIP_CABA,CABA,2,comuna 02,25,principios y valores,64,14754,7685,otro
2025,G,provisorio,DIP_CABA,CABA,2,comuna 02,26,principios y valores,104,18701,9906,otro
2025,G,provisorio,DIP_CABA,CABA,2,comuna 02,27,principios y valores,91,14752,7373,otro
2025,G,provisorio,DIP_CABA,CABA,2,comuna 02,28,principios y valores,162,21136,10954,otro
2025,G,provisorio,DIP_CABA,CABA,2,comuna 02,29,principios y valores,109,13637,7285,otro
2025,G,provisorio,DIP_CABA,CABA,3,comuna 03,30,principios y valores,118,15092,6373,otro
2025,G,provisorio,DIP_CABA,CABA,3,comuna 03,31,principios y valores,169,18180,7289,otro
2025,G,provisorio,DIP_CABA,CABA,3,comuna 03,32,principios y valores,140,14599,6519,otro
2025,G,provisorio,DIP_CABA,CABA,3,comuna 03,33,principios y valores,111,14067,5487,otro
2025,G,provisorio,DIP_CABA,CABA,3,comuna 03,34,principios y valores,212,19917,8457,otro
2025,G,provisorio,DIP_CABA,CABA,3,comuna 03,35,principios y valores,195,16245,7703,otro
2025,G,provisorio,DIP_CABA,CABA,3,comuna 03,36,principios y valores,134,10505,5190,otro
2025,G,provisorio,DIP_CABA,CABA,3,comuna 03,37,principios y valores,193,13496,6609,otro
2025,G,provisorio,DIP_CABA,CABA,3,comuna 03,38,principios y valores,199,15350,7532,otro
2025,G,provisorio,DIP_CABA,CABA,3,comuna 03,39,principios y valores,174,15614,7792,otro
2025,G,provisorio,DIP_CABA,CABA,3,comuna 03,40,principios y valores,132,10929,6418,otro
2025,G,provisorio,DIP_CABA,CABA,3,comuna 03,41,principios y valores,315,21815,11478,otro
2025,G,provisorio,DIP_CABA,CABA,3,comuna 03,42,principios y valores,217,18525,9518,otro
2025,G,provisorio,DIP_CABA,CABA,4,comuna 04,43,principios y valores,245,13659,8042,otro
2025,G,provisorio,DIP_CABA,CABA,4,comuna 04,44,principios y valores,155,10358,6082,otro
2025,G,provisorio,DIP_CABA,CABA,4,comuna 04,45,principios y valores,131,8755,4516,otro
2025,G,provisorio,DIP_CABA,CABA,4,comuna 04,46,principios y valores,116,8419,4106,otro
2025,G,provisorio,DIP_CABA,CABA,4,comuna 04,47,principios y valores,252,37329,11026,otro
2025,G,provisorio,DIP_CABA,CABA,4,comuna 04,48,principios y valores,142,15552,8076,otro
2025,G,provisorio,DIP_CABA,CABA,4,comuna 04,49,principios y valores,181,13436,7193,otro
2025,G,provisorio,DIP_CABA,CABA,4,comuna 04,50,principios y valores,139,15226,8786,otro
2025,G,provisorio,DIP_CABA,CABA,4,comuna 04,51,principios y valores,114,10813,6480,otro
2025,G,provisorio,DIP_CABA,CABA,4,comuna 04,52,principios y valores,169,13957,6544,otro
2025,G,provisorio,DIP_CABA,CABA,4,comuna 04,53,principios y valores,226,17072,7819,otro
2025,G,provisorio,DIP_CABA,CABA,4,comuna 04,54,principios y valores,232,17890,9570,otro
2025,G,provisorio,DIP_CABA,CABA,4,comuna 04,55,principios y valores,183,12094,6057,otro
2025,G,provisorio,DIP_CABA,CABA,4,comuna 04,56,principios y valores,192,11838,5982,otro
2025,G,provisorio,DIP_CABA,CABA,4,comuna 04,57,principios y valores,367,23039,12121,otro
2025,G,provisorio,DIP_CABA,CABA,5,comuna 05,58,principios y valores,248,16081,9511,otro
2025,G,provisorio,DIP_CABA,CABA,5,comuna 05,59,principios y valores,224,14324,8544,otro
2025,G,provisorio,DIP_CABA,CABA,5,comuna 05,60,principios y valores,256,17426,10563,otro
2025,G,provisorio,DIP_CABA,CABA,5,comuna 05,61,principios y valores,204,16442,10107,otro
2025,G,provisorio,DIP_CABA,CABA,5,comuna 05,62,principios y valores,151,11770,6780,otro
2025,G,provisorio,DIP_CABA,CABA,5,comuna 05,63,principios y valores,253,22766,12949,otro
2025,G,provisorio,DIP_CABA,CABA,5,comuna 05,64,principios y valores,292,25789,13669,otro
2025,G,provisorio,DIP_CABA,CABA,5,comuna 05,65,principios y valores,158,17044,8670,otro
2025,G,provisorio,DIP_CABA,CABA,5,comuna 05,66,principios y valores,150,15176,8657,otro
2025,G,provisorio,DIP_CABA,CABA,5,comuna 05,67,principios y valores,258,23365,13231,otro
2025,G,provisorio,DIP_CABA,CABA,6,comuna 06,68,principios y valores,240,22019,13406,otro
2025,G,provisorio,DIP_CABA,CABA,6,comuna 06,69,principios y valores,369,31181,19526,otro
2025,G,provisorio,DIP_CABA,CABA,6,comuna 06,70,principios y valores,309,29072,17461,otro
2025,G,provisorio,DIP_CABA,CABA,6,comuna 06,71,principios y valores,383,33919,21037,otro
2025,G,provisorio,DIP_CABA,CABA,6,comuna 06,72,principios y valores,180,14881,9130,otro
2025,G,provisorio,DIP_CABA,CABA,6,comuna 06,73,principios y valores,221,19449,12322,otro
2025,G,provisorio,DIP_CABA,CABA,6,comuna 06,74,principios y valores,288,26575,16675,otro
2025,G,provisorio,DIP_CABA,CABA,7,comuna 07,75,principios y valores,152,11210,7160,otro
2025,G,provisorio,DIP_CABA,CABA,7,comuna 07,76,principios y valores,278,18001,11467,otro
2025,G,provisorio,DIP_CABA,CABA,7,comuna 07,77,principios y valores,286,15468,9169,otro
2025,G,provisorio,DIP_CABA,CABA,7,comuna 07,78,principios y valores,243,13647,7411,otro
2025,G,provisorio,DIP_CABA,CABA,7,comuna 07,79,principios y valores,209,17377,7926,otro
2025,G,provisorio,DIP_CABA,CABA,7,comuna 07,80,principios y valores,191,15082,9261,otro
2025,G,provisorio,DIP_CABA,CABA,7,comuna 07,81,principios y valores,174,14671,8155,otro
2025,G,provisorio,DIP_CABA,CABA,7,comuna 07,82,principios y valores,238,17804,9600,otro
2025,G,provisorio,DIP_CABA,CABA,7,comuna 07,83,principios y valores,229,22788,13340,otro
2025,G,provisorio,DIP_CABA,CABA,7,comuna 07,84,principios y valores,202,12904,7688,otro
2025,G,provisorio,DIP_CABA,CABA,7,comuna 07,85,principios y valores,137,8404,5445,otro
2025,G,provisorio,DIP_CABA,CABA,7,comuna 07,86,principios y valores,841,57251,20217,otro
2025,G,provisorio,DIP_CABA,CABA,8,comuna 08,87,principios y valores,741,48702,21437,otro
2025,G,provisorio,DIP_CABA,CABA,8,comuna 08,88,principios y valores,235,17856,10430,otro
2025,G,provisorio,DIP_CABA,CABA,8,comuna 08,89,principios y valores,890,69053,31837,otro
2025,G,provisorio,DIP_CABA,CABA,8,comuna 08,90,principios y valores,812,66139,28468,otro
2025,G,provisorio,DIP_CABA,CABA,9,comuna 09,91,principios y valores,277,16358,6959,otro
2025,G,provisorio,DIP_CABA,CABA,9,comuna 09,92,principios y valores,264,17131,9187,otro
2025,G,provisorio,DIP_CABA,CABA,9,comuna 09,93,principios y valores,185,10006,5686,otro
2025,G,provisorio,DIP_CABA,CABA,9,comuna 09,94,principios y valores,197,12335,7211,otro
2025,G,provisorio,DIP_CABA,CABA,9,comuna 09,95,principios y valores,304,19872,11600,otro
2025,G,provisorio,DIP_CABA,CABA,9,comuna 09,96,principios y valores,246,15064,7938,otro
2025,G,provisorio,DIP_CABA,CABA,9,comuna 09,97,principios y valores,200,13514,7263,otro
2025,G,provisorio,DIP_CABA,CABA,9,comuna 09,98,principios y valores,355,23996,14341,otro
2025,G,provisorio,DIP_CABA,CABA,9,comuna 09,99,principios y valores,165,11808,7546,otro
2025,G,provisorio,DIP_CABA,CABA,9,comuna 09,100,principios y valores,237,15274,9774,otro
2025,G,provisorio,DIP_CABA,CABA,9,comuna 09,101,principios y valores,271,20333,10878,otro
2025,G,provisorio,DIP_CABA,CABA,10,comuna 10,102,principios y valores,165,13869,9045,otro
2025,G,provisorio,DIP_CABA,CABA,10,comuna 10,103,principios y valores,175,13314,8227,otro
2025,G,provisorio,DIP_CABA,CABA,10,comuna 10,104,principios y valores,169,13095,8452,otro
2025,G,provisorio,DIP_CABA,CABA,10,comuna 10,105,principios y valores,292,20263,12792,otro
2025,G,provisorio,DIP_CABA,CABA,10,comuna 10,106,principios y valores,186,12239,7734,otro
2025,G,provisorio,DIP_CABA,CABA,10,comuna 10,107,principios y valores,308,21296,13225,otro
2025,G,provisorio,DIP_CABA,CABA,10,comuna 10,108,principios y valores,215,13017,8181,otro
2025,G,provisorio,DIP_CABA,CABA,10,comuna 10,109,principios y valores,301,21713,12618,otro
2025,G,provisorio,DIP_CABA,CABA,10,comuna 10,110,principios y valores,152,10717,6703,otro
2025,G,provisorio,DIP_CABA,CABA,10,comuna 10,111,principios y valores,223,15847,7336,otro
2025,G,provisorio,DIP_CABA,CABA,10,comuna 10,112,principios y valores,164,10438,5449,otro
2025,G,provisorio,DIP_CABA,CABA,11,comuna 11,113,principios y valores,196,14377,8785,otro
2025,G,provisorio,DIP_CABA,CABA,11,comuna 11,114,principios y valores,242,19428,11722,otro
2025,G,provisorio,DIP_CABA,CABA,11,comuna 11,115,principios y valores,194,13809,8154,otro
2025,G,provisorio,DIP_CABA,CABA,11,comuna 11,116,principios y valores,260,19378,11815,otro
2025,G,provisorio,DIP_CABA,CABA,11,comuna 11,117,principios y valores,241,19769,12638,otro
2025,G,provisorio,DIP_CABA,CABA,11,comuna 11,118,principios y valores,157,15712,10030,otro
2025,G,provisorio,DIP_CABA,CABA,11,comuna 11,119,principios y valores,215,18859,12384,otro
2025,G,provisorio,DIP_CABA,CABA,11,comuna 11,120,principios y valores,198,20171,12954,otro
2025,G,provisorio,DIP_CABA,CABA,11,comuna 11,121,principios y valores,220,16169,10287,otro
2025,G,provisorio,DIP_CABA,CABA,11,comuna 11,122,principios y valores,112,14300,9205,otro
2025,G,provisorio,DIP_CABA,CABA,11,comuna 11,123,principios y valores,176,15251,9861,otro
2025,G,provisorio,DIP_CABA,CABA,12,comuna 12,124,principios y valores,231,17084,11292,otro
2025,G,provisorio,DIP_CABA,CABA,12,comuna 12,125,principios y valores,289,23239,14921,otro
2025,G,provisorio,DIP_CABA,CABA,12,comuna 12,126,principios y valores,269,19090,12260,otro
2025,G,provisorio,DIP_CABA,CABA,12,comuna 12,127,principios y valores,285,27118,17025,otro
2025,G,provisorio,DIP_CABA,CABA,12,comuna 12,128,principios y valores,251,22151,14004,otro
2025,G,provisorio,DIP_CABA,CABA,12,comuna 12,129,principios y valores,320,29370,18077,otro
2025,G,provisorio,DIP_CABA,CABA,12,comuna 12,130,principios y valores,195,19615,12171,otro
2025,G,provisorio,DIP_CABA,CABA,12,comuna 12,131,principios y valores,81,5958,3857,otro
2025,G,provisorio,DIP_CABA,CABA,12,comuna 12,132,principios y valores,286,22103,13378,otro
2025,G,provisorio,DIP_CABA,CABA,12,comuna 12,133,principios y valores,231,22112,13784,otro
2025,G,provisorio,DIP_CABA,CABA,13,comuna 13,134,principios y valores,93,9619,5523,otro
2025,G,provisorio,DIP_CABA,CABA,13,comuna 13,135,principios y valores,106,13442,7980,otro
2025,G,provisorio,DIP_CABA,CABA,13,comuna 13,136,principios y valores,149,16440,9806,otro
2025,G,provisorio,DIP_CABA,CABA,13,comuna 13,137,principios y valores,128,15554,9340,otro
2025,G,provisorio,DIP_CABA,CABA,13,comuna 13,138,principios y valores,244,32936,18911,otro
2025,G,provisorio,DIP_CABA,CABA,13,comuna 13,139,principios y valores,160,20589,11722,otro
2025,G,provisorio,DIP_CABA,CABA,13,comuna 13,140,principios y valores,80,10547,5560,otro
2025,G,provisorio,DIP_CABA,CABA,13,comuna 13,141,principios y valores,107,16421,9546,otro
2025,G,provisorio,DIP_CABA,CABA,13,comuna 13,142,principios y valores,112,27238,15606,otro
2025,G,provisorio,DIP_CABA,CABA,13,comuna 13,143,principios y valores,151,19838,11470,otro
2025,G,provisorio,DIP_CABA,CABA,13,comuna 13,144,principios y valores,73,8767,5296,otro
2025,G,provisorio,DIP_CABA,CABA,13,comuna 13,145,principios y valores,168,16405,10306,otro
2025,G,provisorio,DIP_CABA,CABA,13,comuna 13,146,principios y valores,120,12536,7552,otro
2025,G,provisorio,DIP_CABA,CABA,13,comuna 13,147,principios y valores,167,23117,12987,otro
2025,G,provisorio,DIP_CABA,CABA,14,comuna 14,148,principios y valores,149,25385,14238,otro
2025,G,provisorio,DIP_CABA,CABA,14,comuna 14,149,principios y valores,155,29262,15659,otro
2025,G,provisorio,DIP_CABA,CABA,14,comuna 14,150,principios y valores,49,14420,7686,otro
2025,G,provisorio,DIP_CABA,CABA,14,comuna 14,151,principios y valores,121,30540,15689,otro
2025,G,provisorio,DIP_CABA,CABA,14,comuna 14,152,principios y valores,95,22485,12142,otro
2025,G,provisorio,DIP_CABA,CABA,14,comuna 14,153,principios y valores,187,27011,14914,otro
2025,G,provisorio,DIP_CABA,CABA,14,comuna 14,154,principios y valores,244,32341,16658,otro
2025,G,provisorio,DIP_CABA,CABA,14,comuna 14,155,principios y valores,228,29556,15250,otro
2025,G,provisorio,DIP_CABA,CABA,14,comuna 14,156,principios y valores,101,11665,6146,otro
2025,G,provisorio,DIP_CABA,CABA,14,comuna 14,157,principios y valores,200,19454,10411,otro
2025,G,provisorio,DIP_CABA,CABA,15,comuna 15,158,principios y valores,268,22962,13096,otro
2025,G,provisorio,DIP_CABA,CABA,15,comuna 15,159,principios y valores,190,14495,8153,otro
2025,G,provisorio,DIP_CABA,CABA,15,comuna 15,160,principios y valores,264,26240,14714,otro
2025,G,provisorio,DIP_CABA,CABA,15,comuna 15,161,principios y valores,281,22469,13239,otro
2025,G,provisorio,DIP_CABA,CABA,15,comuna 15,162,principios y valores,250,19685,10418,otro
2025,G,provisorio,DIP_CABA,CABA,15,comuna 15,163,principios y valores,192,14547,7944,otro
2025,G,provisorio,DIP_CABA,CABA,15,comuna 15,164,principios y valores,165,15214,8096,otro
2025,G,provisorio,DIP_CABA,CABA,15,comuna 15,165,principios y valores,248,22141,13131,otro
2025,G,provisorio,DIP_CABA,CABA,15,comuna 15,166,principios y valores,249,17752,11362,otro
2025,G,provisorio,DIP_CABA,CABA,15,comuna 15,167,principios y valores,135,13635,8834,otro
2025,G,provisorio,DIP_CABA,CABA,1,comuna 01,1,recurrido,1,12557,6398,neg
2025,G,provisorio,DIP_CABA,CABA,1,comuna 01,2,recurrido,1,12110,5475,neg
2025,G,provisorio,DIP_CABA,CABA,1,comuna 01,3,recurrido,0,3962,1989,neg
2025,G,provisorio,DIP_CABA,CABA,1,comuna 01,4,recurrido,0,3143,1502,neg
2025,G,provisorio,DIP_CABA,CABA,1,comuna 01,5,recurrido,5,31029,8859,neg
2025,G,provisorio,DIP_CABA,CABA,1,comuna 01,6,recurrido,2,19270,8998,neg
2025,G,provisorio,DIP_CABA,CABA,1,comuna 01,7,recurrido,2,9533,4737,neg
2025,G,provisorio,DIP_CABA,CABA,1,comuna 01,8,recurrido,10,11664,4552,neg
2025,G,provisorio,DIP_CABA,CABA,1,comuna 01,9,recurrido,0,17073,6090,neg
2025,G,provisorio,DIP_CABA,CABA,1,comuna 01,10,recurrido,0,14181,6502,neg
2025,G,provisorio,DIP_CABA,CABA,1,comuna 01,11,recurrido,0,17022,6867,neg
2025,G,provisorio,DIP_CABA,CABA,1,comuna 01,12,recurrido,0,14241,6183,neg
2025,G,provisorio,DIP_CABA,CABA,1,comuna 01,13,recurrido,1,15923,7257,neg
2025,G,provisorio,DIP_CABA,CABA,1,comuna 01,14,recurrido,1,7319,2891,neg
2025,G,provisorio,DIP_CABA,CABA,1,comuna 01,15,recurrido,2,10624,4535,neg
2025,G,provisorio,DIP_CABA,CABA,1,comuna 01,16,recurrido,1,10385,4709,neg
2025,G,provisorio,DIP_CABA,CABA,1,comuna 01,17,recurrido,0,15138,6549,neg
2025,G,provisorio,DIP_CABA,CABA,1,comuna 01,18,recurrido,0,9466,3926,neg
2025,G,provisorio,DIP_CABA,CABA,1,comuna 01,19,recurrido,1,15125,6064,neg
2025,G,provisorio,DIP_CABA,CABA,2,comuna 02,20,recurrido,0,9021,4323,neg
2025,G,provisorio,DIP_CABA,CABA,2,comuna 02,21,recurrido,3,15247,7823,neg
2025,G,provisorio,DIP_CABA,CABA,2,comuna 02,22,recurrido,0,17590,9476,neg
2025,G,provisorio,DIP_CABA,CABA,2,comuna 02,23,recurrido,1,22530,11985,neg
2025,G,provisorio,DIP_CABA,CABA,2,comuna 02,24,recurrido,1,14506,8002,neg
2025,G,provisorio,DIP_CABA,CABA,2,comuna 02,25,recurrido,0,14754,7685,neg
2025,G,provisorio,DIP_CABA,CABA,2,comuna 02,26,recurrido,1,18701,9906,neg
2025,G,provisorio,DIP_CABA,CABA,2,comuna 02,27,recurrido,1,14752,7373,neg
2025,G,provisorio,DIP_CABA,CABA,2,comuna 02,28,recurrido,0,21136,10954,neg
2025,G,provisorio,DIP_CABA,CABA,2,comuna 02,29,recurrido,3,13637,7285,neg
2025,G,provisorio,DIP_CABA,CABA,3,comuna 03,30,recurrido,2,15092,6373,neg
2025,G,provisorio,DIP_CABA,CABA,3,comuna 03,31,recurrido,2,18180,7289,neg
2025,G,provisorio,DIP_CABA,CABA,3,comuna 03,32,recurrido,2,14599,6519,neg
2025,G,provisorio,DIP_CABA,CABA,3,comuna 03,33,recurrido,1,14067,5487,neg
2025,G,provisorio,DIP_CABA,CABA,3,comuna 03,34,recurrido,1,19917,8457,neg
2025,G,provisorio,DIP_CABA,CABA,3,comuna 03,35,recurrido,1,16245,7703,neg
2025,G,provisorio,DIP_CABA,CABA,3,comuna 03,36,recurrido,0,10505,5190,neg
2025,G,provisorio,DIP_CABA,CABA,3,comuna 03,37,recurrido,2,13496,6609,neg
2025,G,provisorio,DIP_CABA,CABA,3,comuna 03,38,recurrido,0,15350,7532,neg
2025,G,provisorio,DIP_CABA,CABA,3,comuna 03,39,recurrido,1,15614,7792,neg
2025,G,provisorio,DIP_CABA,CABA,3,comuna 03,40,recurrido,1,10929,6418,neg
2025,G,provisorio,DIP_CABA,CABA,3,comuna 03,41,recurrido,1,21815,11478,neg
2025,G,provisorio,DIP_CABA,CABA,3,comuna 03,42,recurrido,1,18525,9518,neg
2025,G,provisorio,DIP_CABA,CABA,4,comuna 04,43,recurrido,0,13659,8042,neg
2025,G,provisorio,DIP_CABA,CABA,4,comuna 04,44,recurrido,0,10358,6082,neg
2025,G,provisorio,DIP_CABA,CABA,4,comuna 04,45,recurrido,0,8755,4516,neg
2025,G,provisorio,DIP_CABA,CABA,4,comuna 04,46,recurrido,0,8419,4106,neg
2025,G,provisorio,DIP_CABA,CABA,4,comuna 04,47,recurrido,1,37329,11026,neg
2025,G,provisorio,DIP_CABA,CABA,4,comuna 04,48,recurrido,1,15552,8076,neg
2025,G,provisorio,DIP_CABA,CABA,4,comuna 04,49,recurrido,0,13436,7193,neg
2025,G,provisorio,DIP_CABA,CABA,4,comuna 04,50,recurrido,1,15226,8786,neg
2025,G,provisorio,DIP_CABA,CABA,4,comuna 04,51,recurrido,0,10813,6480,neg
2025,G,provisorio,DIP_CABA,CABA,4,comuna 04,52,recurrido,1,13957,6544,neg
2025,G,provisorio,DIP_CABA,CABA,4,comuna 04,53,recurrido,0,17072,7819,neg
2025,G,provisorio,DIP_CABA,CABA,4,comuna 04,54,recurrido,4,17890,9570,neg
2025,G,provisorio,DIP_CABA,CABA,4,comuna 04,55,recurrido,0,12094,6057,neg
2025,G,provisorio,DIP_CABA,CABA,4,comuna 04,56,recurrido,0,11838,5982,neg
2025,G,provisorio,DIP_CABA,CABA,4,comuna 04,57,recurrido,5,23039,12121,neg
2025,G,provisorio,DIP_CABA,CABA,5,comuna 05,58,recurrido,1,16081,9511,neg
2025,G,provisorio,DIP_CABA,CABA,5,comuna 05,59,recurrido,0,14324,8544,neg
2025,G,provisorio,DIP_CABA,CABA,5,comuna 05,60,recurrido,2,17426,10563,neg
2025,G,provisorio,DIP_CABA,CABA,5,comuna 05,61,recurrido,0,16442,10107,neg
2025,G,provisorio,DIP_CABA,CABA,5,comuna 05,62,recurrido,0,11770,6780,neg
2025,G,provisorio,DIP_CABA,CABA,5,comuna 05,63,recurrido,0,22766,12949,neg
2025,G,provisorio,DIP_CABA,CABA,5,comuna 05,64,recurrido,0,25789,13669,neg
2025,G,provisorio,DIP_CABA,CABA,5,comuna 05,65,recurrido,1,17044,8670,neg
2025,G,provisorio,DIP_CABA,CABA,5,comuna 05,66,recurrido,0,15176,8657,neg
2025,G,provisorio,DIP_CABA,CABA,5,comuna 05,67,recurrido,3,23365,13231,neg
2025,G,provisorio,DIP_CABA,CABA,6,comuna 06,68,recurrido,1,22019,13406,neg
2025,G,provisorio,DIP_CABA,CABA,6,comuna 06,69,recurrido,0,31181,19526,neg
2025,G,provisorio,DIP_CABA,CABA,6,comuna 06,70,recurrido,5,29072,17461,neg
2025,G,provisorio,DIP_CABA,CABA,6,comuna 06,71,recurrido,4,33919,21037,neg
2025,G,provisorio,DIP_CABA,CABA,6,comuna 06,72,recurrido,0,14881,9130,neg
2025,G,provisorio,DIP_CABA,CABA,6,comuna 06,73,recurrido,0,19449,12322,neg
2025,G,provisorio,DIP_CABA,CABA,6,comuna 06,74,recurrido,0,26575,16675,neg
2025,G,provisorio,DIP_CABA,CABA,7,comuna 07,75,recurrido,0,11210,7160,neg
2025,G,provisorio,DIP_CABA,CABA,7,comuna 07,76,recurrido,2,18001,11467,neg
2025,G,provisorio,DIP_CABA,CABA,7,comuna 07,77,recurrido,0,15468,9169,neg
2025,G,provisorio,DIP_CABA,CABA,7,comuna 07,78,recurrido,6,13647,7411,neg
2025,G,provisorio,DIP_CABA,CABA,7,comuna 07,79,recurrido,0,17377,7926,neg
2025,G,provisorio,DIP_CABA,CABA,7,comuna 07,80,recurrido,1,15082,9261,neg
2025,G,provisorio,DIP_CABA,CABA,7,comuna 07,81,recurrido,0,14671,8155,neg
2025,G,provisorio,DIP_CABA,CABA,7,comuna 07,82,recurrido,0,17804,9600,neg
2025,G,provisorio,DIP_CABA,CABA,7,comuna 07,83,recurrido,3,22788,13340,neg
2025,G,provisorio,DIP_CABA,CABA,7,comuna 07,84,recurrido,0,12904,7688,neg
2025,G,provisorio,DIP_CABA,CABA,7,comuna 07,85,recurrido,1,8404,5445,neg
2025,G,provisorio,DIP_CABA,CABA,7,comuna 07,86,recurrido,1,57251,20217,neg
2025,G,provisorio,DIP_CABA,CABA,8,comuna 08,87,recurrido,26,48702,21437,neg
2025,G,provisorio,DIP_CABA,CABA,8,comuna 08,88,recurrido,1,17856,10430,neg
2025,G,provisorio,DIP_CABA,CABA,8,comuna 08,89,recurrido,7,69053,31837,neg
2025,G,provisorio,DIP_CABA,CABA,8,comuna 08,90,recurrido,2,66139,28468,neg
2025,G,provisorio,DIP_CABA,CABA,9,comuna 09,91,recurrido,0,16358,6959,neg
2025,G,provisorio,DIP_CABA,CABA,9,comuna 09,92,recurrido,1,17131,9187,neg
2025,G,provisorio,DIP_CABA,CABA,9,comuna 09,93,recurrido,0,10006,5686,neg
2025,G,provisorio,DIP_CABA,CABA,9,comuna 09,94,recurrido,1,12335,7211,neg
2025,G,provisorio,DIP_CABA,CABA,9,comuna 09,95,recurrido,0,19872,11600,neg
2025,G,provisorio,DIP_CABA,CABA,9,comuna 09,96,recurrido,1,15064,7938,neg
2025,G,provisorio,DIP_CABA,CABA,9,comuna 09,97,recurrido,1,13514,7263,neg
2025,G,provisorio,DIP_CABA,CABA,9,comuna 09,98,recurrido,3,23996,14341,neg
2025,G,provisorio,DIP_CABA,CABA,9,comuna 09,99,recurrido,0,11808,7546,neg
2025,G,provisorio,DIP_CABA,CABA,9,comuna 09,100,recurrido,1,15274,9774,neg
2025,G,provisorio,DIP_CABA,CABA,9,comuna 09,101,recurrido,0,20333,10878,neg
2025,G,provisorio,DIP_CABA,CABA,10,comuna 10,102,recurrido,1,13869,9045,neg
2025,G,provisorio,DIP_CABA,CABA,10,comuna 10,103,recurrido,3,13314,8227,neg
2025,G,provisorio,DIP_CABA,CABA,10,comuna 10,104,recurrido,0,13095,8452,neg
2025,G,provisorio,DIP_CABA,CABA,10,comuna 10,105,recurrido,1,20263,12792,neg
2025,G,provisorio,DIP_CABA,CABA,10,comuna 10,106,recurrido,0,12239,7734,neg
2025,G,provisorio,DIP_CABA,CABA,10,comuna 10,107,recurrido,1,21296,13225,neg
2025,G,provisorio,DIP_CABA,CABA,10,comuna 10,108,recurrido,0,13017,8181,neg
2025,G,provisorio,DIP_CABA,CABA,10,comuna 10,109,recurrido,0,21713,12618,neg
2025,G,provisorio,DIP_CABA,CABA,10,comuna 10,110,recurrido,0,10717,6703,neg
2025,G,provisorio,DIP_CABA,CABA,10,comuna 10,111,recurrido,7,15847,7336,neg
2025,G,provisorio,DIP_CABA,CABA,10,comuna 10,112,recurrido,1,10438,5449,neg
2025,G,provisorio,DIP_CABA,CABA,11,comuna 11,113,recurrido,0,14377,8785,neg
2025,G,provisorio,DIP_CABA,CABA,11,comuna 11,114,recurrido,1,19428,11722,neg
2025,G,provisorio,DIP_CABA,CABA,11,comuna 11,115,recurrido,0,13809,8154,neg
2025,G,provisorio,DIP_CABA,CABA,11,comuna 11,116,recurrido,2,19378,11815,neg
2025,G,provisorio,DIP_CABA,CABA,11,comuna 11,117,recurrido,0,19769,12638,neg
2025,G,provisorio,DIP_CABA,CABA,11,comuna 11,118,recurrido,0,15712,10030,neg
2025,G,provisorio,DIP_CABA,CABA,11,comuna 11,119,recurrido,8,18859,12384,neg
2025,G,provisorio,DIP_CABA,CABA,11,comuna 11,120,recurrido,1,20171,12954,neg
2025,G,provisorio,DIP_CABA,CABA,11,comuna 11,121,recurrido,0,16169,10287,neg
2025,G,provisorio,DIP_CABA,CABA,11,comuna 11,122,recurrido,1,14300,9205,neg
2025,G,provisorio,DIP_CABA,CABA,11,comuna 11,123,recurrido,0,15251,9861,neg
2025,G,provisorio,DIP_CABA,CABA,12,comuna 12,124,recurrido,2,17084,11292,neg
2025,G,provisorio,DIP_CABA,CABA,12,comuna 12,125,recurrido,0,23239,14921,neg
2025,G,provisorio,DIP_CABA,CABA,12,comuna 12,126,recurrido,2,19090,12260,neg
2025,G,provisorio,DIP_CABA,CABA,12,comuna 12,127,recurrido,1,27118,17025,neg
2025,G,provisorio,DIP_CABA,CABA,12,comuna 12,128,recurrido,0,22151,14004,neg
2025,G,provisorio,DIP_CABA,CABA,12,comuna 12,129,recurrido,0,29370,18077,neg
2025,G,provisorio,DIP_CABA,CABA,12,comuna 12,130,recurrido,2,19615,12171,neg
2025,G,provisorio,DIP_CABA,CABA,12,comuna 12,131,recurrido,0,5958,3857,neg
2025,G,provisorio,DIP_CABA,CABA,12,comuna 12,132,recurrido,6,22103,13378,neg
2025,G,provisorio,DIP_CABA,CABA,12,comuna 12,133,recurrido,0,22112,13784,neg
2025,G,provisorio,DIP_CABA,CABA,13,comuna 13,134,recurrido,0,9619,5523,neg
2025,G,provisorio,DIP_CABA,CABA,13,comuna 13,135,recurrido,1,13442,7980,neg
2025,G,provisorio,DIP_CABA,CABA,13,comuna 13,136,recurrido,2,16440,9806,neg
2025,G,provisorio,DIP_CABA,CABA,13,comuna 13,137,recurrido,0,15554,9340,neg
2025,G,provisorio,DIP_CABA,CABA,13,comuna 13,138,recurrido,2,32936,18911,neg
2025,G,provisorio,DIP_CABA,CABA,13,comuna 13,139,recurrido,0,20589,11722,neg
2025,G,provisorio,DIP_CABA,CABA,13,comuna 13,140,recurrido,0,10547,5560,neg
2025,G,provisorio,DIP_CABA,CABA,13,comuna 13,141,recurrido,0,16421,9546,neg
2025,G,provisorio,DIP_CABA,CABA,13,comuna 13,142,recurrido,0,27238,15606,neg
2025,G,provisorio,DIP_CABA,CABA,13,comuna 13,143,recurrido,2,19838,11470,neg
2025,G,provisorio,DIP_CABA,CABA,13,comuna 13,144,recurrido,1,8767,5296,neg
2025,G,provisorio,DIP_CABA,CABA,13,comuna 13,145,recurrido,3,16405,10306,neg
2025,G,provisorio,DIP_CABA,CABA,13,comuna 13,146,recurrido,1,12536,7552,neg
2025,G,provisorio,DIP_CABA,CABA,13,comuna 13,147,recurrido,0,23117,12987,neg
2025,G,provisorio,DIP_CABA,CABA,14,comuna 14,148,recurrido,2,25385,14238,neg
2025,G,provisorio,DIP_CABA,CABA,14,comuna 14,149,recurrido,5,29262,15659,neg
2025,G,provisorio,DIP_CABA,CABA,14,comuna 14,150,recurrido,0,14420,7686,neg
2025,G,provisorio,DIP_CABA,CABA,14,comuna 14,151,recurrido,0,30540,15689,neg
2025,G,provisorio,DIP_CABA,CABA,14,comuna 14,152,recurrido,0,22485,12142,neg
2025,G,provisorio,DIP_CABA,CABA,14,comuna 14,153,recurrido,0,27011,14914,neg
2025,G,provisorio,DIP_CABA,CABA,14,comuna 14,154,recurrido,2,32341,16658,neg
2025,G,provisorio,DIP_CABA,CABA,14,comuna 14,155,recurrido,1,29556,15250,neg
2025,G,provisorio,DIP_CABA,CABA,14,comuna 14,156,recurrido,0,11665,6146,neg
2025,G,provisorio,DIP_CABA,CABA,14,comuna 14,157,recurrido,2,19454,10411,neg
2025,G,provisorio,DIP_CABA,CABA,15,comuna 15,158,recurrido,0,22962,13096,neg
2025,G,provisorio,DIP_CABA,CABA,15,comuna 15,159,recurrido,0,14495,8153,neg
2025,G,provisorio,DIP_CABA,CABA,15,comuna 15,160,recurrido,0,26240,14714,neg
2025,G,provisorio,DIP_CABA,CABA,15,comuna 15,161,recurrido,5,22469,13239,neg
2025,G,provisorio,DIP_CABA,CABA,15,comuna 15,162,recurrido,1,19685,10418,neg
2025,G,provisorio,DIP_CABA,CABA,15,comuna 15,163,recurrido,1,14547,7944,neg
2025,G,provisorio,DIP_CABA,CABA,15,comuna 15,164,recurrido,0,15214,8096,neg
2025,G,provisorio,DIP_CABA,CABA,15,comuna 15,165,recurrido,0,22141,13131,neg
2025,G,provisorio,DIP_CABA,CABA,15,comuna 15,166,recurrido,0,17752,11362,neg
2025,G,provisorio,DIP_CABA,CABA,15,comuna 15,167,recurrido,1,13635,8834,neg
2025,G,provisorio,DIP_CABA,CABA,1,comuna 01,1,seamos libres,65,12557,6398,otro
2025,G,provisorio,DIP_CABA,CABA,1,comuna 01,2,seamos libres,37,12110,5475,otro
2025,G,provisorio,DIP_CABA,CABA,1,comuna 01,3,seamos libres,0,3962,1989,otro
2025,G,provisorio,DIP_CABA,CABA,1,comuna 01,4,seamos libres,5,3143,1502,otro
2025,G,provisorio,DIP_CABA,CABA,1,comuna 01,5,seamos libres,164,31029,8859,otro
2025,G,provisorio,DIP_CABA,CABA,1,comuna 01,6,seamos libres,10,19270,8998,otro
2025,G,provisorio,DIP_CABA,CABA,1,comuna 01,7,seamos libres,13,9533,4737,otro
2025,G,provisorio,DIP_CABA,CABA,1,comuna 01,8,seamos libres,15,11664,4552,otro
2025,G,provisorio,DIP_CABA,CABA,1,comuna 01,9,seamos libres,26,17073,6090,otro
2025,G,provisorio,DIP_CABA,CABA,1,comuna 01,10,seamos libres,28,14181,6502,otro
2025,G,provisorio,DIP_CABA,CABA,1,comuna 01,11,seamos libres,44,17022,6867,otro
2025,G,provisorio,DIP_CABA,CABA,1,comuna 01,12,seamos libres,37,14241,6183,otro
2025,G,provisorio,DIP_CABA,CABA,1,comuna 01,13,seamos libres,36,15923,7257,otro
2025,G,provisorio,DIP_CABA,CABA,1,comuna 01,14,seamos libres,17,7319,2891,otro
2025,G,provisorio,DIP_CABA,CABA,1,comuna 01,15,seamos libres,49,10624,4535,otro
2025,G,provisorio,DIP_CABA,CABA,1,comuna 01,16,seamos libres,39,10385,4709,otro
2025,G,provisorio,DIP_CABA,CABA,1,comuna 01,17,seamos libres,46,15138,6549,otro
2025,G,provisorio,DIP_CABA,CABA,1,comuna 01,18,seamos libres,30,9466,3926,otro
2025,G,provisorio,DIP_CABA,CABA,1,comuna 01,19,seamos libres,56,15125,6064,otro
2025,G,provisorio,DIP_CABA,CABA,2,comuna 02,20,seamos libres,15,9021,4323,otro
2025,G,provisorio,DIP_CABA,CABA,2,comuna 02,21,seamos libres,8,15247,7823,otro
2025,G,provisorio,DIP_CABA,CABA,2,comuna 02,22,seamos libres,25,17590,9476,otro
2025,G,provisorio,DIP_CABA,CABA,2,comuna 02,23,seamos libres,22,22530,11985,otro
2025,G,provisorio,DIP_CABA,CABA,2,comuna 02,24,seamos libres,15,14506,8002,otro
2025,G,provisorio,DIP_CABA,CABA,2,comuna 02,25,seamos libres,9,14754,7685,otro
2025,G,provisorio,DIP_CABA,CABA,2,comuna 02,26,seamos libres,14,18701,9906,otro
2025,G,provisorio,DIP_CABA,CABA,2,comuna 02,27,seamos libres,22,14752,7373,otro
2025,G,provisorio,DIP_CABA,CABA,2,comuna 02,28,seamos libres,44,21136,10954,otro
2025,G,provisorio,DIP_CABA,CABA,2,comuna 02,29,seamos libres,22,13637,7285,otro
2025,G,provisorio,DIP_CABA,CABA,3,comuna 03,30,seamos libres,32,15092,6373,otro
2025,G,provisorio,DIP_CABA,CABA,3,comuna 03,31,seamos libres,27,18180,7289,otro
2025,G,provisorio,DIP_CABA,CABA,3,comuna 03,32,seamos libres,29,14599,6519,otro
2025,G,provisorio,DIP_CABA,CABA,3,comuna 03,33,seamos libres,33,14067,5487,otro
2025,G,provisorio,DIP_CABA,CABA,3,comuna 03,34,seamos libres,48,19917,8457,otro
2025,G,provisorio,DIP_CABA,CABA,3,comuna 03,35,seamos libres,40,16245,7703,otro
2025,G,provisorio,DIP_CABA,CABA,3,comuna 03,36,seamos libres,38,10505,5190,otro
2025,G,provisorio,DIP_CABA,CABA,3,comuna 03,37,seamos libres,42,13496,6609,otro
2025,G,provisorio,DIP_CABA,CABA,3,comuna 03,38,seamos libres,44,15350,7532,otro
2025,G,provisorio,DIP_CABA,CABA,3,comuna 03,39,seamos libres,42,15614,7792,otro
2025,G,provisorio,DIP_CABA,CABA,3,comuna 03,40,seamos libres,33,10929,6418,otro
2025,G,provisorio,DIP_CABA,CABA,3,comuna 03,41,seamos libres,87,21815,11478,otro
2025,G,provisorio,DIP_CABA,CABA,3,comuna 03,42,seamos libres,78,18525,9518,otro
2025,G,provisorio,DIP_CABA,CABA,4,comuna 04,43,seamos libres,54,13659,8042,otro
2025,G,provisorio,DIP_CABA,CABA,4,comuna 04,44,seamos libres,50,10358,6082,otro
2025,G,provisorio,DIP_CABA,CABA,4,comuna 04,45,seamos libres,36,8755,4516,otro
2025,G,provisorio,DIP_CABA,CABA,4,comuna 04,46,seamos libres,31,8419,4106,otro
2025,G,provisorio,DIP_CABA,CABA,4,comuna 04,47,seamos libres,250,37329,11026,otro
2025,G,provisorio,DIP_CABA,CABA,4,comuna 04,48,seamos libres,42,15552,8076,otro
2025,G,provisorio,DIP_CABA,CABA,4,comuna 04,49,seamos libres,47,13436,7193,otro
2025,G,provisorio,DIP_CABA,CABA,4,comuna 04,50,seamos libres,69,15226,8786,otro
2025,G,provisorio,DIP_CABA,CABA,4,comuna 04,51,seamos libres,34,10813,6480,otro
2025,G,provisorio,DIP_CABA,CABA,4,comuna 04,52,seamos libres,55,13957,6544,otro
2025,G,provisorio,DIP_CABA,CABA,4,comuna 04,53,seamos libres,69,17072,7819,otro
2025,G,provisorio,DIP_CABA,CABA,4,comuna 04,54,seamos libres,55,17890,9570,otro
2025,G,provisorio,DIP_CABA,CABA,4,comuna 04,55,seamos libres,56,12094,6057,otro
2025,G,provisorio,DIP_CABA,CABA,4,comuna 04,56,seamos libres,53,11838,5982,otro
2025,G,provisorio,DIP_CABA,CABA,4,comuna 04,57,seamos libres,78,23039,12121,otro
2025,G,provisorio,DIP_CABA,CABA,5,comuna 05,58,seamos libres,57,16081,9511,otro
2025,G,provisorio,DIP_CABA,CABA,5,comuna 05,59,seamos libres,42,14324,8544,otro
2025,G,provisorio,DIP_CABA,CABA,5,comuna 05,60,seamos libres,73,17426,10563,otro
2025,G,provisorio,DIP_CABA,CABA,5,comuna 05,61,seamos libres,46,16442,10107,otro
2025,G,provisorio,DIP_CABA,CABA,5,comuna 05,62,seamos libres,30,11770,6780,otro
2025,G,provisorio,DIP_CABA,CABA,5,comuna 05,63,seamos libres,57,22766,12949,otro
2025,G,provisorio,DIP_CABA,CABA,5,comuna 05,64,seamos libres,51,25789,13669,otro
2025,G,provisorio,DIP_CABA,CABA,5,comuna 05,65,seamos libres,37,17044,8670,otro
2025,G,provisorio,DIP_CABA,CABA,5,comuna 05,66,seamos libres,33,15176,8657,otro
2025,G,provisorio,DIP_CABA,CABA,5,comuna 05,67,seamos libres,67,23365,13231,otro
2025,G,provisorio,DIP_CABA,CABA,6,comuna 06,68,seamos libres,41,22019,13406,otro
2025,G,provisorio,DIP_CABA,CABA,6,comuna 06,69,seamos libres,62,31181,19526,otro
2025,G,provisorio,DIP_CABA,CABA,6,comuna 06,70,seamos libres,75,29072,17461,otro
2025,G,provisorio,DIP_CABA,CABA,6,comuna 06,71,seamos libres,82,33919,21037,otro
2025,G,provisorio,DIP_CABA,CABA,6,comuna 06,72,seamos libres,52,14881,9130,otro
2025,G,provisorio,DIP_CABA,CABA,6,comuna 06,73,seamos libres,46,19449,12322,otro
2025,G,provisorio,DIP_CABA,CABA,6,comuna 06,74,seamos libres,53,26575,16675,otro
2025,G,provisorio,DIP_CABA,CABA,7,comuna 07,75,seamos libres,42,11210,7160,otro
2025,G,provisorio,DIP_CABA,CABA,7,comuna 07,76,seamos libres,54,18001,11467,otro
2025,G,provisorio,DIP_CABA,CABA,7,comuna 07,77,seamos libres,61,15468,9169,otro
2025,G,provisorio,DIP_CABA,CABA,7,comuna 07,78,seamos libres,79,13647,7411,otro
2025,G,provisorio,DIP_CABA,CABA,7,comuna 07,79,seamos libres,40,17377,7926,otro
2025,G,provisorio,DIP_CABA,CABA,7,comuna 07,80,seamos libres,35,15082,9261,otro
2025,G,provisorio,DIP_CABA,CABA,7,comuna 07,81,seamos libres,40,14671,8155,otro
2025,G,provisorio,DIP_CABA,CABA,7,comuna 07,82,seamos libres,47,17804,9600,otro
2025,G,provisorio,DIP_CABA,CABA,7,comuna 07,83,seamos libres,45,22788,13340,otro
2025,G,provisorio,DIP_CABA,CABA,7,comuna 07,84,seamos libres,52,12904,7688,otro
2025,G,provisorio,DIP_CABA,CABA,7,comuna 07,85,seamos libres,24,8404,5445,otro
2025,G,provisorio,DIP_CABA,CABA,7,comuna 07,86,seamos libres,325,57251,20217,otro
2025,G,provisorio,DIP_CABA,CABA,8,comuna 08,87,seamos libres,242,48702,21437,otro
2025,G,provisorio,DIP_CABA,CABA,8,comuna 08,88,seamos libres,45,17856,10430,otro
2025,G,provisorio,DIP_CABA,CABA,8,comuna 08,89,seamos libres,261,69053,31837,otro
2025,G,provisorio,DIP_CABA,CABA,8,comuna 08,90,seamos libres,273,66139,28468,otro
2025,G,provisorio,DIP_CABA,CABA,9,comuna 09,91,seamos libres,71,16358,6959,otro
2025,G,provisorio,DIP_CABA,CABA,9,comuna 09,92,seamos libres,50,17131,9187,otro
2025,G,provisorio,DIP_CABA,CABA,9,comuna 09,93,seamos libres,33,10006,5686,otro
2025,G,provisorio,DIP_CABA,CABA,9,comuna 09,94,seamos libres,39,12335,7211,otro
2025,G,provisorio,DIP_CABA,CABA,9,comuna 09,95,seamos libres,70,19872,11600,otro
2025,G,provisorio,DIP_CABA,CABA,9,comuna 09,96,seamos libres,46,15064,7938,otro
2025,G,provisorio,DIP_CABA,CABA,9,comuna 09,97,seamos libres,53,13514,7263,otro
2025,G,provisorio,DIP_CABA,CABA,9,comuna 09,98,seamos libres,79,23996,14341,otro
2025,G,provisorio,DIP_CABA,CABA,9,comuna 09,99,seamos libres,31,11808,7546,otro
2025,G,provisorio,DIP_CABA,CABA,9,comuna 09,100,seamos libres,34,15274,9774,otro
2025,G,provisorio,DIP_CABA,CABA,9,comuna 09,101,seamos libres,52,20333,10878,otro
2025,G,provisorio,DIP_CABA,CABA,10,comuna 10,102,seamos libres,32,13869,9045,otro
2025,G,provisorio,DIP_CABA,CABA,10,comuna 10,103,seamos libres,24,13314,8227,otro
2025,G,provisorio,DIP_CABA,CABA,10,comuna 10,104,seamos libres,39,13095,8452,otro
2025,G,provisorio,DIP_CABA,CABA,10,comuna 10,105,seamos libres,60,20263,12792,otro
2025,G,provisorio,DIP_CABA,CABA,10,comuna 10,106,seamos libres,43,12239,7734,otro
2025,G,provisorio,DIP_CABA,CABA,10,comuna 10,107,seamos libres,60,21296,13225,otro
2025,G,provisorio,DIP_CABA,CABA,10,comuna 10,108,seamos libres,38,13017,8181,otro
2025,G,provisorio,DIP_CABA,CABA,10,comuna 10,109,seamos libres,78,21713,12618,otro
2025,G,provisorio,DIP_CABA,CABA,10,comuna 10,110,seamos libres,46,10717,6703,otro
2025,G,provisorio,DIP_CABA,CABA,10,comuna 10,111,seamos libres,24,15847,7336,otro
2025,G,provisorio,DIP_CABA,CABA,10,comuna 10,112,seamos libres,29,10438,5449,otro
2025,G,provisorio,DIP_CABA,CABA,11,comuna 11,113,seamos libres,62,14377,8785,otro
2025,G,provisorio,DIP_CABA,CABA,11,comuna 11,114,seamos libres,47,19428,11722,otro
2025,G,provisorio,DIP_CABA,CABA,11,comuna 11,115,seamos libres,34,13809,8154,otro
2025,G,provisorio,DIP_CABA,CABA,11,comuna 11,116,seamos libres,42,19378,11815,otro
2025,G,provisorio,DIP_CABA,CABA,11,comuna 11,117,seamos libres,54,19769,12638,otro
2025,G,provisorio,DIP_CABA,CABA,11,comuna 11,118,seamos libres,29,15712,10030,otro
2025,G,provisorio,DIP_CABA,CABA,11,comuna 11,119,seamos libres,45,18859,12384,otro
2025,G,provisorio,DIP_CABA,CABA,11,comuna 11,120,seamos libres,36,20171,12954,otro
2025,G,provisorio,DIP_CABA,CABA,11,comuna 11,121,seamos libres,23,16169,10287,otro
2025,G,provisorio,DIP_CABA,CABA,11,comuna 11,122,seamos libres,17,14300,9205,otro
2025,G,provisorio,DIP_CABA,CABA,11,comuna 11,123,seamos libres,44,15251,9861,otro
2025,G,provisorio,DIP_CABA,CABA,12,comuna 12,124,seamos libres,43,17084,11292,otro
2025,G,provisorio,DIP_CABA,CABA,12,comuna 12,125,seamos libres,58,23239,14921,otro
2025,G,provisorio,DIP_CABA,CABA,12,comuna 12,126,seamos libres,38,19090,12260,otro
2025,G,provisorio,DIP_CABA,CABA,12,comuna 12,127,seamos libres,52,27118,17025,otro
2025,G,provisorio,DIP_CABA,CABA,12,comuna 12,128,seamos libres,42,22151,14004,otro
2025,G,provisorio,DIP_CABA,CABA,12,comuna 12,129,seamos libres,71,29370,18077,otro
2025,G,provisorio,DIP_CABA,CABA,12,comuna 12,130,seamos libres,47,19615,12171,otro
2025,G,provisorio,DIP_CABA,CABA,12,comuna 12,131,seamos libres,13,5958,3857,otro
2025,G,provisorio,DIP_CABA,CABA,12,comuna 12,132,seamos libres,157,22103,13378,otro
2025,G,provisorio,DIP_CABA,CABA,12,comuna 12,133,seamos libres,56,22112,13784,otro
2025,G,provisorio,DIP_CABA,CABA,13,comuna 13,134,seamos libres,13,9619,5523,otro
2025,G,provisorio,DIP_CABA,CABA,13,comuna 13,135,seamos libres,7,13442,7980,otro
2025,G,provisorio,DIP_CABA,CABA,13,comuna 13,136,seamos libres,17,16440,9806,otro
2025,G,provisorio,DIP_CABA,CABA,13,comuna 13,137,seamos libres,25,15554,9340,otro
2025,G,provisorio,DIP_CABA,CABA,13,comuna 13,138,seamos libres,30,32936,18911,otro
2025,G,provisorio,DIP_CABA,CABA,13,comuna 13,139,seamos libres,27,20589,11722,otro
2025,G,provisorio,DIP_CABA,CABA,13,comuna 13,140,seamos libres,25,10547,5560,otro
2025,G,provisorio,DIP_CABA,CABA,13,comuna 13,141,seamos libres,21,16421,9546,otro
2025,G,provisorio,DIP_CABA,CABA,13,comuna 13,142,seamos libres,19,27238,15606,otro
2025,G,provisorio,DIP_CABA,CABA,13,comuna 13,143,seamos libres,31,19838,11470,otro
2025,G,provisorio,DIP_CABA,CABA,13,comuna 13,144,seamos libres,8,8767,5296,otro
2025,G,provisorio,DIP_CABA,CABA,13,comuna 13,145,seamos libres,38,16405,10306,otro
2025,G,provisorio,DIP_CABA,CABA,13,comuna 13,146,seamos libres,30,12536,7552,otro
2025,G,provisorio,DIP_CABA,CABA,13,comuna 13,147,seamos libres,33,23117,12987,otro
2025,G,provisorio,DIP_CABA,CABA,14,comuna 14,148,seamos libres,32,25385,14238,otro
2025,G,provisorio,DIP_CABA,CABA,14,comuna 14,149,seamos libres,34,29262,15659,otro
2025,G,provisorio,DIP_CABA,CABA,14,comuna 14,150,seamos libres,5,14420,7686,otro
2025,G,provisorio,DIP_CABA,CABA,14,comuna 14,151,seamos libres,31,30540,15689,otro
2025,G,provisorio,DIP_CABA,CABA,14,comuna 14,152,seamos libres,28,22485,12142,otro
2025,G,provisorio,DIP_CABA,CABA,14,comuna 14,153,seamos libres,50,27011,14914,otro
2025,G,provisorio,DIP_CABA,CABA,14,comuna 14,154,seamos libres,61,32341,16658,otro
2025,G,provisorio,DIP_CABA,CABA,14,comuna 14,155,seamos libres,51,29556,15250,otro
2025,G,provisorio,DIP_CABA,CABA,14,comuna 14,156,seamos libres,23,11665,6146,otro
2025,G,provisorio,DIP_CABA,CABA,14,comuna 14,157,seamos libres,39,19454,10411,otro
2025,G,provisorio,DIP_CABA,CABA,15,comuna 15,158,seamos libres,51,22962,13096,otro
2025,G,provisorio,DIP_CABA,CABA,15,comuna 15,159,seamos libres,52,14495,8153,otro
2025,G,provisorio,DIP_CABA,CABA,15,comuna 15,160,seamos libres,63,26240,14714,otro
2025,G,provisorio,DIP_CABA,CABA,15,comuna 15,161,seamos libres,66,22469,13239,otro
2025,G,provisorio,DIP_CABA,CABA,15,comuna 15,162,seamos libres,64,19685,10418,otro
2025,G,provisorio,DIP_CABA,CABA,15,comuna 15,163,seamos libres,80,14547,7944,otro
2025,G,provisorio,DIP_CABA,CABA,15,comuna 15,164,seamos libres,53,15214,8096,otro
2025,G,provisorio,DIP_CABA,CABA,15,comuna 15,165,seamos libres,63,22141,13131,otro
2025,G,provisorio,DIP_CABA,CABA,15,comuna 15,166,seamos libres,50,17752,11362,otro
2025,G,provisorio,DIP_CABA,CABA,15,comuna 15,167,seamos libres,33,13635,8834,otro
2025,G,provisorio,DIP_CABA,CABA,1,comuna 01,1,unión porteña libertaria,46,12557,6398,otro
2025,G,provisorio,DIP_CABA,CABA,1,comuna 01,2,unión porteña libertaria,25,12110,5475,otro
2025,G,provisorio,DIP_CABA,CABA,1,comuna 01,3,unión porteña libertaria,16,3962,1989,otro
2025,G,provisorio,DIP_CABA,CABA,1,comuna 01,4,unión porteña libertaria,3,3143,1502,otro
2025,G,provisorio,DIP_CABA,CABA,1,comuna 01,5,unión porteña libertaria,147,31029,8859,otro
2025,G,provisorio,DIP_CABA,CABA,1,comuna 01,6,unión porteña libertaria,50,19270,8998,otro
2025,G,provisorio,DIP_CABA,CABA,1,comuna 01,7,unión porteña libertaria,28,9533,4737,otro
2025,G,provisorio,DIP_CABA,CABA,1,comuna 01,8,unión porteña libertaria,24,11664,4552,otro
2025,G,provisorio,DIP_CABA,CABA,1,comuna 01,9,unión porteña libertaria,42,17073,6090,otro
2025,G,provisorio,DIP_CABA,CABA,1,comuna 01,10,unión porteña libertaria,36,14181,6502,otro
2025,G,provisorio,DIP_CABA,CABA,1,comuna 01,11,unión porteña libertaria,48,17022,6867,otro
2025,G,provisorio,DIP_CABA,CABA,1,comuna 01,12,unión porteña libertaria,46,14241,6183,otro
2025,G,provisorio,DIP_CABA,CABA,1,comuna 01,13,unión porteña libertaria,42,15923,7257,otro
2025,G,provisorio,DIP_CABA,CABA,1,comuna 01,14,unión porteña libertaria,25,7319,2891,otro
2025,G,provisorio,DIP_CABA,CABA,1,comuna 01,15,unión porteña libertaria,30,10624,4535,otro
2025,G,provisorio,DIP_CABA,CABA,1,comuna 01,16,unión porteña libertaria,33,10385,4709,otro
2025,G,provisorio,DIP_CABA,CABA,1,comuna 01,17,unión porteña libertaria,44,15138,6549,otro
2025,G,provisorio,DIP_CABA,CABA,1,comuna 01,18,unión porteña libertaria,31,9466,3926,otro
2025,G,provisorio,DIP_CABA,CABA,1,comuna 01,19,unión porteña libertaria,67,15125,6064,otro
2025,G,provisorio,DIP_CABA,CABA,2,comuna 02,20,unión porteña libertaria,31,9021,4323,otro
2025,G,provisorio,DIP_CABA,CABA,2,comuna 02,21,unión porteña libertaria,33,15247,7823,otro
2025,G,provisorio,DIP_CABA,CABA,2,comuna 02,22,unión porteña libertaria,44,17590,9476,otro
2025,G,provisorio,DIP_CABA,CABA,2,comuna 02,23,unión porteña libertaria,62,22530,11985,otro
2025,G,provisorio,DIP_CABA,CABA,2,comuna 02,24,unión porteña libertaria,33,14506,8002,otro
2025,G,provisorio,DIP_CABA,CABA,2,comuna 02,25,unión porteña libertaria,37,14754,7685,otro
2025,G,provisorio,DIP_CABA,CABA,2,comuna 02,26,unión porteña libertaria,53,18701,9906,otro
2025,G,provisorio,DIP_CABA,CABA,2,comuna 02,27,unión porteña libertaria,47,14752,7373,otro
2025,G,provisorio,DIP_CABA,CABA,2,comuna 02,28,unión porteña libertaria,43,21136,10954,otro
2025,G,provisorio,DIP_CABA,CABA,2,comuna 02,29,unión porteña libertaria,40,13637,7285,otro
2025,G,provisorio,DIP_CABA,CABA,3,comuna 03,30,unión porteña libertaria,69,15092,6373,otro
2025,G,provisorio,DIP_CABA,CABA,3,comuna 03,31,unión porteña libertaria,62,18180,7289,otro
2025,G,provisorio,DIP_CABA,CABA,3,comuna 03,32,unión porteña libertaria,47,14599,6519,otro
2025,G,provisorio,DIP_CABA,CABA,3,comuna 03,33,unión porteña libertaria,51,14067,5487,otro
2025,G,provisorio,DIP_CABA,CABA,3,comuna 03,34,unión porteña libertaria,61,19917,8457,otro
2025,G,provisorio,DIP_CABA,CABA,3,comuna 03,35,unión porteña libertaria,54,16245,7703,otro
2025,G,provisorio,DIP_CABA,CABA,3,comuna 03,36,unión porteña libertaria,40,10505,5190,otro
2025,G,provisorio,DIP_CABA,CABA,3,comuna 03,37,unión porteña libertaria,26,13496,6609,otro
2025,G,provisorio,DIP_CABA,CABA,3,comuna 03,38,unión porteña libertaria,71,15350,7532,otro
2025,G,provisorio,DIP_CABA,CABA,3,comuna 03,39,unión porteña libertaria,46,15614,7792,otro
2025,G,provisorio,DIP_CABA,CABA,3,comuna 03,40,unión porteña libertaria,27,10929,6418,otro
2025,G,provisorio,DIP_CABA,CABA,3,comuna 03,41,unión porteña libertaria,80,21815,11478,otro
2025,G,provisorio,DIP_CABA,CABA,3,comuna 03,42,unión porteña libertaria,68,18525,9518,otro
2025,G,provisorio,DIP_CABA,CABA,4,comuna 04,43,unión porteña libertaria,55,13659,8042,otro
2025,G,provisorio,DIP_CABA,CABA,4,comuna 04,44,unión porteña libertaria,37,10358,6082,otro
2025,G,provisorio,DIP_CABA,CABA,4,comuna 04,45,unión porteña libertaria,43,8755,4516,otro
2025,G,provisorio,DIP_CABA,CABA,4,comuna 04,46,unión porteña libertaria,26,8419,4106,otro
2025,G,provisorio,DIP_CABA,CABA,4,comuna 04,47,unión porteña libertaria,295,37329,11026,otro
2025,G,provisorio,DIP_CABA,CABA,4,comuna 04,48,unión porteña libertaria,48,15552,8076,otro
2025,G,provisorio,DIP_CABA,CABA,4,comuna 04,49,unión porteña libertaria,59,13436,7193,otro
2025,G,provisorio,DIP_CABA,CABA,4,comuna 04,50,unión porteña libertaria,48,15226,8786,otro
2025,G,provisorio,DIP_CABA,CABA,4,comuna 04,51,unión porteña libertaria,35,10813,6480,otro
2025,G,provisorio,DIP_CABA,CABA,4,comuna 04,52,unión porteña libertaria,75,13957,6544,otro
2025,G,provisorio,DIP_CABA,CABA,4,comuna 04,53,unión porteña libertaria,104,17072,7819,otro
2025,G,provisorio,DIP_CABA,CABA,4,comuna 04,54,unión porteña libertaria,54,17890,9570,otro
2025,G,provisorio,DIP_CABA,CABA,4,comuna 04,55,unión porteña libertaria,76,12094,6057,otro
2025,G,provisorio,DIP_CABA,CABA,4,comuna 04,56,unión porteña libertaria,58,11838,5982,otro
2025,G,provisorio,DIP_CABA,CABA,4,comuna 04,57,unión porteña libertaria,85,23039,12121,otro
2025,G,provisorio,DIP_CABA,CABA,5,comuna 05,58,unión porteña libertaria,68,16081,9511,otro
2025,G,provisorio,DIP_CABA,CABA,5,comuna 05,59,unión porteña libertaria,38,14324,8544,otro
2025,G,provisorio,DIP_CABA,CABA,5,comuna 05,60,unión porteña libertaria,46,17426,10563,otro
2025,G,provisorio,DIP_CABA,CABA,5,comuna 05,61,unión porteña libertaria,48,16442,10107,otro
2025,G,provisorio,DIP_CABA,CABA,5,comuna 05,62,unión porteña libertaria,39,11770,6780,otro
2025,G,provisorio,DIP_CABA,CABA,5,comuna 05,63,unión porteña libertaria,73,22766,12949,otro
2025,G,provisorio,DIP_CABA,CABA,5,comuna 05,64,unión porteña libertaria,59,25789,13669,otro
2025,G,provisorio,DIP_CABA,CABA,5,comuna 05,65,unión porteña libertaria,63,17044,8670,otro
2025,G,provisorio,DIP_CABA,CABA,5,comuna 05,66,unión porteña libertaria,35,15176,8657,otro
2025,G,provisorio,DIP_CABA,CABA,5,comuna 05,67,unión porteña libertaria,70,23365,13231,otro
2025,G,provisorio,DIP_CABA,CABA,6,comuna 06,68,unión porteña libertaria,65,22019,13406,otro
2025,G,provisorio,DIP_CABA,CABA,6,comuna 06,69,unión porteña libertaria,65,31181,19526,otro
2025,G,provisorio,DIP_CABA,CABA,6,comuna 06,70,unión porteña libertaria,89,29072,17461,otro
2025,G,provisorio,DIP_CABA,CABA,6,comuna 06,71,unión porteña libertaria,81,33919,21037,otro
2025,G,provisorio,DIP_CABA,CABA,6,comuna 06,72,unión porteña libertaria,72,14881,9130,otro
2025,G,provisorio,DIP_CABA,CABA,6,comuna 06,73,unión porteña libertaria,60,19449,12322,otro
2025,G,provisorio,DIP_CABA,CABA,6,comuna 06,74,unión porteña libertaria,67,26575,16675,otro
2025,G,provisorio,DIP_CABA,CABA,7,comuna 07,75,unión porteña libertaria,30,11210,7160,otro
2025,G,provisorio,DIP_CABA,CABA,7,comuna 07,76,unión porteña libertaria,58,18001,11467,otro
2025,G,provisorio,DIP_CABA,CABA,7,comuna 07,77,unión porteña libertaria,64,15468,9169,otro
2025,G,provisorio,DIP_CABA,CABA,7,comuna 07,78,unión porteña libertaria,55,13647,7411,otro
2025,G,provisorio,DIP_CABA,CABA,7,comuna 07,79,unión porteña libertaria,49,17377,7926,otro
2025,G,provisorio,DIP_CABA,CABA,7,comuna 07,80,unión porteña libertaria,43,15082,9261,otro
2025,G,provisorio,DIP_CABA,CABA,7,comuna 07,81,unión porteña libertaria,35,14671,8155,otro
2025,G,provisorio,DIP_CABA,CABA,7,comuna 07,82,unión porteña libertaria,52,17804,9600,otro
2025,G,provisorio,DIP_CABA,CABA,7,comuna 07,83,unión porteña libertaria,63,22788,13340,otro
2025,G,provisorio,DIP_CABA,CABA,7,comuna 07,84,unión porteña libertaria,50,12904,7688,otro
2025,G,provisorio,DIP_CABA,CABA,7,comuna 07,85,unión porteña libertaria,26,8404,5445,otro
2025,G,provisorio,DIP_CABA,CABA,7,comuna 07,86,unión porteña libertaria,255,57251,20217,otro
2025,G,provisorio,DIP_CABA,CABA,8,comuna 08,87,unión porteña libertaria,248,48702,21437,otro
2025,G,provisorio,DIP_CABA,CABA,8,comuna 08,88,unión porteña libertaria,72,17856,10430,otro
2025,G,provisorio,DIP_CABA,CABA,8,comuna 08,89,unión porteña libertaria,316,69053,31837,otro
2025,G,provisorio,DIP_CABA,CABA,8,comuna 08,90,unión porteña libertaria,273,66139,28468,otro
2025,G,provisorio,DIP_CABA,CABA,9,comuna 09,91,unión porteña libertaria,117,16358,6959,otro
2025,G,provisorio,DIP_CABA,CABA,9,comuna 09,92,unión porteña libertaria,65,17131,9187,otro
2025,G,provisorio,DIP_CABA,CABA,9,comuna 09,93,unión porteña libertaria,50,10006,5686,otro
2025,G,provisorio,DIP_CABA,CABA,9,comuna 09,94,unión porteña libertaria,52,12335,7211,otro
2025,G,provisorio,DIP_CABA,CABA,9,comuna 09,95,unión porteña libertaria,67,19872,11600,otro
2025,G,provisorio,DIP_CABA,CABA,9,comuna 09,96,unión porteña libertaria,76,15064,7938,otro
2025,G,provisorio,DIP_CABA,CABA,9,comuna 09,97,unión porteña libertaria,61,13514,7263,otro
2025,G,provisorio,DIP_CABA,CABA,9,comuna 09,98,unión porteña libertaria,88,23996,14341,otro
2025,G,provisorio,DIP_CABA,CABA,9,comuna 09,99,unión porteña libertaria,49,11808,7546,otro
2025,G,provisorio,DIP_CABA,CABA,9,comuna 09,100,unión porteña libertaria,66,15274,9774,otro
2025,G,provisorio,DIP_CABA,CABA,9,comuna 09,101,unión porteña libertaria,66,20333,10878,otro
2025,G,provisorio,DIP_CABA,CABA,10,comuna 10,102,unión porteña libertaria,42,13869,9045,otro
2025,G,provisorio,DIP_CABA,CABA,10,comuna 10,103,unión porteña libertaria,54,13314,8227,otro
2025,G,provisorio,DIP_CABA,CABA,10,comuna 10,104,unión porteña libertaria,33,13095,8452,otro
2025,G,provisorio,DIP_CABA,CABA,10,comuna 10,105,unión porteña libertaria,69,20263,12792,otro
2025,G,provisorio,DIP_CABA,CABA,10,comuna 10,106,unión porteña libertaria,34,12239,7734,otro
2025,G,provisorio,DIP_CABA,CABA,10,comuna 10,107,unión porteña libertaria,70,21296,13225,otro
2025,G,provisorio,DIP_CABA,CABA,10,comuna 10,108,unión porteña libertaria,39,13017,8181,otro
2025,G,provisorio,DIP_CABA,CABA,10,comuna 10,109,unión porteña libertaria,81,21713,12618,otro
2025,G,provisorio,DIP_CABA,CABA,10,comuna 10,110,unión porteña libertaria,35,10717,6703,otro
2025,G,provisorio,DIP_CABA,CABA,10,comuna 10,111,unión porteña libertaria,46,15847,7336,otro
2025,G,provisorio,DIP_CABA,CABA,10,comuna 10,112,unión porteña libertaria,46,10438,5449,otro
2025,G,provisorio,DIP_CABA,CABA,11,comuna 11,113,unión porteña libertaria,47,14377,8785,otro
2025,G,provisorio,DIP_CABA,CABA,11,comuna 11,114,unión porteña libertaria,58,19428,11722,otro
2025,G,provisorio,DIP_CABA,CABA,11,comuna 11,115,unión porteña libertaria,42,13809,8154,otro
2025,G,provisorio,DIP_CABA,CABA,11,comuna 11,116,unión porteña libertaria,69,19378,11815,otro
2025,G,provisorio,DIP_CABA,CABA,11,comuna 11,117,unión porteña libertaria,72,19769,12638,otro
2025,G,provisorio,DIP_CABA,CABA,11,comuna 11,118,unión porteña libertaria,51,15712,10030,otro
2025,G,provisorio,DIP_CABA,CABA,11,comuna 11,119,unión porteña libertaria,63,18859,12384,otro
2025,G,provisorio,DIP_CABA,CABA,11,comuna 11,120,unión porteña libertaria,51,20171,12954,otro
2025,G,provisorio,DIP_CABA,CABA,11,comuna 11,121,unión porteña libertaria,50,16169,10287,otro
2025,G,provisorio,DIP_CABA,CABA,11,comuna 11,122,unión porteña libertaria,43,14300,9205,otro
2025,G,provisorio,DIP_CABA,CABA,11,comuna 11,123,unión porteña libertaria,43,15251,9861,otro
2025,G,provisorio,DIP_CABA,CABA,12,comuna 12,124,unión porteña libertaria,59,17084,11292,otro
2025,G,provisorio,DIP_CABA,CABA,12,comuna 12,125,unión porteña libertaria,89,23239,14921,otro
2025,G,provisorio,DIP_CABA,CABA,12,comuna 12,126,unión porteña libertaria,78,19090,12260,otro
2025,G,provisorio,DIP_CABA,CABA,12,comuna 12,127,unión porteña libertaria,83,27118,17025,otro
2025,G,provisorio,DIP_CABA,CABA,12,comuna 12,128,unión porteña libertaria,75,22151,14004,otro
2025,G,provisorio,DIP_CABA,CABA,12,comuna 12,129,unión porteña libertaria,94,29370,18077,otro
2025,G,provisorio,DIP_CABA,CABA,12,comuna 12,130,unión porteña libertaria,64,19615,12171,otro
2025,G,provisorio,DIP_CABA,CABA,12,comuna 12,131,unión porteña libertaria,24,5958,3857,otro
2025,G,provisorio,DIP_CABA,CABA,12,comuna 12,132,unión porteña libertaria,89,22103,13378,otro
2025,G,provisorio,DIP_CABA,CABA,12,comuna 12,133,unión porteña libertaria,79,22112,13784,otro
2025,G,provisorio,DIP_CABA,CABA,13,comuna 13,134,unión porteña libertaria,25,9619,5523,otro
2025,G,provisorio,DIP_CABA,CABA,13,comuna 13,135,unión porteña libertaria,30,13442,7980,otro
2025,G,provisorio,DIP_CABA,CABA,13,comuna 13,136,unión porteña libertaria,50,16440,9806,otro
2025,G,provisorio,DIP_CABA,CABA,13,comuna 13,137,unión porteña libertaria,40,15554,9340,otro
2025,G,provisorio,DIP_CABA,CABA,13,comuna 13,138,unión porteña libertaria,86,32936,18911,otro
2025,G,provisorio,DIP_CABA,CABA,13,comuna 13,139,unión porteña libertaria,67,20589,11722,otro
2025,G,provisorio,DIP_CABA,CABA,13,comuna 13,140,unión porteña libertaria,27,10547,5560,otro
2025,G,provisorio,DIP_CABA,CABA,13,comuna 13,141,unión porteña libertaria,53,16421,9546,otro
2025,G,provisorio,DIP_CABA,CABA,13,comuna 13,142,unión porteña libertaria,54,27238,15606,otro
2025,G,provisorio,DIP_CABA,CABA,13,comuna 13,143,unión porteña libertaria,44,19838,11470,otro
2025,G,provisorio,DIP_CABA,CABA,13,comuna 13,144,unión porteña libertaria,19,8767,5296,otro
2025,G,provisorio,DIP_CABA,CABA,13,comuna 13,145,unión porteña libertaria,64,16405,10306,otro
2025,G,provisorio,DIP_CABA,CABA,13,comuna 13,146,unión porteña libertaria,34,12536,7552,otro
2025,G,provisorio,DIP_CABA,CABA,13,comuna 13,147,unión porteña libertaria,72,23117,12987,otro
2025,G,provisorio,DIP_CABA,CABA,14,comuna 14,148,unión porteña libertaria,72,25385,14238,otro
2025,G,provisorio,DIP_CABA,CABA,14,comuna 14,149,unión porteña libertaria,73,29262,15659,otro
2025,G,provisorio,DIP_CABA,CABA,14,comuna 14,150,unión porteña libertaria,43,14420,7686,otro
2025,G,provisorio,DIP_CABA,CABA,14,comuna 14,151,unión porteña libertaria,51,30540,15689,otro
2025,G,provisorio,DIP_CABA,CABA,14,comuna 14,152,unión porteña libertaria,58,22485,12142,otro
2025,G,provisorio,DIP_CABA,CABA,14,comuna 14,153,unión porteña libertaria,82,27011,14914,otro
2025,G,provisorio,DIP_CABA,CABA,14,comuna 14,154,unión porteña libertaria,81,32341,16658,otro
2025,G,provisorio,DIP_CABA,CABA,14,comuna 14,155,unión porteña libertaria,84,29556,15250,otro
2025,G,provisorio,DIP_CABA,CABA,14,comuna 14,156,unión porteña libertaria,29,11665,6146,otro
2025,G,provisorio,DIP_CABA,CABA,14,comuna 14,157,unión porteña libertaria,59,19454,10411,otro
2025,G,provisorio,DIP_CABA,CABA,15,comuna 15,158,unión porteña libertaria,59,22962,13096,otro
2025,G,provisorio,DIP_CABA,CABA,15,comuna 15,159,unión porteña libertaria,40,14495,8153,otro
2025,G,provisorio,DIP_CABA,CABA,15,comuna 15,160,unión porteña libertaria,69,26240,14714,otro
2025,G,provisorio,DIP_CABA,CABA,15,comuna 15,161,unión porteña libertaria,68,22469,13239,otro
2025,G,provisorio,DIP_CABA,CABA,15,comuna 15,162,unión porteña libertaria,79,19685,10418,otro
2025,G,provisorio,DIP_CABA,CABA,15,comuna 15,163,unión porteña libertaria,49,14547,7944,otro
2025,G,provisorio,DIP_CABA,CABA,15,comuna 15,164,unión porteña libertaria,57,15214,8096,otro
2025,G,provisorio,DIP_CABA,CABA,15,comuna 15,165,unión porteña libertaria,77,22141,13131,otro
2025,G,provisorio,DIP_CABA,CABA,15,comuna 15,166,unión porteña libertaria,49,17752,11362,otro
2025,G,provisorio,DIP_CABA,CABA,15,comuna 15,167,unión porteña libertaria,50,13635,8834,otro
2025,G,provisorio,DIP_CABA,CABA,1,comuna 01,1,unión del centro democrático,167,12557,6398,otro
2025,G,provisorio,DIP_CABA,CABA,1,comuna 01,2,unión del centro democrático,121,12110,5475,otro
2025,G,provisorio,DIP_CABA,CABA,1,comuna 01,3,unión del centro democrático,65,3962,1989,otro
2025,G,provisorio,DIP_CABA,CABA,1,comuna 01,4,unión del centro democrático,45,3143,1502,otro
2025,G,provisorio,DIP_CABA,CABA,1,comuna 01,5,unión del centro democrático,165,31029,8859,otro
2025,G,provisorio,DIP_CABA,CABA,1,comuna 01,6,unión del centro democrático,357,19270,8998,otro
2025,G,provisorio,DIP_CABA,CABA,1,comuna 01,7,unión del centro democrático,180,9533,4737,otro
2025,G,provisorio,DIP_CABA,CABA,1,comuna 01,8,unión del centro democrático,182,11664,4552,otro
2025,G,provisorio,DIP_CABA,CABA,1,comuna 01,9,unión del centro democrático,248,17073,6090,otro
2025,G,provisorio,DIP_CABA,CABA,1,comuna 01,10,unión del centro democrático,201,14181,6502,otro
2025,G,provisorio,DIP_CABA,CABA,1,comuna 01,11,unión del centro democrático,241,17022,6867,otro
2025,G,provisorio,DIP_CABA,CABA,1,comuna 01,12,unión del centro democrático,222,14241,6183,otro
2025,G,provisorio,DIP_CABA,CABA,1,comuna 01,13,unión del centro democrático,194,15923,7257,otro
2025,G,provisorio,DIP_CABA,CABA,1,comuna 01,14,unión del centro democrático,107,7319,2891,otro
2025,G,provisorio,DIP_CABA,CABA,1,comuna 01,15,unión del centro democrático,126,10624,4535,otro
2025,G,provisorio,DIP_CABA,CABA,1,comuna 01,16,unión del centro democrático,145,10385,4709,otro
2025,G,provisorio,DIP_CABA,CABA,1,comuna 01,17,unión del centro democrático,193,15138,6549,otro
2025,G,provisorio,DIP_CABA,CABA,1,comuna 01,18,unión del centro democrático,130,9466,3926,otro
2025,G,provisorio,DIP_CABA,CABA,1,comuna 01,19,unión del centro democrático,193,15125,6064,otro
2025,G,provisorio,DIP_CABA,CABA,2,comuna 02,20,unión del centro democrático,154,9021,4323,otro
2025,G,provisorio,DIP_CABA,CABA,2,comuna 02,21,unión del centro democrático,281,15247,7823,otro
2025,G,provisorio,DIP_CABA,CABA,2,comuna 02,22,unión del centro democrático,283,17590,9476,otro
2025,G,provisorio,DIP_CABA,CABA,2,comuna 02,23,unión del centro democrático,339,22530,11985,otro
2025,G,provisorio,DIP_CABA,CABA,2,comuna 02,24,unión del centro democrático,263,14506,8002,otro
2025,G,provisorio,DIP_CABA,CABA,2,comuna 02,25,unión del centro democrático,232,14754,7685,otro
2025,G,provisorio,DIP_CABA,CABA,2,comuna 02,26,unión del centro democrático,408,18701,9906,otro
2025,G,provisorio,DIP_CABA,CABA,2,comuna 02,27,unión del centro democrático,258,14752,7373,otro
2025,G,provisorio,DIP_CABA,CABA,2,comuna 02,28,unión del centro democrático,268,21136,10954,otro
2025,G,provisorio,DIP_CABA,CABA,2,comuna 02,29,unión del centro democrático,203,13637,7285,otro
2025,G,provisorio,DIP_CABA,CABA,3,comuna 03,30,unión del centro democrático,184,15092,6373,otro
2025,G,provisorio,DIP_CABA,CABA,3,comuna 03,31,unión del centro democrático,223,18180,7289,otro
2025,G,provisorio,DIP_CABA,CABA,3,comuna 03,32,unión del centro democrático,151,14599,6519,otro
2025,G,provisorio,DIP_CABA,CABA,3,comuna 03,33,unión del centro democrático,172,14067,5487,otro
2025,G,provisorio,DIP_CABA,CABA,3,comuna 03,34,unión del centro democrático,262,19917,8457,otro
2025,G,provisorio,DIP_CABA,CABA,3,comuna 03,35,unión del centro democrático,203,16245,7703,otro
2025,G,provisorio,DIP_CABA,CABA,3,comuna 03,36,unión del centro democrático,145,10505,5190,otro
2025,G,provisorio,DIP_CABA,CABA,3,comuna 03,37,unión del centro democrático,201,13496,6609,otro
2025,G,provisorio,DIP_CABA,CABA,3,comuna 03,38,unión del centro democrático,224,15350,7532,otro
2025,G,provisorio,DIP_CABA,CABA,3,comuna 03,39,unión del centro democrático,232,15614,7792,otro
2025,G,provisorio,DIP_CABA,CABA,3,comuna 03,40,unión del centro democrático,170,10929,6418,otro
2025,G,provisorio,DIP_CABA,CABA,3,comuna 03,41,unión del centro democrático,294,21815,11478,otro
2025,G,provisorio,DIP_CABA,CABA,3,comuna 03,42,unión del centro democrático,263,18525,9518,otro
2025,G,provisorio,DIP_CABA,CABA,4,comuna 04,43,unión del centro democrático,195,13659,8042,otro
2025,G,provisorio,DIP_CABA,CABA,4,comuna 04,44,unión del centro democrático,140,10358,6082,otro
2025,G,provisorio,DIP_CABA,CABA,4,comuna 04,45,unión del centro democrático,117,8755,4516,otro
2025,G,provisorio,DIP_CABA,CABA,4,comuna 04,46,unión del centro democrático,119,8419,4106,otro
2025,G,provisorio,DIP_CABA,CABA,4,comuna 04,47,unión del centro democrático,320,37329,11026,otro
2025,G,provisorio,DIP_CABA,CABA,4,comuna 04,48,unión del centro democrático,222,15552,8076,otro
2025,G,provisorio,DIP_CABA,CABA,4,comuna 04,49,unión del centro democrático,220,13436,7193,otro
2025,G,provisorio,DIP_CABA,CABA,4,comuna 04,50,unión del centro democrático,248,15226,8786,otro
2025,G,provisorio,DIP_CABA,CABA,4,comuna 04,51,unión del centro democrático,182,10813,6480,otro
2025,G,provisorio,DIP_CABA,CABA,4,comuna 04,52,unión del centro democrático,191,13957,6544,otro
2025,G,provisorio,DIP_CABA,CABA,4,comuna 04,53,unión del centro democrático,194,17072,7819,otro
2025,G,provisorio,DIP_CABA,CABA,4,comuna 04,54,unión del centro democrático,210,17890,9570,otro
2025,G,provisorio,DIP_CABA,CABA,4,comuna 04,55,unión del centro democrático,139,12094,6057,otro
2025,G,provisorio,DIP_CABA,CABA,4,comuna 04,56,unión del centro democrático,172,11838,5982,otro
2025,G,provisorio,DIP_CABA,CABA,4,comuna 04,57,unión del centro democrático,349,23039,12121,otro
2025,G,provisorio,DIP_CABA,CABA,5,comuna 05,58,unión del centro democrático,205,16081,9511,otro
2025,G,provisorio,DIP_CABA,CABA,5,comuna 05,59,unión del centro democrático,209,14324,8544,otro
2025,G,provisorio,DIP_CABA,CABA,5,comuna 05,60,unión del centro democrático,230,17426,10563,otro
2025,G,provisorio,DIP_CABA,CABA,5,comuna 05,61,unión del centro democrático,235,16442,10107,otro
2025,G,provisorio,DIP_CABA,CABA,5,comuna 05,62,unión del centro democrático,194,11770,6780,otro
2025,G,provisorio,DIP_CABA,CABA,5,comuna 05,63,unión del centro democrático,360,22766,12949,otro
2025,G,provisorio,DIP_CABA,CABA,5,comuna 05,64,unión del centro democrático,312,25789,13669,otro
2025,G,provisorio,DIP_CABA,CABA,5,comuna 05,65,unión del centro democrático,243,17044,8670,otro
2025,G,provisorio,DIP_CABA,CABA,5,comuna 05,66,unión del centro democrático,222,15176,8657,otro
2025,G,provisorio,DIP_CABA,CABA,5,comuna 05,67,unión del centro democrático,294,23365,13231,otro
2025,G,provisorio,DIP_CABA,CABA,6,comuna 06,68,unión del centro democrático,278,22019,13406,otro
2025,G,provisorio,DIP_CABA,CABA,6,comuna 06,69,unión del centro democrático,454,31181,19526,otro
2025,G,provisorio,DIP_CABA,CABA,6,comuna 06,70,unión del centro democrático,458,29072,17461,otro
2025,G,provisorio,DIP_CABA,CABA,6,comuna 06,71,unión del centro democrático,531,33919,21037,otro
2025,G,provisorio,DIP_CABA,CABA,6,comuna 06,72,unión del centro democrático,198,14881,9130,otro
2025,G,provisorio,DIP_CABA,CABA,6,comuna 06,73,unión del centro democrático,274,19449,12322,otro
2025,G,provisorio,DIP_CABA,CABA,6,comuna 06,74,unión del centro democrático,398,26575,16675,otro
2025,G,provisorio,DIP_CABA,CABA,7,comuna 07,75,unión del centro democrático,171,11210,7160,otro
2025,G,provisorio,DIP_CABA,CABA,7,comuna 07,76,unión del centro democrático,255,18001,11467,otro
2025,G,provisorio,DIP_CABA,CABA,7,comuna 07,77,unión del centro democrático,240,15468,9169,otro
2025,G,provisorio,DIP_CABA,CABA,7,comuna 07,78,unión del centro democrático,204,13647,7411,otro
2025,G,provisorio,DIP_CABA,CABA,7,comuna 07,79,unión del centro democrático,230,17377,7926,otro
2025,G,provisorio,DIP_CABA,CABA,7,comuna 07,80,unión del centro democrático,221,15082,9261,otro
2025,G,provisorio,DIP_CABA,CABA,7,comuna 07,81,unión del centro democrático,183,14671,8155,otro
2025,G,provisorio,DIP_CABA,CABA,7,comuna 07,82,unión del centro democrático,238,17804,9600,otro
2025,G,provisorio,DIP_CABA,CABA,7,comuna 07,83,unión del centro democrático,359,22788,13340,otro
2025,G,provisorio,DIP_CABA,CABA,7,comuna 07,84,unión del centro democrático,202,12904,7688,otro
2025,G,provisorio,DIP_CABA,CABA,7,comuna 07,85,unión del centro democrático,154,8404,5445,otro
2025,G,provisorio,DIP_CABA,CABA,7,comuna 07,86,unión del centro democrático,598,57251,20217,otro
2025,G,provisorio,DIP_CABA,CABA,8,comuna 08,87,unión del centro democrático,546,48702,21437,otro
2025,G,provisorio,DIP_CABA,CABA,8,comuna 08,88,unión del centro democrático,291,17856,10430,otro
2025,G,provisorio,DIP_CABA,CABA,8,comuna 08,89,unión del centro democrático,834,69053,31837,otro
2025,G,provisorio,DIP_CABA,CABA,8,comuna 08,90,unión del centro democrático,715,66139,28468,otro
2025,G,provisorio,DIP_CABA,CABA,9,comuna 09,91,unión del centro democrático,190,16358,6959,otro
2025,G,provisorio,DIP_CABA,CABA,9,comuna 09,92,unión del centro democrático,246,17131,9187,otro
2025,G,provisorio,DIP_CABA,CABA,9,comuna 09,93,unión del centro democrático,131,10006,5686,otro
2025,G,provisorio,DIP_CABA,CABA,9,comuna 09,94,unión del centro democrático,165,12335,7211,otro
2025,G,provisorio,DIP_CABA,CABA,9,comuna 09,95,unión del centro democrático,269,19872,11600,otro
2025,G,provisorio,DIP_CABA,CABA,9,comuna 09,96,unión del centro democrático,189,15064,7938,otro
2025,G,provisorio,DIP_CABA,CABA,9,comuna 09,97,unión del centro democrático,142,13514,7263,otro
2025,G,provisorio,DIP_CABA,CABA,9,comuna 09,98,unión del centro democrático,356,23996,14341,otro
2025,G,provisorio,DIP_CABA,CABA,9,comuna 09,99,unión del centro democrático,169,11808,7546,otro
2025,G,provisorio,DIP_CABA,CABA,9,comuna 09,100,unión del centro democrático,246,15274,9774,otro
2025,G,provisorio,DIP_CABA,CABA,9,comuna 09,101,unión del centro democrático,270,20333,10878,otro
2025,G,provisorio,DIP_CABA,CABA,10,comuna 10,102,unión del centro democrático,226,13869,9045,otro
2025,G,provisorio,DIP_CABA,CABA,10,comuna 10,103,unión del centro democrático,196,13314,8227,otro
2025,G,provisorio,DIP_CABA,CABA,10,comuna 10,104,unión del centro democrático,197,13095,8452,otro
2025,G,provisorio,DIP_CABA,CABA,10,comuna 10,105,unión del centro democrático,314,20263,12792,otro
2025,G,provisorio,DIP_CABA,CABA,10,comuna 10,106,unión del centro democrático,191,12239,7734,otro
2025,G,provisorio,DIP_CABA,CABA,10,comuna 10,107,unión del centro democrático,305,21296,13225,otro
2025,G,provisorio,DIP_CABA,CABA,10,comuna 10,108,unión del centro democrático,208,13017,8181,otro
2025,G,provisorio,DIP_CABA,CABA,10,comuna 10,109,unión del centro democrático,304,21713,12618,otro
2025,G,provisorio,DIP_CABA,CABA,10,comuna 10,110,unión del centro democrático,170,10717,6703,otro
2025,G,provisorio,DIP_CABA,CABA,10,comuna 10,111,unión del centro democrático,201,15847,7336,otro
2025,G,provisorio,DIP_CABA,CABA,10,comuna 10,112,unión del centro democrático,153,10438,5449,otro
2025,G,provisorio,DIP_CABA,CABA,11,comuna 11,113,unión del centro democrático,209,14377,8785,otro
2025,G,provisorio,DIP_CABA,CABA,11,comuna 11,114,unión del centro democrático,290,19428,11722,otro
2025,G,provisorio,DIP_CABA,CABA,11,comuna 11,115,unión del centro democrático,178,13809,8154,otro
2025,G,provisorio,DIP_CABA,CABA,11,comuna 11,116,unión del centro democrático,263,19378,11815,otro
2025,G,provisorio,DIP_CABA,CABA,11,comuna 11,117,unión del centro democrático,291,19769,12638,otro
2025,G,provisorio,DIP_CABA,CABA,11,comuna 11,118,unión del centro democrático,258,15712,10030,otro
2025,G,provisorio,DIP_CABA,CABA,11,comuna 11,119,unión del centro democrático,291,18859,12384,otro
2025,G,provisorio,DIP_CABA,CABA,11,comuna 11,120,unión del centro democrático,350,20171,12954,otro
2025,G,provisorio,DIP_CABA,CABA,11,comuna 11,121,unión del centro democrático,316,16169,10287,otro
2025,G,provisorio,DIP_CABA,CABA,11,comuna 11,122,unión del centro democrático,253,14300,9205,otro
2025,G,provisorio,DIP_CABA,CABA,11,comuna 11,123,unión del centro democrático,259,15251,9861,otro
2025,G,provisorio,DIP_CABA,CABA,12,comuna 12,124,unión del centro democrático,256,17084,11292,otro
2025,G,provisorio,DIP_CABA,CABA,12,comuna 12,125,unión del centro democrático,293,23239,14921,otro
2025,G,provisorio,DIP_CABA,CABA,12,comuna 12,126,unión del centro democrático,281,19090,12260,otro
2025,G,provisorio,DIP_CABA,CABA,12,comuna 12,127,unión del centro democrático,451,27118,17025,otro
2025,G,provisorio,DIP_CABA,CABA,12,comuna 12,128,unión del centro democrático,323,22151,14004,otro
2025,G,provisorio,DIP_CABA,CABA,12,comuna 12,129,unión del centro democrático,457,29370,18077,otro
2025,G,provisorio,DIP_CABA,CABA,12,comuna 12,130,unión del centro democrático,303,19615,12171,otro
2025,G,provisorio,DIP_CABA,CABA,12,comuna 12,131,unión del centro democrático,70,5958,3857,otro
2025,G,provisorio,DIP_CABA,CABA,12,comuna 12,132,unión del centro democrático,303,22103,13378,otro
2025,G,provisorio,DIP_CABA,CABA,12,comuna 12,133,unión del centro democrático,370,22112,13784,otro
2025,G,provisorio,DIP_CABA,CABA,13,comuna 13,134,unión del centro democrático,153,9619,5523,otro
2025,G,provisorio,DIP_CABA,CABA,13,comuna 13,135,unión del centro democrático,242,13442,7980,otro
2025,G,provisorio,DIP_CABA,CABA,13,comuna 13,136,unión del centro democrático,261,16440,9806,otro
2025,G,provisorio,DIP_CABA,CABA,13,comuna 13,137,unión del centro democrático,226,15554,9340,otro
2025,G,provisorio,DIP_CABA,CABA,13,comuna 13,138,unión del centro democrático,519,32936,18911,otro
2025,G,provisorio,DIP_CABA,CABA,13,comuna 13,139,unión del centro democrático,363,20589,11722,otro
2025,G,provisorio,DIP_CABA,CABA,13,comuna 13,140,unión del centro democrático,157,10547,5560,otro
2025,G,provisorio,DIP_CABA,CABA,13,comuna 13,141,unión del centro democrático,248,16421,9546,otro
2025,G,provisorio,DIP_CABA,CABA,13,comuna 13,142,unión del centro democrático,476,27238,15606,otro
2025,G,provisorio,DIP_CABA,CABA,13,comuna 13,143,unión del centro democrático,329,19838,11470,otro
2025,G,provisorio,DIP_CABA,CABA,13,comuna 13,144,unión del centro democrático,168,8767,5296,otro
2025,G,provisorio,DIP_CABA,CABA,13,comuna 13,145,unión del centro democrático,237,16405,10306,otro
2025,G,provisorio,DIP_CABA,CABA,13,comuna 13,146,unión del centro democrático,153,12536,7552,otro
2025,G,provisorio,DIP_CABA,CABA,13,comuna 13,147,unión del centro democrático,399,23117,12987,otro
2025,G,provisorio,DIP_CABA,CABA,14,comuna 14,148,unión del centro democrático,468,25385,14238,otro
2025,G,provisorio,DIP_CABA,CABA,14,comuna 14,149,unión del centro democrático,484,29262,15659,otro
2025,G,provisorio,DIP_CABA,CABA,14,comuna 14,150,unión del centro democrático,262,14420,7686,otro
2025,G,provisorio,DIP_CABA,CABA,14,comuna 14,151,unión del centro democrático,432,30540,15689,otro
2025,G,provisorio,DIP_CABA,CABA,14,comuna 14,152,unión del centro democrático,343,22485,12142,otro
2025,G,provisorio,DIP_CABA,CABA,14,comuna 14,153,unión del centro democrático,366,27011,14914,otro
2025,G,provisorio,DIP_CABA,CABA,14,comuna 14,154,unión del centro democrático,420,32341,16658,otro
2025,G,provisorio,DIP_CABA,CABA,14,comuna 14,155,unión del centro democrático,390,29556,15250,otro
2025,G,provisorio,DIP_CABA,CABA,14,comuna 14,156,unión del centro democrático,120,11665,6146,otro
2025,G,provisorio,DIP_CABA,CABA,14,comuna 14,157,unión del centro democrático,232,19454,10411,otro
2025,G,provisorio,DIP_CABA,CABA,15,comuna 15,158,unión del centro democrático,299,22962,13096,otro
2025,G,provisorio,DIP_CABA,CABA,15,comuna 15,159,unión del centro democrático,181,14495,8153,otro
2025,G,provisorio,DIP_CABA,CABA,15,comuna 15,160,unión del centro democrático,281,26240,14714,otro
2025,G,provisorio,DIP_CABA,CABA,15,comuna 15,161,unión del centro democrático,302,22469,13239,otro
2025,G,provisorio,DIP_CABA,CABA,15,comuna 15,162,unión del centro democrático,233,19685,10418,otro
2025,G,provisorio,DIP_CABA,CABA,15,comuna 15,163,unión del centro democrático,176,14547,7944,otro
2025,G,provisorio,DIP_CABA,CABA,15,comuna 15,164,unión del centro democrático,194,15214,8096,otro
2025,G,provisorio,DIP_CABA,CABA,15,comuna 15,165,unión del centro democrático,296,22141,13131,otro
2025,G,provisorio,DIP_CABA,CABA,15,comuna 15,166,unión del centro democrático,258,17752,11362,otro
2025,G,provisorio,DIP_CABA,CABA,15,comuna 15,167,unión del centro democrático,199,13635,8834,otro
2025,G,provisorio,DIP_CABA,CABA,1,comuna 01,1,volvamos buenos aires,517,12557,6398,otro
2025,G,provisorio,DIP_CABA,CABA,1,comuna 01,2,volvamos buenos aires,398,12110,5475,otro
2025,G,provisorio,DIP_CABA,CABA,1,comuna 01,3,volvamos buenos aires,133,3962,1989,otro
2025,G,provisorio,DIP_CABA,CABA,1,comuna 01,4,volvamos buenos aires,83,3143,1502,otro
2025,G,provisorio,DIP_CABA,CABA,1,comuna 01,5,volvamos buenos aires,913,31029,8859,otro
2025,G,provisorio,DIP_CABA,CABA,1,comuna 01,6,volvamos buenos aires,472,19270,8998,otro
2025,G,provisorio,DIP_CABA,CABA,1,comuna 01,7,volvamos buenos aires,335,9533,4737,otro
2025,G,provisorio,DIP_CABA,CABA,1,comuna 01,8,volvamos buenos aires,272,11664,4552,otro
2025,G,provisorio,DIP_CABA,CABA,1,comuna 01,9,volvamos buenos aires,410,17073,6090,otro
2025,G,provisorio,DIP_CABA,CABA,1,comuna 01,10,volvamos buenos aires,477,14181,6502,otro
2025,G,provisorio,DIP_CABA,CABA,1,comuna 01,11,volvamos buenos aires,477,17022,6867,otro
2025,G,provisorio,DIP_CABA,CABA,1,comuna 01,12,volvamos buenos aires,454,14241,6183,otro
2025,G,provisorio,DIP_CABA,CABA,1,comuna 01,13,volvamos buenos aires,579,15923,7257,otro
2025,G,provisorio,DIP_CABA,CABA,1,comuna 01,14,volvamos buenos aires,203,7319,2891,otro
2025,G,provisorio,DIP_CABA,CABA,1,comuna 01,15,volvamos buenos aires,293,10624,4535,otro
2025,G,provisorio,DIP_CABA,CABA,1,comuna 01,16,volvamos buenos aires,356,10385,4709,otro
2025,G,provisorio,DIP_CABA,CABA,1,comuna 01,17,volvamos buenos aires,471,15138,6549,otro
2025,G,provisorio,DIP_CABA,CABA,1,comuna 01,18,volvamos buenos aires,289,9466,3926,otro
2025,G,provisorio,DIP_CABA,CABA,1,comuna 01,19,volvamos buenos aires,462,15125,6064,otro
2025,G,provisorio,DIP_CABA,CABA,2,comuna 02,20,volvamos buenos aires,304,9021,4323,otro
2025,G,provisorio,DIP_CABA,CABA,2,comuna 02,21,volvamos buenos aires,450,15247,7823,otro
2025,G,provisorio,DIP_CABA,CABA,2,comuna 02,22,volvamos buenos aires,771,17590,9476,otro
2025,G,provisorio,DIP_CABA,CABA,2,comuna 02,23,volvamos buenos aires,961,22530,11985,otro
2025,G,provisorio,DIP_CABA,CABA,2,comuna 02,24,volvamos buenos aires,544,14506,8002,otro
2025,G,provisorio,DIP_CABA,CABA,2,comuna 02,25,volvamos buenos aires,563,14754,7685,otro
2025,G,provisorio,DIP_CABA,CABA,2,comuna 02,26,volvamos buenos aires,575,18701,9906,otro
2025,G,provisorio,DIP_CABA,CABA,2,comuna 02,27,volvamos buenos aires,489,14752,7373,otro
2025,G,provisorio,DIP_CABA,CABA,2,comuna 02,28,volvamos buenos aires,855,21136,10954,otro
2025,G,provisorio,DIP_CABA,CABA,2,comuna 02,29,volvamos buenos aires,563,13637,7285,otro
2025,G,provisorio,DIP_CABA,CABA,3,comuna 03,30,volvamos buenos aires,450,15092,6373,otro
2025,G,provisorio,DIP_CABA,CABA,3,comuna 03,31,volvamos buenos aires,568,18180,7289,otro
2025,G,provisorio,DIP_CABA,CABA,3,comuna 03,32,volvamos buenos aires,503,14599,6519,otro
2025,G,provisorio,DIP_CABA,CABA,3,comuna 03,33,volvamos buenos aires,420,14067,5487,otro
2025,G,provisorio,DIP_CABA,CABA,3,comuna 03,34,volvamos buenos aires,614,19917,8457,otro
2025,G,provisorio,DIP_CABA,CABA,3,comuna 03,35,volvamos buenos aires,607,16245,7703,otro
2025,G,provisorio,DIP_CABA,CABA,3,comuna 03,36,volvamos buenos aires,382,10505,5190,otro
2025,G,provisorio,DIP_CABA,CABA,3,comuna 03,37,volvamos buenos aires,491,13496,6609,otro
2025,G,provisorio,DIP_CABA,CABA,3,comuna 03,38,volvamos buenos aires,600,15350,7532,otro
2025,G,provisorio,DIP_CABA,CABA,3,comuna 03,39,volvamos buenos aires,591,15614,7792,otro
2025,G,provisorio,DIP_CABA,CABA,3,comuna 03,40,volvamos buenos aires,532,10929,6418,otro
2025,G,provisorio,DIP_CABA,CABA,3,comuna 03,41,volvamos buenos aires,838,21815,11478,otro
2025,G,provisorio,DIP_CABA,CABA,3,comuna 03,42,volvamos buenos aires,768,18525,9518,otro
2025,G,provisorio,DIP_CABA,CABA,4,comuna 04,43,volvamos buenos aires,645,13659,8042,otro
2025,G,provisorio,DIP_CABA,CABA,4,comuna 04,44,volvamos buenos aires,494,10358,6082,otro
2025,G,provisorio,DIP_CABA,CABA,4,comuna 04,45,volvamos buenos aires,384,8755,4516,otro
2025,G,provisorio,DIP_CABA,CABA,4,comuna 04,46,volvamos buenos aires,322,8419,4106,otro
2025,G,provisorio,DIP_CABA,CABA,4,comuna 04,47,volvamos buenos aires,913,37329,11026,otro
2025,G,provisorio,DIP_CABA,CABA,4,comuna 04,48,volvamos buenos aires,656,15552,8076,otro
2025,G,provisorio,DIP_CABA,CABA,4,comuna 04,49,volvamos buenos aires,562,13436,7193,otro
2025,G,provisorio,DIP_CABA,CABA,4,comuna 04,50,volvamos buenos aires,685,15226,8786,otro
2025,G,provisorio,DIP_CABA,CABA,4,comuna 04,51,volvamos buenos aires,550,10813,6480,otro
2025,G,provisorio,DIP_CABA,CABA,4,comuna 04,52,volvamos buenos aires,549,13957,6544,otro
2025,G,provisorio,DIP_CABA,CABA,4,comuna 04,53,volvamos buenos aires,705,17072,7819,otro
2025,G,provisorio,DIP_CABA,CABA,4,comuna 04,54,volvamos buenos aires,741,17890,9570,otro
2025,G,provisorio,DIP_CABA,CABA,4,comuna 04,55,volvamos buenos aires,553,12094,6057,otro
2025,G,provisorio,DIP_CABA,CABA,4,comuna 04,56,volvamos buenos aires,510,11838,5982,otro
2025,G,provisorio,DIP_CABA,CABA,4,comuna 04,57,volvamos buenos aires,1018,23039,12121,otro
2025,G,provisorio,DIP_CABA,CABA,5,comuna 05,58,volvamos buenos aires,756,16081,9511,otro
2025,G,provisorio,DIP_CABA,CABA,5,comuna 05,59,volvamos buenos aires,639,14324,8544,otro
2025,G,provisorio,DIP_CABA,CABA,5,comuna 05,60,volvamos buenos aires,824,17426,10563,otro
2025,G,provisorio,DIP_CABA,CABA,5,comuna 05,61,volvamos buenos aires,742,16442,10107,otro
2025,G,provisorio,DIP_CABA,CABA,5,comuna 05,62,volvamos buenos aires,528,11770,6780,otro
2025,G,provisorio,DIP_CABA,CABA,5,comuna 05,63,volvamos buenos aires,1021,22766,12949,otro
2025,G,provisorio,DIP_CABA,CABA,5,comuna 05,64,volvamos buenos aires,1131,25789,13669,otro
2025,G,provisorio,DIP_CABA,CABA,5,comuna 05,65,volvamos buenos aires,656,17044,8670,otro
2025,G,provisorio,DIP_CABA,CABA,5,comuna 05,66,volvamos buenos aires,696,15176,8657,otro
2025,G,provisorio,DIP_CABA,CABA,5,comuna 05,67,volvamos buenos aires,1134,23365,13231,otro
2025,G,provisorio,DIP_CABA,CABA,6,comuna 06,68,volvamos buenos aires,1044,22019,13406,otro
2025,G,provisorio,DIP_CABA,CABA,6,comuna 06,69,volvamos buenos aires,1517,31181,19526,otro
2025,G,provisorio,DIP_CABA,CABA,6,comuna 06,70,volvamos buenos aires,1298,29072,17461,otro
2025,G,provisorio,DIP_CABA,CABA,6,comuna 06,71,volvamos buenos aires,1636,33919,21037,otro
2025,G,provisorio,DIP_CABA,CABA,6,comuna 06,72,volvamos buenos aires,706,14881,9130,otro
2025,G,provisorio,DIP_CABA,CABA,6,comuna 06,73,volvamos buenos aires,1031,19449,12322,otro
2025,G,provisorio,DIP_CABA,CABA,6,comuna 06,74,volvamos buenos aires,1399,26575,16675,otro
2025,G,provisorio,DIP_CABA,CABA,7,comuna 07,75,volvamos buenos aires,607,11210,7160,otro
2025,G,provisorio,DIP_CABA,CABA,7,comuna 07,76,volvamos buenos aires,1046,18001,11467,otro
2025,G,provisorio,DIP_CABA,CABA,7,comuna 07,77,volvamos buenos aires,718,15468,9169,otro
2025,G,provisorio,DIP_CABA,CABA,7,comuna 07,78,volvamos buenos aires,580,13647,7411,otro
2025,G,provisorio,DIP_CABA,CABA,7,comuna 07,79,volvamos buenos aires,564,17377,7926,otro
2025,G,provisorio,DIP_CABA,CABA,7,comuna 07,80,volvamos buenos aires,757,15082,9261,otro
2025,G,provisorio,DIP_CABA,CABA,7,comuna 07,81,volvamos buenos aires,653,14671,8155,otro
2025,G,provisorio,DIP_CABA,CABA,7,comuna 07,82,volvamos buenos aires,725,17804,9600,otro
2025,G,provisorio,DIP_CABA,CABA,7,comuna 07,83,volvamos buenos aires,1075,22788,13340,otro
2025,G,provisorio,DIP_CABA,CABA,7,comuna 07,84,volvamos buenos aires,614,12904,7688,otro
2025,G,provisorio,DIP_CABA,CABA,7,comuna 07,85,volvamos buenos aires,449,8404,5445,otro
2025,G,provisorio,DIP_CABA,CABA,7,comuna 07,86,volvamos buenos aires,1433,57251,20217,otro
2025,G,provisorio,DIP_CABA,CABA,8,comuna 08,87,volvamos buenos aires,1688,48702,21437,otro
2025,G,provisorio,DIP_CABA,CABA,8,comuna 08,88,volvamos buenos aires,1039,17856,10430,otro
2025,G,provisorio,DIP_CABA,CABA,8,comuna 08,89,volvamos buenos aires,2934,69053,31837,otro
2025,G,provisorio,DIP_CABA,CABA,8,comuna 08,90,volvamos buenos aires,2474,66139,28468,otro
2025,G,provisorio,DIP_CABA,CABA,9,comuna 09,91,volvamos buenos aires,566,16358,6959,otro
2025,G,provisorio,DIP_CABA,CABA,9,comuna 09,92,volvamos buenos aires,719,17131,9187,otro
2025,G,provisorio,DIP_CABA,CABA,9,comuna 09,93,volvamos buenos aires,454,10006,5686,otro
2025,G,provisorio,DIP_CABA,CABA,9,comuna 09,94,volvamos buenos aires,537,12335,7211,otro
2025,G,provisorio,DIP_CABA,CABA,9,comuna 09,95,volvamos buenos aires,897,19872,11600,otro
2025,G,provisorio,DIP_CABA,CABA,9,comuna 09,96,volvamos buenos aires,640,15064,7938,otro
2025,G,provisorio,DIP_CABA,CABA,9,comuna 09,97,volvamos buenos aires,635,13514,7263,otro
2025,G,provisorio,DIP_CABA,CABA,9,comuna 09,98,volvamos buenos aires,1208,23996,14341,otro
2025,G,provisorio,DIP_CABA,CABA,9,comuna 09,99,volvamos buenos aires,589,11808,7546,otro
2025,G,provisorio,DIP_CABA,CABA,9,comuna 09,100,volvamos buenos aires,891,15274,9774,otro
2025,G,provisorio,DIP_CABA,CABA,9,comuna 09,101,volvamos buenos aires,928,20333,10878,otro
2025,G,provisorio,DIP_CABA,CABA,10,comuna 10,102,volvamos buenos aires,833,13869,9045,otro
2025,G,provisorio,DIP_CABA,CABA,10,comuna 10,103,volvamos buenos aires,755,13314,8227,otro
2025,G,provisorio,DIP_CABA,CABA,10,comuna 10,104,volvamos buenos aires,720,13095,8452,otro
2025,G,provisorio,DIP_CABA,CABA,10,comuna 10,105,volvamos buenos aires,1077,20263,12792,otro
2025,G,provisorio,DIP_CABA,CABA,10,comuna 10,106,volvamos buenos aires,607,12239,7734,otro
2025,G,provisorio,DIP_CABA,CABA,10,comuna 10,107,volvamos buenos aires,1125,21296,13225,otro
2025,G,provisorio,DIP_CABA,CABA,10,comuna 10,108,volvamos buenos aires,631,13017,8181,otro
2025,G,provisorio,DIP_CABA,CABA,10,comuna 10,109,volvamos buenos aires,964,21713,12618,otro
2025,G,provisorio,DIP_CABA,CABA,10,comuna 10,110,volvamos buenos aires,534,10717,6703,otro
2025,G,provisorio,DIP_CABA,CABA,10,comuna 10,111,volvamos buenos aires,608,15847,7336,otro
2025,G,provisorio,DIP_CABA,CABA,10,comuna 10,112,volvamos buenos aires,415,10438,5449,otro
2025,G,provisorio,DIP_CABA,CABA,11,comuna 11,113,volvamos buenos aires,754,14377,8785,otro
2025,G,provisorio,DIP_CABA,CABA,11,comuna 11,114,volvamos buenos aires,1063,19428,11722,otro
2025,G,provisorio,DIP_CABA,CABA,11,comuna 11,115,volvamos buenos aires,683,13809,8154,otro
2025,G,provisorio,DIP_CABA,CABA,11,comuna 11,116,volvamos buenos aires,983,19378,11815,otro
2025,G,provisorio,DIP_CABA,CABA,11,comuna 11,117,volvamos buenos aires,1151,19769,12638,otro
2025,G,provisorio,DIP_CABA,CABA,11,comuna 11,118,volvamos buenos aires,891,15712,10030,otro
2025,G,provisorio,DIP_CABA,CABA,11,comuna 11,119,volvamos buenos aires,1092,18859,12384,otro
2025,G,provisorio,DIP_CABA,CABA,11,comuna 11,120,volvamos buenos aires,1203,20171,12954,otro
2025,G,provisorio,DIP_CABA,CABA,11,comuna 11,121,volvamos buenos aires,872,16169,10287,otro
2025,G,provisorio,DIP_CABA,CABA,11,comuna 11,122,volvamos buenos aires,697,14300,9205,otro
2025,G,provisorio,DIP_CABA,CABA,11,comuna 11,123,volvamos buenos aires,827,15251,9861,otro
2025,G,provisorio,DIP_CABA,CABA,12,comuna 12,124,volvamos buenos aires,957,17084,11292,otro
2025,G,provisorio,DIP_CABA,CABA,12,comuna 12,125,volvamos buenos aires,1301,23239,14921,otro
2025,G,provisorio,DIP_CABA,CABA,12,comuna 12,126,volvamos buenos aires,1065,19090,12260,otro
2025,G,provisorio,DIP_CABA,CABA,12,comuna 12,127,volvamos buenos aires,1556,27118,17025,otro
2025,G,provisorio,DIP_CABA,CABA,12,comuna 12,128,volvamos buenos aires,1325,22151,14004,otro
2025,G,provisorio,DIP_CABA,CABA,12,comuna 12,129,volvamos buenos aires,1676,29370,18077,otro
2025,G,provisorio,DIP_CABA,CABA,12,comuna 12,130,volvamos buenos aires,1026,19615,12171,otro
2025,G,provisorio,DIP_CABA,CABA,12,comuna 12,131,volvamos buenos aires,354,5958,3857,otro
2025,G,provisorio,DIP_CABA,CABA,12,comuna 12,132,volvamos buenos aires,1109,22103,13378,otro
2025,G,provisorio,DIP_CABA,CABA,12,comuna 12,133,volvamos buenos aires,1095,22112,13784,otro
2025,G,provisorio,DIP_CABA,CABA,13,comuna 13,134,volvamos buenos aires,383,9619,5523,otro
2025,G,provisorio,DIP_CABA,CABA,13,comuna 13,135,volvamos buenos aires,624,13442,7980,otro
2025,G,provisorio,DIP_CABA,CABA,13,comuna 13,136,volvamos buenos aires,778,16440,9806,otro
2025,G,provisorio,DIP_CABA,CABA,13,comuna 13,137,volvamos buenos aires,804,15554,9340,otro
2025,G,provisorio,DIP_CABA,CABA,13,comuna 13,138,volvamos buenos aires,1557,32936,18911,otro
2025,G,provisorio,DIP_CABA,CABA,13,comuna 13,139,volvamos buenos aires,1005,20589,11722,otro
2025,G,provisorio,DIP_CABA,CABA,13,comuna 13,140,volvamos buenos aires,494,10547,5560,otro
2025,G,provisorio,DIP_CABA,CABA,13,comuna 13,141,volvamos buenos aires,629,16421,9546,otro
2025,G,provisorio,DIP_CABA,CABA,13,comuna 13,142,volvamos buenos aires,1066,27238,15606,otro
2025,G,provisorio,DIP_CABA,CABA,13,comuna 13,143,volvamos buenos aires,960,19838,11470,otro
2025,G,provisorio,DIP_CABA,CABA,13,comuna 13,144,volvamos buenos aires,430,8767,5296,otro
2025,G,provisorio,DIP_CABA,CABA,13,comuna 13,145,volvamos buenos aires,833,16405,10306,otro
2025,G,provisorio,DIP_CABA,CABA,13,comuna 13,146,volvamos buenos aires,667,12536,7552,otro
2025,G,provisorio,DIP_CABA,CABA,13,comuna 13,147,volvamos buenos aires,1100,23117,12987,otro
2025,G,provisorio,DIP_CABA,CABA,14,comuna 14,148,volvamos buenos aires,1025,25385,14238,otro
2025,G,provisorio,DIP_CABA,CABA,14,comuna 14,149,volvamos buenos aires,1151,29262,15659,otro
2025,G,provisorio,DIP_CABA,CABA,14,comuna 14,150,volvamos buenos aires,462,14420,7686,otro
2025,G,provisorio,DIP_CABA,CABA,14,comuna 14,151,volvamos buenos aires,1145,30540,15689,otro
2025,G,provisorio,DIP_CABA,CABA,14,comuna 14,152,volvamos buenos aires,959,22485,12142,otro
2025,G,provisorio,DIP_CABA,CABA,14,comuna 14,153,volvamos buenos aires,1244,27011,14914,otro
2025,G,provisorio,DIP_CABA,CABA,14,comuna 14,154,volvamos buenos aires,1355,32341,16658,otro
2025,G,provisorio,DIP_CABA,CABA,14,comuna 14,155,volvamos buenos aires,1284,29556,15250,otro
2025,G,provisorio,DIP_CABA,CABA,14,comuna 14,156,volvamos buenos aires,535,11665,6146,otro
2025,G,provisorio,DIP_CABA,CABA,14,comuna 14,157,volvamos buenos aires,876,19454,10411,otro
2025,G,provisorio,DIP_CABA,CABA,15,comuna 15,158,volvamos buenos aires,1024,22962,13096,otro
2025,G,provisorio,DIP_CABA,CABA,15,comuna 15,159,volvamos buenos aires,699,14495,8153,otro
2025,G,provisorio,DIP_CABA,CABA,15,comuna 15,160,volvamos buenos aires,1220,26240,14714,otro
2025,G,provisorio,DIP_CABA,CABA,15,comuna 15,161,volvamos buenos aires,1052,22469,13239,otro
2025,G,provisorio,DIP_CABA,CABA,15,comuna 15,162,volvamos buenos aires,849,19685,10418,otro
2025,G,provisorio,DIP_CABA,CABA,15,comuna 15,163,volvamos buenos aires,659,14547,7944,otro
2025,G,provisorio,DIP_CABA,CABA,15,comuna 15,164,volvamos buenos aires,736,15214,8096,otro
2025,G,provisorio,DIP_CABA,CABA,15,comuna 15,165,volvamos buenos aires,1104,22141,13131,otro
2025,G,provisorio,DIP_CABA,CABA,15,comuna 15,166,volvamos buenos aires,891,17752,11362,otro
2025,G,provisorio,DIP_CABA,CABA,15,comuna 15,167,volvamos buenos aires,741,13635,8834,otro
2021,G,provisorio,DIP_CABA,CABA,1,comuna 01,1,autodeterminación y libertad,243,20521,7598,otro
2021,G,provisorio,DIP_CABA,CABA,1,comuna 01,1,blanco,83,20521,7598,neg
2021,G,provisorio,DIP_CABA,CABA,1,comuna 01,1,fit-u,729,20521,7598,otro
2021,G,provisorio,DIP_CABA,CABA,1,comuna 01,1,frente de todos,2406,20521,7598,pj
2021,G,provisorio,DIP_CABA,CABA,1,comuna 01,1,impugnado,0,20521,7598,neg
2021,G,provisorio,DIP_CABA,CABA,1,comuna 01,1,juntos por el cambio,2864,20521,7598,jxc-pro
2021,G,provisorio,DIP_CABA,CABA,1,comuna 01,1,la libertad avanza,1179,20521,7598,la libertad avanza
2021,G,provisorio,DIP_CABA,CABA,1,comuna 01,1,nulo,94,20521,7598,neg
2021,G,provisorio,DIP_CABA,CABA,1,comuna 01,1,recurrido,0,20521,7598,neg
2021,G,provisorio,DIP_CABA,CABA,1,comuna 01,2,autodeterminación y libertad,233,14545,6893,otro
2021,G,provisorio,DIP_CABA,CABA,1,comuna 01,2,blanco,87,14545,6893,neg
2021,G,provisorio,DIP_CABA,CABA,1,comuna 01,2,fit-u,691,14545,6893,otro
2021,G,provisorio,DIP_CABA,CABA,1,comuna 01,2,frente de todos,2295,14545,6893,pj
2021,G,provisorio,DIP_CABA,CABA,1,comuna 01,2,impugnado,0,14545,6893,neg
2021,G,provisorio,DIP_CABA,CABA,1,comuna 01,2,juntos por el cambio,2426,14545,6893,jxc-pro
2021,G,provisorio,DIP_CABA,CABA,1,comuna 01,2,la libertad avanza,1081,14545,6893,la libertad avanza
2021,G,provisorio,DIP_CABA,CABA,1,comuna 01,2,nulo,80,14545,6893,neg
2021,G,provisorio,DIP_CABA,CABA,1,comuna 01,2,recurrido,0,14545,6893,neg
2021,G,provisorio,DIP_CABA,CABA,1,comuna 01,3,autodeterminación y libertad,23,2629,1872,otro
2021,G,provisorio,DIP_CABA,CABA,1,comuna 01,3,blanco,18,2629,1872,neg
2021,G,provisorio,DIP_CABA,CABA,1,comuna 01,3,fit-u,48,2629,1872,otro
2021,G,provisorio,DIP_CABA,CABA,1,comuna 01,3,frente de todos,194,2629,1872,pj
2021,G,provisorio,DIP_CABA,CABA,1,comuna 01,3,impugnado,0,2629,1872,neg
2021,G,provisorio,DIP_CABA,CABA,1,comuna 01,3,juntos por el cambio,1179,2629,1872,jxc-pro
2021,G,provisorio,DIP_CABA,CABA,1,comuna 01,3,la libertad avanza,397,2629,1872,la libertad avanza
2021,G,provisorio,DIP_CABA,CABA,1,comuna 01,3,nulo,13,2629,1872,neg
2021,G,provisorio,DIP_CABA,CABA,1,comuna 01,3,recurrido,0,2629,1872,neg
2021,G,provisorio,DIP_CABA,CABA,1,comuna 01,4,autodeterminación y libertad,19,1998,1695,otro
2021,G,provisorio,DIP_CABA,CABA,1,comuna 01,4,blanco,12,1998,1695,neg
2021,G,provisorio,DIP_CABA,CABA,1,comuna 01,4,fit-u,31,1998,1695,otro
2021,G,provisorio,DIP_CABA,CABA,1,comuna 01,4,frente de todos,167,1998,1695,pj
2021,G,provisorio,DIP_CABA,CABA,1,comuna 01,4,impugnado,0,1998,1695,neg
2021,G,provisorio,DIP_CABA,CABA,1,comuna 01,4,juntos por el cambio,1145,1998,1695,jxc-pro
2021,G,provisorio,DIP_CABA,CABA,1,comuna 01,4,la libertad avanza,316,1998,1695,la libertad avanza
2021,G,provisorio,DIP_CABA,CABA,1,comuna 01,4,nulo,5,1998,1695,neg
2021,G,provisorio,DIP_CABA,CABA,1,comuna 01,4,recurrido,0,1998,1695,neg
2021,G,provisorio,DIP_CABA,CABA,1,comuna 01,5,autodeterminación y libertad,127,13914,9234,otro
2021,G,provisorio,DIP_CABA,CABA,1,comuna 01,5,blanco,136,13914,9234,neg
2021,G,provisorio,DIP_CABA,CABA,1,comuna 01,5,fit-u,980,13914,9234,otro
2021,G,provisorio,DIP_CABA,CABA,1,comuna 01,5,frente de todos,4487,13914,9234,pj
2021,G,provisorio,DIP_CABA,CABA,1,comuna 01,5,impugnado,0,13914,9234,neg
2021,G,provisorio,DIP_CABA,CABA,1,comuna 01,5,juntos por el cambio,2143,13914,9234,jxc-pro
2021,G,provisorio,DIP_CABA,CABA,1,comuna 01,5,la libertad avanza,1193,13914,9234,la libertad avanza
2021,G,provisorio,DIP_CABA,CABA,1,comuna 01,5,nulo,168,13914,9234,neg
2021,G,provisorio,DIP_CABA,CABA,1,comuna 01,5,recurrido,0,13914,9234,neg
2021,G,provisorio,DIP_CABA,CABA,1,comuna 01,6,autodeterminación y libertad,117,17818,11114,otro
2021,G,provisorio,DIP_CABA,CABA,1,comuna 01,6,blanco,80,17818,11114,neg
2021,G,provisorio,DIP_CABA,CABA,1,comuna 01,6,fit-u,287,17818,11114,otro
2021,G,provisorio,DIP_CABA,CABA,1,comuna 01,6,frente de todos,854,17818,11114,pj
2021,G,provisorio,DIP_CABA,CABA,1,comuna 01,6,impugnado,0,17818,11114,neg
2021,G,provisorio,DIP_CABA,CABA,1,comuna 01,6,juntos por el cambio,7541,17818,11114,jxc-pro
2021,G,provisorio,DIP_CABA,CABA,1,comuna 01,6,la libertad avanza,2193,17818,11114,la libertad avanza
2021,G,provisorio,DIP_CABA,CABA,1,comuna 01,6,nulo,42,17818,11114,neg
2021,G,provisorio,DIP_CABA,CABA,1,comuna 01,6,recurrido,0,17818,11114,neg
2021,G,provisorio,DIP_CABA,CABA,1,comuna 01,7,autodeterminación y libertad,103,10983,5733,otro
2021,G,provisorio,DIP_CABA,CABA,1,comuna 01,7,blanco,60,10983,5733,neg
2021,G,provisorio,DIP_CABA,CABA,1,comuna 01,7,fit-u,242,10983,5733,otro
2021,G,provisorio,DIP_CABA,CABA,1,comuna 01,7,frente de todos,669,10983,5733,pj
2021,G,provisorio,DIP_CABA,CABA,1,comuna 01,7,impugnado,0,10983,5733,neg
2021,G,provisorio,DIP_CABA,CABA,1,comuna 01,7,juntos por el cambio,3519,10983,5733,jxc-pro
2021,G,provisorio,DIP_CABA,CABA,1,comuna 01,7,la libertad avanza,1107,10983,5733,la libertad avanza
2021,G,provisorio,DIP_CABA,CABA,1,comuna 01,7,nulo,33,10983,5733,neg
2021,G,provisorio,DIP_CABA,CABA,1,comuna 01,7,recurrido,0,10983,5733,neg
2021,G,provisorio,DIP_CABA,CABA,1,comuna 01,8,autodeterminación y libertad,111,8536,5700,otro
2021,G,provisorio,DIP_CABA,CABA,1,comuna 01,8,blanco,76,8536,5700,neg
2021,G,provisorio,DIP_CABA,CABA,1,comuna 01,8,fit-u,282,8536,5700,otro
2021,G,provisorio,DIP_CABA,CABA,1,comuna 01,8,frente de todos,922,8536,5700,pj
2021,G,provisorio,DIP_CABA,CABA,1,comuna 01,8,impugnado,0,8536,5700,neg
2021,G,provisorio,DIP_CABA,CABA,1,comuna 01,8,juntos por el cambio,3123,8536,5700,jxc-pro
2021,G,provisorio,DIP_CABA,CABA,1,comuna 01,8,la libertad avanza,1140,8536,5700,la libertad avanza
2021,G,provisorio,DIP_CABA,CABA,1,comuna 01,8,nulo,46,8536,5700,neg
2021,G,provisorio,DIP_CABA,CABA,1,comuna 01,8,recurrido,0,8536,5700,neg
2021,G,provisorio,DIP_CABA,CABA,1,comuna 01,9,autodeterminación y libertad,163,11330,7693,otro
2021,G,provisorio,DIP_CABA,CABA,1,comuna 01,9,blanco,78,11330,7693,neg
2021,G,provisorio,DIP_CABA,CABA,1,comuna 01,9,fit-u,397,11330,7693,otro
2021,G,provisorio,DIP_CABA,CABA,1,comuna 01,9,frente de todos,1394,11330,7693,pj
2021,G,provisorio,DIP_CABA,CABA,1,comuna 01,9,impugnado,0,11330,7693,neg
2021,G,provisorio,DIP_CABA,CABA,1,comuna 01,9,juntos por el cambio,3972,11330,7693,jxc-pro
2021,G,provisorio,DIP_CABA,CABA,1,comuna 01,9,la libertad avanza,1594,11330,7693,la libertad avanza
2021,G,provisorio,DIP_CABA,CABA,1,comuna 01,9,nulo,94,11330,7693,neg
2021,G,provisorio,DIP_CABA,CABA,1,comuna 01,9,recurrido,1,11330,7693,neg
2021,G,provisorio,DIP_CABA,CABA,1,comuna 01,10,autodeterminación y libertad,198,13188,8095,otro
2021,G,provisorio,DIP_CABA,CABA,1,comuna 01,10,blanco,87,13188,8095,neg
2021,G,provisorio,DIP_CABA,CABA,1,comuna 01,10,fit-u,511,13188,8095,otro
2021,G,provisorio,DIP_CABA,CABA,1,comuna 01,10,frente de todos,1689,13188,8095,pj
2021,G,provisorio,DIP_CABA,CABA,1,comuna 01,10,impugnado,0,13188,8095,neg
2021,G,provisorio,DIP_CABA,CABA,1,comuna 01,10,juntos por el cambio,4038,13188,8095,jxc-pro
2021,G,provisorio,DIP_CABA,CABA,1,comuna 01,10,la libertad avanza,1483,13188,8095,la libertad avanza
2021,G,provisorio,DIP_CABA,CABA,1,comuna 01,10,nulo,89,13188,8095,neg
2021,G,provisorio,DIP_CABA,CABA,1,comuna 01,10,recurrido,0,13188,8095,neg
2021,G,provisorio,DIP_CABA,CABA,1,comuna 01,11,autodeterminación y libertad,286,13971,8370,otro
2021,G,provisorio,DIP_CABA,CABA,1,comuna 01,11,blanco,116,13971,8370,neg
2021,G,provisorio,DIP_CABA,CABA,1,comuna 01,11,fit-u,632,13971,8370,otro
2021,G,provisorio,DIP_CABA,CABA,1,comuna 01,11,frente de todos,2237,13971,8370,pj
2021,G,provisorio,DIP_CABA,CABA,1,comuna 01,11,impugnado,0,13971,8370,neg
2021,G,provisorio,DIP_CABA,CABA,1,comuna 01,11,juntos por el cambio,3546,13971,8370,jxc-pro
2021,G,provisorio,DIP_CABA,CABA,1,comuna 01,11,la libertad avanza,1465,13971,8370,la libertad avanza
2021,G,provisorio,DIP_CABA,CABA,1,comuna 01,11,nulo,88,13971,8370,neg
2021,G,provisorio,DIP_CABA,CABA,1,comuna 01,11,recurrido,0,13971,8370,neg
2021,G,provisorio,DIP_CABA,CABA,1,comuna 01,12,autodeterminación y libertad,203,14738,7536,otro
2021,G,provisorio,DIP_CABA,CABA,1,comuna 01,12,blanco,99,14738,7536,neg
2021,G,provisorio,DIP_CABA,CABA,1,comuna 01,12,fit-u,627,14738,7536,otro
2021,G,provisorio,DIP_CABA,CABA,1,comuna 01,12,frente de todos,2054,14738,7536,pj
2021,G,provisorio,DIP_CABA,CABA,1,comuna 01,12,impugnado,0,14738,7536,neg
2021,G,provisorio,DIP_CABA,CABA,1,comuna 01,12,juntos por el cambio,3201,14738,7536,jxc-pro
2021,G,provisorio,DIP_CABA,CABA,1,comuna 01,12,la libertad avanza,1259,14738,7536,la libertad avanza
2021,G,provisorio,DIP_CABA,CABA,1,comuna 01,12,nulo,93,14738,7536,neg
2021,G,provisorio,DIP_CABA,CABA,1,comuna 01,12,recurrido,0,14738,7536,neg
2021,G,provisorio,DIP_CABA,CABA,1,comuna 01,13,autodeterminación y libertad,274,12930,8816,otro
2021,G,provisorio,DIP_CABA,CABA,1,comuna 01,13,blanco,121,12930,8816,neg
2021,G,provisorio,DIP_CABA,CABA,1,comuna 01,13,fit-u,725,12930,8816,otro
2021,G,provisorio,DIP_CABA,CABA,1,comuna 01,13,frente de todos,2453,12930,8816,pj
2021,G,provisorio,DIP_CABA,CABA,1,comuna 01,13,impugnado,0,12930,8816,neg
2021,G,provisorio,DIP_CABA,CABA,1,comuna 01,13,juntos por el cambio,3710,12930,8816,jxc-pro
2021,G,provisorio,DIP_CABA,CABA,1,comuna 01,13,la libertad avanza,1434,12930,8816,la libertad avanza
2021,G,provisorio,DIP_CABA,CABA,1,comuna 01,13,nulo,99,12930,8816,neg
2021,G,provisorio,DIP_CABA,CABA,1,comuna 01,13,recurrido,0,12930,8816,neg
2021,G,provisorio,DIP_CABA,CABA,1,comuna 01,14,autodeterminación y libertad,98,5813,3568,otro
2021,G,provisorio,DIP_CABA,CABA,1,comuna 01,14,blanco,43,5813,3568,neg
2021,G,provisorio,DIP_CABA,CABA,1,comuna 01,14,fit-u,194,5813,3568,otro
2021,G,provisorio,DIP_CABA,CABA,1,comuna 01,14,frente de todos,906,5813,3568,pj
2021,G,provisorio,DIP_CABA,CABA,1,comuna 01,14,impugnado,0,5813,3568,neg
2021,G,provisorio,DIP_CABA,CABA,1,comuna 01,14,juntos por el cambio,1554,5813,3568,jxc-pro
2021,G,provisorio,DIP_CABA,CABA,1,comuna 01,14,la libertad avanza,714,5813,3568,la libertad avanza
2021,G,provisorio,DIP_CABA,CABA,1,comuna 01,14,nulo,59,5813,3568,neg
2021,G,provisorio,DIP_CABA,CABA,1,comuna 01,14,recurrido,0,5813,3568,neg
2021,G,provisorio,DIP_CABA,CABA,1,comuna 01,15,autodeterminación y libertad,220,13636,5801,otro
2021,G,provisorio,DIP_CABA,CABA,1,comuna 01,15,blanco,79,13636,5801,neg
2021,G,provisorio,DIP_CABA,CABA,1,comuna 01,15,fit-u,520,13636,5801,otro
2021,G,provisorio,DIP_CABA,CABA,1,comuna 01,15,frente de todos,1830,13636,5801,pj
2021,G,provisorio,DIP_CABA,CABA,1,comuna 01,15,impugnado,0,13636,5801,neg
2021,G,provisorio,DIP_CABA,CABA,1,comuna 01,15,juntos por el cambio,2149,13636,5801,jxc-pro
2021,G,provisorio,DIP_CABA,CABA,1,comuna 01,15,la libertad avanza,928,13636,5801,la libertad avanza
2021,G,provisorio,DIP_CABA,CABA,1,comuna 01,15,nulo,75,13636,5801,neg
2021,G,provisorio,DIP_CABA,CABA,1,comuna 01,15,recurrido,0,13636,5801,neg
2021,G,provisorio,DIP_CABA,CABA,1,comuna 01,16,autodeterminación y libertad,165,11924,5898,otro
2021,G,provisorio,DIP_CABA,CABA,1,comuna 01,16,blanco,80,11924,5898,neg
2021,G,provisorio,DIP_CABA,CABA,1,comuna 01,16,fit-u,523,11924,5898,otro
2021,G,provisorio,DIP_CABA,CABA,1,comuna 01,16,frente de todos,1802,11924,5898,pj
2021,G,provisorio,DIP_CABA,CABA,1,comuna 01,16,impugnado,0,11924,5898,neg
2021,G,provisorio,DIP_CABA,CABA,1,comuna 01,16,juntos por el cambio,2287,11924,5898,jxc-pro
2021,G,provisorio,DIP_CABA,CABA,1,comuna 01,16,la libertad avanza,975,11924,5898,la libertad avanza
2021,G,provisorio,DIP_CABA,CABA,1,comuna 01,16,nulo,66,11924,5898,neg
2021,G,provisorio,DIP_CABA,CABA,1,comuna 01,16,recurrido,0,11924,5898,neg
2021,G,provisorio,DIP_CABA,CABA,1,comuna 01,17,autodeterminación y libertad,284,18550,8611,otro
2021,G,provisorio,DIP_CABA,CABA,1,comuna 01,17,blanco,127,18550,8611,neg
2021,G,provisorio,DIP_CABA,CABA,1,comuna 01,17,fit-u,760,18550,8611,otro
2021,G,provisorio,DIP_CABA,CABA,1,comuna 01,17,frente de todos,2645,18550,8611,pj
2021,G,provisorio,DIP_CABA,CABA,1,comuna 01,17,impugnado,0,18550,8611,neg
2021,G,provisorio,DIP_CABA,CABA,1,comuna 01,17,juntos por el cambio,3292,18550,8611,jxc-pro
2021,G,provisorio,DIP_CABA,CABA,1,comuna 01,17,la libertad avanza,1395,18550,8611,la libertad avanza
2021,G,provisorio,DIP_CABA,CABA,1,comuna 01,17,nulo,108,18550,8611,neg
2021,G,provisorio,DIP_CABA,CABA,1,comuna 01,17,recurrido,0,18550,8611,neg
2021,G,provisorio,DIP_CABA,CABA,1,comuna 01,18,autodeterminación y libertad,153,11612,5219,otro
2021,G,provisorio,DIP_CABA,CABA,1,comuna 01,18,blanco,77,11612,5219,neg
2021,G,provisorio,DIP_CABA,CABA,1,comuna 01,18,fit-u,413,11612,5219,otro
2021,G,provisorio,DIP_CABA,CABA,1,comuna 01,18,frente de todos,1680,11612,5219,pj
2021,G,provisorio,DIP_CABA,CABA,1,comuna 01,18,impugnado,0,11612,5219,neg
2021,G,provisorio,DIP_CABA,CABA,1,comuna 01,18,juntos por el cambio,1882,11612,5219,jxc-pro
2021,G,provisorio,DIP_CABA,CABA,1,comuna 01,18,la libertad avanza,927,11612,5219,la libertad avanza
2021,G,provisorio,DIP_CABA,CABA,1,comuna 01,18,nulo,87,11612,5219,neg
2021,G,provisorio,DIP_CABA,CABA,1,comuna 01,18,recurrido,0,11612,5219,neg
2021,G,provisorio,DIP_CABA,CABA,1,comuna 01,19,autodeterminación y libertad,230,13455,7842,otro
2021,G,provisorio,DIP_CABA,CABA,1,comuna 01,19,blanco,99,13455,7842,neg
2021,G,provisorio,DIP_CABA,CABA,1,comuna 01,19,fit-u,668,13455,7842,otro
2021,G,provisorio,DIP_CABA,CABA,1,comuna 01,19,frente de todos,2679,13455,7842,pj
2021,G,provisorio,DIP_CABA,CABA,1,comuna 01,19,impugnado,0,13455,7842,neg
2021,G,provisorio,DIP_CABA,CABA,1,comuna 01,19,juntos por el cambio,2721,13455,7842,jxc-pro
2021,G,provisorio,DIP_CABA,CABA,1,comuna 01,19,la libertad avanza,1314,13455,7842,la libertad avanza
2021,G,provisorio,DIP_CABA,CABA,1,comuna 01,19,nulo,131,13455,7842,neg
2021,G,provisorio,DIP_CABA,CABA,1,comuna 01,19,recurrido,0,13455,7842,neg
2021,G,provisorio,DIP_CABA,CABA,2,comuna 02,20,autodeterminación y libertad,63,11690,5648,otro
2021,G,provisorio,DIP_CABA,CABA,2,comuna 02,20,blanco,68,11690,5648,neg
2021,G,provisorio,DIP_CABA,CABA,2,comuna 02,20,fit-u,234,11690,5648,otro
2021,G,provisorio,DIP_CABA,CABA,2,comuna 02,20,frente de todos,924,11690,5648,pj
2021,G,provisorio,DIP_CABA,CABA,2,comuna 02,20,impugnado,0,11690,5648,neg
2021,G,provisorio,DIP_CABA,CABA,2,comuna 02,20,juntos por el cambio,3306,11690,5648,jxc-pro
2021,G,provisorio,DIP_CABA,CABA,2,comuna 02,20,la libertad avanza,1017,11690,5648,la libertad avanza
2021,G,provisorio,DIP_CABA,CABA,2,comuna 02,20,nulo,36,11690,5648,neg
2021,G,provisorio,DIP_CABA,CABA,2,comuna 02,20,recurrido,0,11690,5648,neg
2021,G,provisorio,DIP_CABA,CABA,2,comuna 02,21,autodeterminación y libertad,93,21571,9401,otro
2021,G,provisorio,DIP_CABA,CABA,2,comuna 02,21,blanco,73,21571,9401,neg
2021,G,provisorio,DIP_CABA,CABA,2,comuna 02,21,fit-u,261,21571,9401,otro
2021,G,provisorio,DIP_CABA,CABA,2,comuna 02,21,frente de todos,675,21571,9401,pj
2021,G,provisorio,DIP_CABA,CABA,2,comuna 02,21,impugnado,0,21571,9401,neg
2021,G,provisorio,DIP_CABA,CABA,2,comuna 02,21,juntos por el cambio,6415,21571,9401,jxc-pro
2021,G,provisorio,DIP_CABA,CABA,2,comuna 02,21,la libertad avanza,1842,21571,9401,la libertad avanza
2021,G,provisorio,DIP_CABA,CABA,2,comuna 02,21,nulo,42,21571,9401,neg
2021,G,provisorio,DIP_CABA,CABA,2,comuna 02,21,recurrido,0,21571,9401,neg
2021,G,provisorio,DIP_CABA,CABA,2,comuna 02,22,autodeterminación y libertad,256,15781,11621,otro
2021,G,provisorio,DIP_CABA,CABA,2,comuna 02,22,blanco,146,15781,11621,neg
2021,G,provisorio,DIP_CABA,CABA,2,comuna 02,22,fit-u,689,15781,11621,otro
2021,G,provisorio,DIP_CABA,CABA,2,comuna 02,22,frente de todos,1658,15781,11621,pj
2021,G,provisorio,DIP_CABA,CABA,2,comuna 02,22,impugnado,0,15781,11621,neg
2021,G,provisorio,DIP_CABA,CABA,2,comuna 02,22,juntos por el cambio,6988,15781,11621,jxc-pro
2021,G,provisorio,DIP_CABA,CABA,2,comuna 02,22,la libertad avanza,1793,15781,11621,la libertad avanza
2021,G,provisorio,DIP_CABA,CABA,2,comuna 02,22,nulo,91,15781,11621,neg
2021,G,provisorio,DIP_CABA,CABA,2,comuna 02,22,recurrido,0,15781,11621,neg
2021,G,provisorio,DIP_CABA,CABA,2,comuna 02,23,autodeterminación y libertad,308,19790,14685,otro
2021,G,provisorio,DIP_CABA,CABA,2,comuna 02,23,blanco,165,19790,14685,neg
2021,G,provisorio,DIP_CABA,CABA,2,comuna 02,23,fit-u,825,19790,14685,otro
2021,G,provisorio,DIP_CABA,CABA,2,comuna 02,23,frente de todos,2181,19790,14685,pj
2021,G,provisorio,DIP_CABA,CABA,2,comuna 02,23,impugnado,0,19790,14685,neg
2021,G,provisorio,DIP_CABA,CABA,2,comuna 02,23,juntos por el cambio,8696,19790,14685,jxc-pro
2021,G,provisorio,DIP_CABA,CABA,2,comuna 02,23,la libertad avanza,2387,19790,14685,la libertad avanza
2021,G,provisorio,DIP_CABA,CABA,2,comuna 02,23,nulo,123,19790,14685,neg
2021,G,provisorio,DIP_CABA,CABA,2,comuna 02,23,recurrido,0,19790,14685,neg
2021,G,provisorio,DIP_CABA,CABA,2,comuna 02,24,autodeterminación y libertad,168,12881,9473,otro
2021,G,provisorio,DIP_CABA,CABA,2,comuna 02,24,blanco,79,12881,9473,neg
2021,G,provisorio,DIP_CABA,CABA,2,comuna 02,24,fit-u,405,12881,9473,otro
2021,G,provisorio,DIP_CABA,CABA,2,comuna 02,24,frente de todos,1120,12881,9473,pj
2021,G,provisorio,DIP_CABA,CABA,2,comuna 02,24,impugnado,0,12881,9473,neg
2021,G,provisorio,DIP_CABA,CABA,2,comuna 02,24,juntos por el cambio,5920,12881,9473,jxc-pro
2021,G,provisorio,DIP_CABA,CABA,2,comuna 02,24,la libertad avanza,1711,12881,9473,la libertad avanza
2021,G,provisorio,DIP_CABA,CABA,2,comuna 02,24,nulo,70,12881,9473,neg
2021,G,provisorio,DIP_CABA,CABA,2,comuna 02,24,recurrido,0,12881,9473,neg
2021,G,provisorio,DIP_CABA,CABA,2,comuna 02,25,autodeterminación y libertad,119,13043,9433,otro
2021,G,provisorio,DIP_CABA,CABA,2,comuna 02,25,blanco,77,13043,9433,neg
2021,G,provisorio,DIP_CABA,CABA,2,comuna 02,25,fit-u,336,13043,9433,otro
2021,G,provisorio,DIP_CABA,CABA,2,comuna 02,25,frente de todos,978,13043,9433,pj
2021,G,provisorio,DIP_CABA,CABA,2,comuna 02,25,impugnado,0,13043,9433,neg
2021,G,provisorio,DIP_CABA,CABA,2,comuna 02,25,juntos por el cambio,6162,13043,9433,jxc-pro
2021,G,provisorio,DIP_CABA,CABA,2,comuna 02,25,la libertad avanza,1693,13043,9433,la libertad avanza
2021,G,provisorio,DIP_CABA,CABA,2,comuna 02,25,nulo,68,13043,9433,neg
2021,G,provisorio,DIP_CABA,CABA,2,comuna 02,25,recurrido,0,13043,9433,neg
2021,G,provisorio,DIP_CABA,CABA,2,comuna 02,26,autodeterminación y libertad,162,16884,12044,otro
2021,G,provisorio,DIP_CABA,CABA,2,comuna 02,26,blanco,90,16884,12044,neg
2021,G,provisorio,DIP_CABA,CABA,2,comuna 02,26,fit-u,398,16884,12044,otro
2021,G,provisorio,DIP_CABA,CABA,2,comuna 02,26,frente de todos,1142,16884,12044,pj
2021,G,provisorio,DIP_CABA,CABA,2,comuna 02,26,impugnado,0,16884,12044,neg
2021,G,provisorio,DIP_CABA,CABA,2,comuna 02,26,juntos por el cambio,7816,16884,12044,jxc-pro
2021,G,provisorio,DIP_CABA,CABA,2,comuna 02,26,la libertad avanza,2362,16884,12044,la libertad avanza
2021,G,provisorio,DIP_CABA,CABA,2,comuna 02,26,nulo,74,16884,12044,neg
2021,G,provisorio,DIP_CABA,CABA,2,comuna 02,26,recurrido,0,16884,12044,neg
2021,G,provisorio,DIP_CABA,CABA,2,comuna 02,27,autodeterminación y libertad,174,16611,9030,otro
2021,G,provisorio,DIP_CABA,CABA,2,comuna 02,27,blanco,90,16611,9030,neg
2021,G,provisorio,DIP_CABA,CABA,2,comuna 02,27,fit-u,550,16611,9030,otro
2021,G,provisorio,DIP_CABA,CABA,2,comuna 02,27,frente de todos,1442,16611,9030,pj
2021,G,provisorio,DIP_CABA,CABA,2,comuna 02,27,impugnado,0,16611,9030,neg
2021,G,provisorio,DIP_CABA,CABA,2,comuna 02,27,juntos por el cambio,5137,16611,9030,jxc-pro
2021,G,provisorio,DIP_CABA,CABA,2,comuna 02,27,la libertad avanza,1545,16611,9030,la libertad avanza
2021,G,provisorio,DIP_CABA,CABA,2,comuna 02,27,nulo,92,16611,9030,neg
2021,G,provisorio,DIP_CABA,CABA,2,comuna 02,27,recurrido,0,16611,9030,neg
2021,G,provisorio,DIP_CABA,CABA,2,comuna 02,28,autodeterminación y libertad,302,19352,13081,otro
2021,G,provisorio,DIP_CABA,CABA,2,comuna 02,28,blanco,161,19352,13081,neg
2021,G,provisorio,DIP_CABA,CABA,2,comuna 02,28,fit-u,903,19352,13081,otro
2021,G,provisorio,DIP_CABA,CABA,2,comuna 02,28,frente de todos,2507,19352,13081,pj
2021,G,provisorio,DIP_CABA,CABA,2,comuna 02,28,impugnado,0,19352,13081,neg
2021,G,provisorio,DIP_CABA,CABA,2,comuna 02,28,juntos por el cambio,6962,19352,13081,jxc-pro
2021,G,provisorio,DIP_CABA,CABA,2,comuna 02,28,la libertad avanza,2130,19352,13081,la libertad avanza
2021,G,provisorio,DIP_CABA,CABA,2,comuna 02,28,nulo,116,19352,13081,neg
2021,G,provisorio,DIP_CABA,CABA,2,comuna 02,28,recurrido,0,19352,13081,neg
2021,G,provisorio,DIP_CABA,CABA,2,comuna 02,29,autodeterminación y libertad,209,12444,8648,otro
2021,G,provisorio,DIP_CABA,CABA,2,comuna 02,29,blanco,127,12444,8648,neg
2021,G,provisorio,DIP_CABA,CABA,2,comuna 02,29,fit-u,646,12444,8648,otro
2021,G,provisorio,DIP_CABA,CABA,2,comuna 02,29,frente de todos,1622,12444,8648,pj
2021,G,provisorio,DIP_CABA,CABA,2,comuna 02,29,impugnado,0,12444,8648,neg
2021,G,provisorio,DIP_CABA,CABA,2,comuna 02,29,juntos por el cambio,4651,12444,8648,jxc-pro
2021,G,provisorio,DIP_CABA,CABA,2,comuna 02,29,la libertad avanza,1290,12444,8648,la libertad avanza
2021,G,provisorio,DIP_CABA,CABA,2,comuna 02,29,nulo,103,12444,8648,neg
2021,G,provisorio,DIP_CABA,CABA,2,comuna 02,29,recurrido,0,12444,8648,neg
2021,G,provisorio,DIP_CABA,CABA,3,comuna 03,30,autodeterminación y libertad,219,14818,7954,otro
2021,G,provisorio,DIP_CABA,CABA,3,comuna 03,30,blanco,105,14818,7954,neg
2021,G,provisorio,DIP_CABA,CABA,3,comuna 03,30,fit-u,605,14818,7954,otro
2021,G,provisorio,DIP_CABA,CABA,3,comuna 03,30,frente de todos,1701,14818,7954,pj
2021,G,provisorio,DIP_CABA,CABA,3,comuna 03,30,impugnado,0,14818,7954,neg
2021,G,provisorio,DIP_CABA,CABA,3,comuna 03,30,juntos por el cambio,3845,14818,7954,jxc-pro
2021,G,provisorio,DIP_CABA,CABA,3,comuna 03,30,la libertad avanza,1383,14818,7954,la libertad avanza
2021,G,provisorio,DIP_CABA,CABA,3,comuna 03,30,nulo,96,14818,7954,neg
2021,G,provisorio,DIP_CABA,CABA,3,comuna 03,30,recurrido,0,14818,7954,neg
2021,G,provisorio,DIP_CABA,CABA,3,comuna 03,31,autodeterminación y libertad,237,14751,9144,otro
2021,G,provisorio,DIP_CABA,CABA,3,comuna 03,31,blanco,109,14751,9144,neg
2021,G,provisorio,DIP_CABA,CABA,3,comuna 03,31,fit-u,661,14751,9144,otro
2021,G,provisorio,DIP_CABA,CABA,3,comuna 03,31,frente de todos,2022,14751,9144,pj
2021,G,provisorio,DIP_CABA,CABA,3,comuna 03,31,impugnado,0,14751,9144,neg
2021,G,provisorio,DIP_CABA,CABA,3,comuna 03,31,juntos por el cambio,4396,14751,9144,jxc-pro
2021,G,provisorio,DIP_CABA,CABA,3,comuna 03,31,la libertad avanza,1626,14751,9144,la libertad avanza
2021,G,provisorio,DIP_CABA,CABA,3,comuna 03,31,nulo,92,14751,9144,neg
2021,G,provisorio,DIP_CABA,CABA,3,comuna 03,31,recurrido,1,14751,9144,neg
2021,G,provisorio,DIP_CABA,CABA,3,comuna 03,32,autodeterminación y libertad,271,16620,7776,otro
2021,G,provisorio,DIP_CABA,CABA,3,comuna 03,32,blanco,108,16620,7776,neg
2021,G,provisorio,DIP_CABA,CABA,3,comuna 03,32,fit-u,645,16620,7776,otro
2021,G,provisorio,DIP_CABA,CABA,3,comuna 03,32,frente de todos,1831,16620,7776,pj
2021,G,provisorio,DIP_CABA,CABA,3,comuna 03,32,impugnado,0,16620,7776,neg
2021,G,provisorio,DIP_CABA,CABA,3,comuna 03,32,juntos por el cambio,3564,16620,7776,jxc-pro
2021,G,provisorio,DIP_CABA,CABA,3,comuna 03,32,la libertad avanza,1263,16620,7776,la libertad avanza
2021,G,provisorio,DIP_CABA,CABA,3,comuna 03,32,nulo,94,16620,7776,neg
2021,G,provisorio,DIP_CABA,CABA,3,comuna 03,32,recurrido,0,16620,7776,neg
2021,G,provisorio,DIP_CABA,CABA,3,comuna 03,33,autodeterminación y libertad,194,10692,6860,otro
2021,G,provisorio,DIP_CABA,CABA,3,comuna 03,33,blanco,101,10692,6860,neg
2021,G,provisorio,DIP_CABA,CABA,3,comuna 03,33,fit-u,559,10692,6860,otro
2021,G,provisorio,DIP_CABA,CABA,3,comuna 03,33,frente de todos,1706,10692,6860,pj
2021,G,provisorio,DIP_CABA,CABA,3,comuna 03,33,impugnado,0,10692,6860,neg
2021,G,provisorio,DIP_CABA,CABA,3,comuna 03,33,juntos por el cambio,2956,10692,6860,jxc-pro
2021,G,provisorio,DIP_CABA,CABA,3,comuna 03,33,la libertad avanza,1236,10692,6860,la libertad avanza
2021,G,provisorio,DIP_CABA,CABA,3,comuna 03,33,nulo,107,10692,6860,neg
2021,G,provisorio,DIP_CABA,CABA,3,comuna 03,33,recurrido,1,10692,6860,neg
2021,G,provisorio,DIP_CABA,CABA,3,comuna 03,34,autodeterminación y libertad,319,15168,10377,otro
2021,G,provisorio,DIP_CABA,CABA,3,comuna 03,34,blanco,128,15168,10377,neg
2021,G,provisorio,DIP_CABA,CABA,3,comuna 03,34,fit-u,848,15168,10377,otro
2021,G,provisorio,DIP_CABA,CABA,3,comuna 03,34,frente de todos,2655,15168,10377,pj
2021,G,provisorio,DIP_CABA,CABA,3,comuna 03,34,impugnado,0,15168,10377,neg
2021,G,provisorio,DIP_CABA,CABA,3,comuna 03,34,juntos por el cambio,4511,15168,10377,jxc-pro
2021,G,provisorio,DIP_CABA,CABA,3,comuna 03,34,la libertad avanza,1779,15168,10377,la libertad avanza
2021,G,provisorio,DIP_CABA,CABA,3,comuna 03,34,nulo,136,15168,10377,neg
2021,G,provisorio,DIP_CABA,CABA,3,comuna 03,34,recurrido,1,15168,10377,neg
2021,G,provisorio,DIP_CABA,CABA,3,comuna 03,35,autodeterminación y libertad,271,12859,9223,otro
2021,G,provisorio,DIP_CABA,CABA,3,comuna 03,35,blanco,124,12859,9223,neg
2021,G,provisorio,DIP_CABA,CABA,3,comuna 03,35,fit-u,854,12859,9223,otro
2021,G,provisorio,DIP_CABA,CABA,3,comuna 03,35,frente de todos,2559,12859,9223,pj
2021,G,provisorio,DIP_CABA,CABA,3,comuna 03,35,impugnado,0,12859,9223,neg
2021,G,provisorio,DIP_CABA,CABA,3,comuna 03,35,juntos por el cambio,3674,12859,9223,jxc-pro
2021,G,provisorio,DIP_CABA,CABA,3,comuna 03,35,la libertad avanza,1592,12859,9223,la libertad avanza
2021,G,provisorio,DIP_CABA,CABA,3,comuna 03,35,nulo,148,12859,9223,neg
2021,G,provisorio,DIP_CABA,CABA,3,comuna 03,35,recurrido,1,12859,9223,neg
2021,G,provisorio,DIP_CABA,CABA,3,comuna 03,36,autodeterminación y libertad,192,13903,6209,otro
2021,G,provisorio,DIP_CABA,CABA,3,comuna 03,36,blanco,111,13903,6209,neg
2021,G,provisorio,DIP_CABA,CABA,3,comuna 03,36,fit-u,563,13903,6209,otro
2021,G,provisorio,DIP_CABA,CABA,3,comuna 03,36,frente de todos,1946,13903,6209,pj
2021,G,provisorio,DIP_CABA,CABA,3,comuna 03,36,impugnado,0,13903,6209,neg
2021,G,provisorio,DIP_CABA,CABA,3,comuna 03,36,juntos por el cambio,2160,13903,6209,jxc-pro
2021,G,provisorio,DIP_CABA,CABA,3,comuna 03,36,la libertad avanza,1137,13903,6209,la libertad avanza
2021,G,provisorio,DIP_CABA,CABA,3,comuna 03,36,nulo,100,13903,6209,neg
2021,G,provisorio,DIP_CABA,CABA,3,comuna 03,36,recurrido,0,13903,6209,neg
2021,G,provisorio,DIP_CABA,CABA,3,comuna 03,37,autodeterminación y libertad,226,11926,8046,otro
2021,G,provisorio,DIP_CABA,CABA,3,comuna 03,37,blanco,99,11926,8046,neg
2021,G,provisorio,DIP_CABA,CABA,3,comuna 03,37,fit-u,704,11926,8046,otro
2021,G,provisorio,DIP_CABA,CABA,3,comuna 03,37,frente de todos,2331,11926,8046,pj
2021,G,provisorio,DIP_CABA,CABA,3,comuna 03,37,impugnado,0,11926,8046,neg
2021,G,provisorio,DIP_CABA,CABA,3,comuna 03,37,juntos por el cambio,3213,11926,8046,jxc-pro
2021,G,provisorio,DIP_CABA,CABA,3,comuna 03,37,la libertad avanza,1364,11926,8046,la libertad avanza
2021,G,provisorio,DIP_CABA,CABA,3,comuna 03,37,nulo,109,11926,8046,neg
2021,G,provisorio,DIP_CABA,CABA,3,comuna 03,37,recurrido,0,11926,8046,neg
2021,G,provisorio,DIP_CABA,CABA,3,comuna 03,38,autodeterminación y libertad,273,14589,9167,otro
2021,G,provisorio,DIP_CABA,CABA,3,comuna 03,38,blanco,97,14589,9167,neg
2021,G,provisorio,DIP_CABA,CABA,3,comuna 03,38,fit-u,781,14589,9167,otro
2021,G,provisorio,DIP_CABA,CABA,3,comuna 03,38,frente de todos,2616,14589,9167,pj
2021,G,provisorio,DIP_CABA,CABA,3,comuna 03,38,impugnado,0,14589,9167,neg
2021,G,provisorio,DIP_CABA,CABA,3,comuna 03,38,juntos por el cambio,3745,14589,9167,jxc-pro
2021,G,provisorio,DIP_CABA,CABA,3,comuna 03,38,la libertad avanza,1520,14589,9167,la libertad avanza
2021,G,provisorio,DIP_CABA,CABA,3,comuna 03,38,nulo,135,14589,9167,neg
2021,G,provisorio,DIP_CABA,CABA,3,comuna 03,38,recurrido,0,14589,9167,neg
2021,G,provisorio,DIP_CABA,CABA,3,comuna 03,39,autodeterminación y libertad,295,14623,9247,otro
2021,G,provisorio,DIP_CABA,CABA,3,comuna 03,39,blanco,121,14623,9247,neg
2021,G,provisorio,DIP_CABA,CABA,3,comuna 03,39,fit-u,799,14623,9247,otro
2021,G,provisorio,DIP_CABA,CABA,3,comuna 03,39,frente de todos,2488,14623,9247,pj
2021,G,provisorio,DIP_CABA,CABA,3,comuna 03,39,impugnado,0,14623,9247,neg
2021,G,provisorio,DIP_CABA,CABA,3,comuna 03,39,juntos por el cambio,3811,14623,9247,jxc-pro
2021,G,provisorio,DIP_CABA,CABA,3,comuna 03,39,la libertad avanza,1617,14623,9247,la libertad avanza
2021,G,provisorio,DIP_CABA,CABA,3,comuna 03,39,nulo,115,14623,9247,neg
2021,G,provisorio,DIP_CABA,CABA,3,comuna 03,39,recurrido,1,14623,9247,neg
2021,G,provisorio,DIP_CABA,CABA,3,comuna 03,40,autodeterminación y libertad,215,16722,7351,otro
2021,G,provisorio,DIP_CABA,CABA,3,comuna 03,40,blanco,80,16722,7351,neg
2021,G,provisorio,DIP_CABA,CABA,3,comuna 03,40,fit-u,630,16722,7351,otro
2021,G,provisorio,DIP_CABA,CABA,3,comuna 03,40,frente de todos,2075,16722,7351,pj
2021,G,provisorio,DIP_CABA,CABA,3,comuna 03,40,impugnado,0,16722,7351,neg
2021,G,provisorio,DIP_CABA,CABA,3,comuna 03,40,juntos por el cambio,3086,16722,7351,jxc-pro
2021,G,provisorio,DIP_CABA,CABA,3,comuna 03,40,la libertad avanza,1171,16722,7351,la libertad avanza
2021,G,provisorio,DIP_CABA,CABA,3,comuna 03,40,nulo,94,16722,7351,neg
2021,G,provisorio,DIP_CABA,CABA,3,comuna 03,40,recurrido,0,16722,7351,neg
2021,G,provisorio,DIP_CABA,CABA,3,comuna 03,41,autodeterminación y libertad,435,21934,13853,otro
2021,G,provisorio,DIP_CABA,CABA,3,comuna 03,41,blanco,177,21934,13853,neg
2021,G,provisorio,DIP_CABA,CABA,3,comuna 03,41,fit-u,1256,21934,13853,otro
2021,G,provisorio,DIP_CABA,CABA,3,comuna 03,41,frente de todos,4194,21934,13853,pj
2021,G,provisorio,DIP_CABA,CABA,3,comuna 03,41,impugnado,0,21934,13853,neg
2021,G,provisorio,DIP_CABA,CABA,3,comuna 03,41,juntos por el cambio,5358,21934,13853,jxc-pro
2021,G,provisorio,DIP_CABA,CABA,3,comuna 03,41,la libertad avanza,2257,21934,13853,la libertad avanza
2021,G,provisorio,DIP_CABA,CABA,3,comuna 03,41,nulo,174,21934,13853,neg
2021,G,provisorio,DIP_CABA,CABA,3,comuna 03,41,recurrido,2,21934,13853,neg
2021,G,provisorio,DIP_CABA,CABA,3,comuna 03,42,autodeterminación y libertad,335,19043,11622,otro
2021,G,provisorio,DIP_CABA,CABA,3,comuna 03,42,blanco,138,19043,11622,neg
2021,G,provisorio,DIP_CABA,CABA,3,comuna 03,42,fit-u,1001,19043,11622,otro
2021,G,provisorio,DIP_CABA,CABA,3,comuna 03,42,frente de todos,3385,19043,11622,pj
2021,G,provisorio,DIP_CABA,CABA,3,comuna 03,42,impugnado,0,19043,11622,neg
2021,G,provisorio,DIP_CABA,CABA,3,comuna 03,42,juntos por el cambio,4680,19043,11622,jxc-pro
2021,G,provisorio,DIP_CABA,CABA,3,comuna 03,42,la libertad avanza,1924,19043,11622,la libertad avanza
2021,G,provisorio,DIP_CABA,CABA,3,comuna 03,42,nulo,159,19043,11622,neg
2021,G,provisorio,DIP_CABA,CABA,3,comuna 03,42,recurrido,0,19043,11622,neg
2021,G,provisorio,DIP_CABA,CABA,4,comuna 04,43,autodeterminación y libertad,317,12083,9408,otro
2021,G,provisorio,DIP_CABA,CABA,4,comuna 04,43,blanco,125,12083,9408,neg
2021,G,provisorio,DIP_CABA,CABA,4,comuna 04,43,fit-u,799,12083,9408,otro
2021,G,provisorio,DIP_CABA,CABA,4,comuna 04,43,frente de todos,2754,12083,9408,pj
2021,G,provisorio,DIP_CABA,CABA,4,comuna 04,43,impugnado,0,12083,9408,neg
2021,G,provisorio,DIP_CABA,CABA,4,comuna 04,43,juntos por el cambio,3747,12083,9408,jxc-pro
2021,G,provisorio,DIP_CABA,CABA,4,comuna 04,43,la libertad avanza,1533,12083,9408,la libertad avanza
2021,G,provisorio,DIP_CABA,CABA,4,comuna 04,43,nulo,133,12083,9408,neg
2021,G,provisorio,DIP_CABA,CABA,4,comuna 04,43,recurrido,0,12083,9408,neg
2021,G,provisorio,DIP_CABA,CABA,4,comuna 04,44,autodeterminación y libertad,212,13419,7192,otro
2021,G,provisorio,DIP_CABA,CABA,4,comuna 04,44,blanco,84,13419,7192,neg
2021,G,provisorio,DIP_CABA,CABA,4,comuna 04,44,fit-u,682,13419,7192,otro
2021,G,provisorio,DIP_CABA,CABA,4,comuna 04,44,frente de todos,2213,13419,7192,pj
2021,G,provisorio,DIP_CABA,CABA,4,comuna 04,44,impugnado,0,13419,7192,neg
2021,G,provisorio,DIP_CABA,CABA,4,comuna 04,44,juntos por el cambio,2739,13419,7192,jxc-pro
2021,G,provisorio,DIP_CABA,CABA,4,comuna 04,44,la libertad avanza,1172,13419,7192,la libertad avanza
2021,G,provisorio,DIP_CABA,CABA,4,comuna 04,44,nulo,90,13419,7192,neg
2021,G,provisorio,DIP_CABA,CABA,4,comuna 04,44,recurrido,0,13419,7192,neg
2021,G,provisorio,DIP_CABA,CABA,4,comuna 04,45,autodeterminación y libertad,118,9594,5424,otro
2021,G,provisorio,DIP_CABA,CABA,4,comuna 04,45,blanco,72,9594,5424,neg
2021,G,provisorio,DIP_CABA,CABA,4,comuna 04,45,fit-u,484,9594,5424,otro
2021,G,provisorio,DIP_CABA,CABA,4,comuna 04,45,frente de todos,1812,9594,5424,pj
2021,G,provisorio,DIP_CABA,CABA,4,comuna 04,45,impugnado,0,9594,5424,neg
2021,G,provisorio,DIP_CABA,CABA,4,comuna 04,45,juntos por el cambio,2010,9594,5424,jxc-pro
2021,G,provisorio,DIP_CABA,CABA,4,comuna 04,45,la libertad avanza,833,9594,5424,la libertad avanza
2021,G,provisorio,DIP_CABA,CABA,4,comuna 04,45,nulo,95,9594,5424,neg
2021,G,provisorio,DIP_CABA,CABA,4,comuna 04,45,recurrido,0,9594,5424,neg
2021,G,provisorio,DIP_CABA,CABA,4,comuna 04,46,autodeterminación y libertad,138,10626,5014,otro
2021,G,provisorio,DIP_CABA,CABA,4,comuna 04,46,blanco,58,10626,5014,neg
2021,G,provisorio,DIP_CABA,CABA,4,comuna 04,46,fit-u,476,10626,5014,otro
2021,G,provisorio,DIP_CABA,CABA,4,comuna 04,46,frente de todos,1649,10626,5014,pj
2021,G,provisorio,DIP_CABA,CABA,4,comuna 04,46,impugnado,0,10626,5014,neg
2021,G,provisorio,DIP_CABA,CABA,4,comuna 04,46,juntos por el cambio,1779,10626,5014,jxc-pro
2021,G,provisorio,DIP_CABA,CABA,4,comuna 04,46,la libertad avanza,842,10626,5014,la libertad avanza
2021,G,provisorio,DIP_CABA,CABA,4,comuna 04,46,nulo,72,10626,5014,neg
2021,G,provisorio,DIP_CABA,CABA,4,comuna 04,46,recurrido,0,10626,5014,neg
2021,G,provisorio,DIP_CABA,CABA,4,comuna 04,47,autodeterminación y libertad,234,17004,13498,otro
2021,G,provisorio,DIP_CABA,CABA,4,comuna 04,47,blanco,204,17004,13498,neg
2021,G,provisorio,DIP_CABA,CABA,4,comuna 04,47,fit-u,976,17004,13498,otro
2021,G,provisorio,DIP_CABA,CABA,4,comuna 04,47,frente de todos,7129,17004,13498,pj
2021,G,provisorio,DIP_CABA,CABA,4,comuna 04,47,impugnado,1,17004,13498,neg
2021,G,provisorio,DIP_CABA,CABA,4,comuna 04,47,juntos por el cambio,2942,17004,13498,jxc-pro
2021,G,provisorio,DIP_CABA,CABA,4,comuna 04,47,la libertad avanza,1867,17004,13498,la libertad avanza
2021,G,provisorio,DIP_CABA,CABA,4,comuna 04,47,nulo,145,17004,13498,neg
2021,G,provisorio,DIP_CABA,CABA,4,comuna 04,47,recurrido,0,17004,13498,neg
2021,G,provisorio,DIP_CABA,CABA,4,comuna 04,48,autodeterminación y libertad,269,21189,10095,otro
2021,G,provisorio,DIP_CABA,CABA,4,comuna 04,48,blanco,124,21189,10095,neg
2021,G,provisorio,DIP_CABA,CABA,4,comuna 04,48,fit-u,797,21189,10095,otro
2021,G,provisorio,DIP_CABA,CABA,4,comuna 04,48,frente de todos,2800,21189,10095,pj
2021,G,provisorio,DIP_CABA,CABA,4,comuna 04,48,impugnado,3,21189,10095,neg
2021,G,provisorio,DIP_CABA,CABA,4,comuna 04,48,juntos por el cambio,4437,21189,10095,jxc-pro
2021,G,provisorio,DIP_CABA,CABA,4,comuna 04,48,la libertad avanza,1535,21189,10095,la libertad avanza
2021,G,provisorio,DIP_CABA,CABA,4,comuna 04,48,nulo,130,21189,10095,neg
2021,G,provisorio,DIP_CABA,CABA,4,comuna 04,48,recurrido,0,21189,10095,neg
2021,G,provisorio,DIP_CABA,CABA,4,comuna 04,49,autodeterminación y libertad,269,11844,9181,otro
2021,G,provisorio,DIP_CABA,CABA,4,comuna 04,49,blanco,121,11844,9181,neg
2021,G,provisorio,DIP_CABA,CABA,4,comuna 04,49,fit-u,698,11844,9181,otro
2021,G,provisorio,DIP_CABA,CABA,4,comuna 04,49,frente de todos,2875,11844,9181,pj
2021,G,provisorio,DIP_CABA,CABA,4,comuna 04,49,impugnado,0,11844,9181,neg
2021,G,provisorio,DIP_CABA,CABA,4,comuna 04,49,juntos por el cambio,3342,11844,9181,jxc-pro
2021,G,provisorio,DIP_CABA,CABA,4,comuna 04,49,la libertad avanza,1717,11844,9181,la libertad avanza
2021,G,provisorio,DIP_CABA,CABA,4,comuna 04,49,nulo,158,11844,9181,neg
2021,G,provisorio,DIP_CABA,CABA,4,comuna 04,49,recurrido,1,11844,9181,neg
2021,G,provisorio,DIP_CABA,CABA,4,comuna 04,50,autodeterminación y libertad,343,15010,10502,otro
2021,G,provisorio,DIP_CABA,CABA,4,comuna 04,50,blanco,127,15010,10502,neg
2021,G,provisorio,DIP_CABA,CABA,4,comuna 04,50,fit-u,813,15010,10502,otro
2021,G,provisorio,DIP_CABA,CABA,4,comuna 04,50,frente de todos,2466,15010,10502,pj
2021,G,provisorio,DIP_CABA,CABA,4,comuna 04,50,impugnado,0,15010,10502,neg
2021,G,provisorio,DIP_CABA,CABA,4,comuna 04,50,juntos por el cambio,4897,15010,10502,jxc-pro
2021,G,provisorio,DIP_CABA,CABA,4,comuna 04,50,la libertad avanza,1708,15010,10502,la libertad avanza
2021,G,provisorio,DIP_CABA,CABA,4,comuna 04,50,nulo,147,15010,10502,neg
2021,G,provisorio,DIP_CABA,CABA,4,comuna 04,50,recurrido,1,15010,10502,neg
2021,G,provisorio,DIP_CABA,CABA,4,comuna 04,51,autodeterminación y libertad,283,11829,7802,otro
2021,G,provisorio,DIP_CABA,CABA,4,comuna 04,51,blanco,92,11829,7802,neg
2021,G,provisorio,DIP_CABA,CABA,4,comuna 04,51,fit-u,543,11829,7802,otro
2021,G,provisorio,DIP_CABA,CABA,4,comuna 04,51,frente de todos,1897,11829,7802,pj
2021,G,provisorio,DIP_CABA,CABA,4,comuna 04,51,impugnado,0,11829,7802,neg
2021,G,provisorio,DIP_CABA,CABA,4,comuna 04,51,juntos por el cambio,3646,11829,7802,jxc-pro
2021,G,provisorio,DIP_CABA,CABA,4,comuna 04,51,la libertad avanza,1235,11829,7802,la libertad avanza
2021,G,provisorio,DIP_CABA,CABA,4,comuna 04,51,nulo,106,11829,7802,neg
2021,G,provisorio,DIP_CABA,CABA,4,comuna 04,51,recurrido,0,11829,7802,neg
2021,G,provisorio,DIP_CABA,CABA,4,comuna 04,52,autodeterminación y libertad,211,15251,8624,otro
2021,G,provisorio,DIP_CABA,CABA,4,comuna 04,52,blanco,103,15251,8624,neg
2021,G,provisorio,DIP_CABA,CABA,4,comuna 04,52,fit-u,696,15251,8624,otro
2021,G,provisorio,DIP_CABA,CABA,4,comuna 04,52,frente de todos,2962,15251,8624,pj
2021,G,provisorio,DIP_CABA,CABA,4,comuna 04,52,impugnado,1,15251,8624,neg
2021,G,provisorio,DIP_CABA,CABA,4,comuna 04,52,juntos por el cambio,2918,15251,8624,jxc-pro
2021,G,provisorio,DIP_CABA,CABA,4,comuna 04,52,la libertad avanza,1606,15251,8624,la libertad avanza
2021,G,provisorio,DIP_CABA,CABA,4,comuna 04,52,nulo,126,15251,8624,neg
2021,G,provisorio,DIP_CABA,CABA,4,comuna 04,52,recurrido,1,15251,8624,neg
2021,G,provisorio,DIP_CABA,CABA,4,comuna 04,53,autodeterminación y libertad,253,15274,10279,otro
2021,G,provisorio,DIP_CABA,CABA,4,comuna 04,53,blanco,192,15274,10279,neg
2021,G,provisorio,DIP_CABA,CABA,4,comuna 04,53,fit-u,811,15274,10279,otro
2021,G,provisorio,DIP_CABA,CABA,4,comuna 04,53,frente de todos,3604,15274,10279,pj
2021,G,provisorio,DIP_CABA,CABA,4,comuna 04,53,impugnado,0,15274,10279,neg
2021,G,provisorio,DIP_CABA,CABA,4,comuna 04,53,juntos por el cambio,3557,15274,10279,jxc-pro
2021,G,provisorio,DIP_CABA,CABA,4,comuna 04,53,la libertad avanza,1744,15274,10279,la libertad avanza
2021,G,provisorio,DIP_CABA,CABA,4,comuna 04,53,nulo,118,15274,10279,neg
2021,G,provisorio,DIP_CABA,CABA,4,comuna 04,53,recurrido,0,15274,10279,neg
2021,G,provisorio,DIP_CABA,CABA,4,comuna 04,54,autodeterminación y libertad,284,19050,11350,otro
2021,G,provisorio,DIP_CABA,CABA,4,comuna 04,54,blanco,135,19050,11350,neg
2021,G,provisorio,DIP_CABA,CABA,4,comuna 04,54,fit-u,988,19050,11350,otro
2021,G,provisorio,DIP_CABA,CABA,4,comuna 04,54,frente de todos,3481,19050,11350,pj
2021,G,provisorio,DIP_CABA,CABA,4,comuna 04,54,impugnado,0,19050,11350,neg
2021,G,provisorio,DIP_CABA,CABA,4,comuna 04,54,juntos por el cambio,4517,19050,11350,jxc-pro
2021,G,provisorio,DIP_CABA,CABA,4,comuna 04,54,la libertad avanza,1798,19050,11350,la libertad avanza
2021,G,provisorio,DIP_CABA,CABA,4,comuna 04,54,nulo,147,19050,11350,neg
2021,G,provisorio,DIP_CABA,CABA,4,comuna 04,54,recurrido,0,19050,11350,neg
2021,G,provisorio,DIP_CABA,CABA,4,comuna 04,55,autodeterminación y libertad,237,13080,7596,otro
2021,G,provisorio,DIP_CABA,CABA,4,comuna 04,55,blanco,98,13080,7596,neg
2021,G,provisorio,DIP_CABA,CABA,4,comuna 04,55,fit-u,575,13080,7596,otro
2021,G,provisorio,DIP_CABA,CABA,4,comuna 04,55,frente de todos,2586,13080,7596,pj
2021,G,provisorio,DIP_CABA,CABA,4,comuna 04,55,impugnado,0,13080,7596,neg
2021,G,provisorio,DIP_CABA,CABA,4,comuna 04,55,juntos por el cambio,2672,13080,7596,jxc-pro
2021,G,provisorio,DIP_CABA,CABA,4,comuna 04,55,la libertad avanza,1283,13080,7596,la libertad avanza
2021,G,provisorio,DIP_CABA,CABA,4,comuna 04,55,nulo,144,13080,7596,neg
2021,G,provisorio,DIP_CABA,CABA,4,comuna 04,55,recurrido,1,13080,7596,neg
2021,G,provisorio,DIP_CABA,CABA,4,comuna 04,56,autodeterminación y libertad,208,16571,6783,otro
2021,G,provisorio,DIP_CABA,CABA,4,comuna 04,56,blanco,77,16571,6783,neg
2021,G,provisorio,DIP_CABA,CABA,4,comuna 04,56,fit-u,534,16571,6783,otro
2021,G,provisorio,DIP_CABA,CABA,4,comuna 04,56,frente de todos,2307,16571,6783,pj
2021,G,provisorio,DIP_CABA,CABA,4,comuna 04,56,impugnado,0,16571,6783,neg
2021,G,provisorio,DIP_CABA,CABA,4,comuna 04,56,juntos por el cambio,2325,16571,6783,jxc-pro
2021,G,provisorio,DIP_CABA,CABA,4,comuna 04,56,la libertad avanza,1221,16571,6783,la libertad avanza
2021,G,provisorio,DIP_CABA,CABA,4,comuna 04,56,nulo,111,16571,6783,neg
2021,G,provisorio,DIP_CABA,CABA,4,comuna 04,56,recurrido,0,16571,6783,neg
2021,G,provisorio,DIP_CABA,CABA,4,comuna 04,57,autodeterminación y libertad,482,18750,14745,otro
2021,G,provisorio,DIP_CABA,CABA,4,comuna 04,57,blanco,176,18750,14745,neg
2021,G,provisorio,DIP_CABA,CABA,4,comuna 04,57,fit-u,1196,18750,14745,otro
2021,G,provisorio,DIP_CABA,CABA,4,comuna 04,57,frente de todos,4617,18750,14745,pj
2021,G,provisorio,DIP_CABA,CABA,4,comuna 04,57,impugnado,0,18750,14745,neg
2021,G,provisorio,DIP_CABA,CABA,4,comuna 04,57,juntos por el cambio,5495,18750,14745,jxc-pro
2021,G,provisorio,DIP_CABA,CABA,4,comuna 04,57,la libertad avanza,2579,18750,14745,la libertad avanza
2021,G,provisorio,DIP_CABA,CABA,4,comuna 04,57,nulo,200,18750,14745,neg
2021,G,provisorio,DIP_CABA,CABA,4,comuna 04,57,recurrido,0,18750,14745,neg
2021,G,provisorio,DIP_CABA,CABA,5,comuna 05,58,autodeterminación y libertad,358,17414,11326,otro
2021,G,provisorio,DIP_CABA,CABA,5,comuna 05,58,blanco,148,17414,11326,neg
2021,G,provisorio,DIP_CABA,CABA,5,comuna 05,58,fit-u,1017,17414,11326,otro
2021,G,provisorio,DIP_CABA,CABA,5,comuna 05,58,frente de todos,3492,17414,11326,pj
2021,G,provisorio,DIP_CABA,CABA,5,comuna 05,58,impugnado,0,17414,11326,neg
2021,G,provisorio,DIP_CABA,CABA,5,comuna 05,58,juntos por el cambio,4283,17414,11326,jxc-pro
2021,G,provisorio,DIP_CABA,CABA,5,comuna 05,58,la libertad avanza,1865,17414,11326,la libertad avanza
2021,G,provisorio,DIP_CABA,CABA,5,comuna 05,58,nulo,163,17414,11326,neg
2021,G,provisorio,DIP_CABA,CABA,5,comuna 05,58,recurrido,0,17414,11326,neg
2021,G,provisorio,DIP_CABA,CABA,5,comuna 05,59,autodeterminación y libertad,292,15690,9935,otro
2021,G,provisorio,DIP_CABA,CABA,5,comuna 05,59,blanco,101,15690,9935,neg
2021,G,provisorio,DIP_CABA,CABA,5,comuna 05,59,fit-u,960,15690,9935,otro
2021,G,provisorio,DIP_CABA,CABA,5,comuna 05,59,frente de todos,3070,15690,9935,pj
2021,G,provisorio,DIP_CABA,CABA,5,comuna 05,59,impugnado,0,15690,9935,neg
2021,G,provisorio,DIP_CABA,CABA,5,comuna 05,59,juntos por el cambio,3858,15690,9935,jxc-pro
2021,G,provisorio,DIP_CABA,CABA,5,comuna 05,59,la libertad avanza,1512,15690,9935,la libertad avanza
2021,G,provisorio,DIP_CABA,CABA,5,comuna 05,59,nulo,142,15690,9935,neg
2021,G,provisorio,DIP_CABA,CABA,5,comuna 05,59,recurrido,0,15690,9935,neg
2021,G,provisorio,DIP_CABA,CABA,5,comuna 05,60,autodeterminación y libertad,423,18448,12186,otro
2021,G,provisorio,DIP_CABA,CABA,5,comuna 05,60,blanco,153,18448,12186,neg
2021,G,provisorio,DIP_CABA,CABA,5,comuna 05,60,fit-u,1138,18448,12186,otro
2021,G,provisorio,DIP_CABA,CABA,5,comuna 05,60,frente de todos,3557,18448,12186,pj
2021,G,provisorio,DIP_CABA,CABA,5,comuna 05,60,impugnado,0,18448,12186,neg
2021,G,provisorio,DIP_CABA,CABA,5,comuna 05,60,juntos por el cambio,5043,18448,12186,jxc-pro
2021,G,provisorio,DIP_CABA,CABA,5,comuna 05,60,la libertad avanza,1709,18448,12186,la libertad avanza
2021,G,provisorio,DIP_CABA,CABA,5,comuna 05,60,nulo,163,18448,12186,neg
2021,G,provisorio,DIP_CABA,CABA,5,comuna 05,60,recurrido,0,18448,12186,neg
2021,G,provisorio,DIP_CABA,CABA,5,comuna 05,61,autodeterminación y libertad,360,15910,11591,otro
2021,G,provisorio,DIP_CABA,CABA,5,comuna 05,61,blanco,137,15910,11591,neg
2021,G,provisorio,DIP_CABA,CABA,5,comuna 05,61,fit-u,1047,15910,11591,otro
2021,G,provisorio,DIP_CABA,CABA,5,comuna 05,61,frente de todos,2875,15910,11591,pj
2021,G,provisorio,DIP_CABA,CABA,5,comuna 05,61,impugnado,0,15910,11591,neg
2021,G,provisorio,DIP_CABA,CABA,5,comuna 05,61,juntos por el cambio,5285,15910,11591,jxc-pro
2021,G,provisorio,DIP_CABA,CABA,5,comuna 05,61,la libertad avanza,1786,15910,11591,la libertad avanza
2021,G,provisorio,DIP_CABA,CABA,5,comuna 05,61,nulo,101,15910,11591,neg
2021,G,provisorio,DIP_CABA,CABA,5,comuna 05,61,recurrido,0,15910,11591,neg
2021,G,provisorio,DIP_CABA,CABA,5,comuna 05,62,autodeterminación y libertad,271,10870,7872,otro
2021,G,provisorio,DIP_CABA,CABA,5,comuna 05,62,blanco,91,10870,7872,neg
2021,G,provisorio,DIP_CABA,CABA,5,comuna 05,62,fit-u,744,10870,7872,otro
2021,G,provisorio,DIP_CABA,CABA,5,comuna 05,62,frente de todos,2272,10870,7872,pj
2021,G,provisorio,DIP_CABA,CABA,5,comuna 05,62,impugnado,0,10870,7872,neg
2021,G,provisorio,DIP_CABA,CABA,5,comuna 05,62,juntos por el cambio,3182,10870,7872,jxc-pro
2021,G,provisorio,DIP_CABA,CABA,5,comuna 05,62,la libertad avanza,1223,10870,7872,la libertad avanza
2021,G,provisorio,DIP_CABA,CABA,5,comuna 05,62,nulo,89,10870,7872,neg
2021,G,provisorio,DIP_CABA,CABA,5,comuna 05,62,recurrido,0,10870,7872,neg
2021,G,provisorio,DIP_CABA,CABA,5,comuna 05,63,autodeterminación y libertad,523,24312,15086,otro
2021,G,provisorio,DIP_CABA,CABA,5,comuna 05,63,blanco,175,24312,15086,neg
2021,G,provisorio,DIP_CABA,CABA,5,comuna 05,63,fit-u,1353,24312,15086,otro
2021,G,provisorio,DIP_CABA,CABA,5,comuna 05,63,frente de todos,3874,24312,15086,pj
2021,G,provisorio,DIP_CABA,CABA,5,comuna 05,63,impugnado,0,24312,15086,neg
2021,G,provisorio,DIP_CABA,CABA,5,comuna 05,63,juntos por el cambio,6653,24312,15086,jxc-pro
2021,G,provisorio,DIP_CABA,CABA,5,comuna 05,63,la libertad avanza,2323,24312,15086,la libertad avanza
2021,G,provisorio,DIP_CABA,CABA,5,comuna 05,63,nulo,182,24312,15086,neg
2021,G,provisorio,DIP_CABA,CABA,5,comuna 05,63,recurrido,3,24312,15086,neg
2021,G,provisorio,DIP_CABA,CABA,5,comuna 05,64,autodeterminación y libertad,561,24513,16393,otro
2021,G,provisorio,DIP_CABA,CABA,5,comuna 05,64,blanco,201,24513,16393,neg
2021,G,provisorio,DIP_CABA,CABA,5,comuna 05,64,fit-u,1550,24513,16393,otro
2021,G,provisorio,DIP_CABA,CABA,5,comuna 05,64,frente de todos,4412,24513,16393,pj
2021,G,provisorio,DIP_CABA,CABA,5,comuna 05,64,impugnado,0,24513,16393,neg
2021,G,provisorio,DIP_CABA,CABA,5,comuna 05,64,juntos por el cambio,7149,24513,16393,jxc-pro
2021,G,provisorio,DIP_CABA,CABA,5,comuna 05,64,la libertad avanza,2338,24513,16393,la libertad avanza
2021,G,provisorio,DIP_CABA,CABA,5,comuna 05,64,nulo,182,24513,16393,neg
2021,G,provisorio,DIP_CABA,CABA,5,comuna 05,64,recurrido,0,24513,16393,neg
2021,G,provisorio,DIP_CABA,CABA,5,comuna 05,65,autodeterminación y libertad,338,13678,10243,otro
2021,G,provisorio,DIP_CABA,CABA,5,comuna 05,65,blanco,122,13678,10243,neg
2021,G,provisorio,DIP_CABA,CABA,5,comuna 05,65,fit-u,921,13678,10243,otro
2021,G,provisorio,DIP_CABA,CABA,5,comuna 05,65,frente de todos,2573,13678,10243,pj
2021,G,provisorio,DIP_CABA,CABA,5,comuna 05,65,impugnado,0,13678,10243,neg
2021,G,provisorio,DIP_CABA,CABA,5,comuna 05,65,juntos por el cambio,4547,13678,10243,jxc-pro
2021,G,provisorio,DIP_CABA,CABA,5,comuna 05,65,la libertad avanza,1624,13678,10243,la libertad avanza
2021,G,provisorio,DIP_CABA,CABA,5,comuna 05,65,nulo,118,13678,10243,neg
2021,G,provisorio,DIP_CABA,CABA,5,comuna 05,65,recurrido,0,13678,10243,neg
2021,G,provisorio,DIP_CABA,CABA,5,comuna 05,66,autodeterminación y libertad,361,16259,10025,otro
2021,G,provisorio,DIP_CABA,CABA,5,comuna 05,66,blanco,114,16259,10025,neg
2021,G,provisorio,DIP_CABA,CABA,5,comuna 05,66,fit-u,963,16259,10025,otro
2021,G,provisorio,DIP_CABA,CABA,5,comuna 05,66,frente de todos,2607,16259,10025,pj
2021,G,provisorio,DIP_CABA,CABA,5,comuna 05,66,impugnado,0,16259,10025,neg
2021,G,provisorio,DIP_CABA,CABA,5,comuna 05,66,juntos por el cambio,4382,16259,10025,jxc-pro
2021,G,provisorio,DIP_CABA,CABA,5,comuna 05,66,la libertad avanza,1502,16259,10025,la libertad avanza
2021,G,provisorio,DIP_CABA,CABA,5,comuna 05,66,nulo,96,16259,10025,neg
2021,G,provisorio,DIP_CABA,CABA,5,comuna 05,66,recurrido,0,16259,10025,neg
2021,G,provisorio,DIP_CABA,CABA,5,comuna 05,67,autodeterminación y libertad,578,21361,15343,otro
2021,G,provisorio,DIP_CABA,CABA,5,comuna 05,67,blanco,184,21361,15343,neg
2021,G,provisorio,DIP_CABA,CABA,5,comuna 05,67,fit-u,1510,21361,15343,otro
2021,G,provisorio,DIP_CABA,CABA,5,comuna 05,67,frente de todos,4058,21361,15343,pj
2021,G,provisorio,DIP_CABA,CABA,5,comuna 05,67,impugnado,0,21361,15343,neg
2021,G,provisorio,DIP_CABA,CABA,5,comuna 05,67,juntos por el cambio,6755,21361,15343,jxc-pro
2021,G,provisorio,DIP_CABA,CABA,5,comuna 05,67,la libertad avanza,2089,21361,15343,la libertad avanza
2021,G,provisorio,DIP_CABA,CABA,5,comuna 05,67,nulo,169,21361,15343,neg
2021,G,provisorio,DIP_CABA,CABA,5,comuna 05,67,recurrido,0,21361,15343,neg
2021,G,provisorio,DIP_CABA,CABA,6,comuna 06,68,autodeterminación y libertad,602,19878,15356,otro
2021,G,provisorio,DIP_CABA,CABA,6,comuna 06,68,blanco,183,19878,15356,neg
2021,G,provisorio,DIP_CABA,CABA,6,comuna 06,68,fit-u,1504,19878,15356,otro
2021,G,provisorio,DIP_CABA,CABA,6,comuna 06,68,frente de todos,3971,19878,15356,pj
2021,G,provisorio,DIP_CABA,CABA,6,comuna 06,68,impugnado,0,19878,15356,neg
2021,G,provisorio,DIP_CABA,CABA,6,comuna 06,68,juntos por el cambio,6828,19878,15356,jxc-pro
2021,G,provisorio,DIP_CABA,CABA,6,comuna 06,68,la libertad avanza,2091,19878,15356,la libertad avanza
2021,G,provisorio,DIP_CABA,CABA,6,comuna 06,68,nulo,177,19878,15356,neg
2021,G,provisorio,DIP_CABA,CABA,6,comuna 06,68,recurrido,0,19878,15356,neg
2021,G,provisorio,DIP_CABA,CABA,6,comuna 06,69,autodeterminación y libertad,669,33312,22534,otro
2021,G,provisorio,DIP_CABA,CABA,6,comuna 06,69,blanco,284,33312,22534,neg
2021,G,provisorio,DIP_CABA,CABA,6,comuna 06,69,fit-u,1703,33312,22534,otro
2021,G,provisorio,DIP_CABA,CABA,6,comuna 06,69,frente de todos,4643,33312,22534,pj
2021,G,provisorio,DIP_CABA,CABA,6,comuna 06,69,impugnado,1,33312,22534,neg
2021,G,provisorio,DIP_CABA,CABA,6,comuna 06,69,juntos por el cambio,11640,33312,22534,jxc-pro
2021,G,provisorio,DIP_CABA,CABA,6,comuna 06,69,la libertad avanza,3369,33312,22534,la libertad avanza
2021,G,provisorio,DIP_CABA,CABA,6,comuna 06,69,nulo,225,33312,22534,neg
2021,G,provisorio,DIP_CABA,CABA,6,comuna 06,69,recurrido,0,33312,22534,neg
2021,G,provisorio,DIP_CABA,CABA,6,comuna 06,70,autodeterminación y libertad,783,30464,20236,otro
2021,G,provisorio,DIP_CABA,CABA,6,comuna 06,70,blanco,247,30464,20236,neg
2021,G,provisorio,DIP_CABA,CABA,6,comuna 06,70,fit-u,1791,30464,20236,otro
2021,G,provisorio,DIP_CABA,CABA,6,comuna 06,70,frente de todos,4994,30464,20236,pj
2021,G,provisorio,DIP_CABA,CABA,6,comuna 06,70,impugnado,0,30464,20236,neg
2021,G,provisorio,DIP_CABA,CABA,6,comuna 06,70,juntos por el cambio,9319,30464,20236,jxc-pro
2021,G,provisorio,DIP_CABA,CABA,6,comuna 06,70,la libertad avanza,2896,30464,20236,la libertad avanza
2021,G,provisorio,DIP_CABA,CABA,6,comuna 06,70,nulo,206,30464,20236,neg
2021,G,provisorio,DIP_CABA,CABA,6,comuna 06,70,recurrido,0,30464,20236,neg
2021,G,provisorio,DIP_CABA,CABA,6,comuna 06,71,autodeterminación y libertad,791,30610,24280,otro
2021,G,provisorio,DIP_CABA,CABA,6,comuna 06,71,blanco,283,30610,24280,neg
2021,G,provisorio,DIP_CABA,CABA,6,comuna 06,71,fit-u,1780,30610,24280,otro
2021,G,provisorio,DIP_CABA,CABA,6,comuna 06,71,frente de todos,5255,30610,24280,pj
2021,G,provisorio,DIP_CABA,CABA,6,comuna 06,71,impugnado,0,30610,24280,neg
2021,G,provisorio,DIP_CABA,CABA,6,comuna 06,71,juntos por el cambio,12342,30610,24280,jxc-pro
2021,G,provisorio,DIP_CABA,CABA,6,comuna 06,71,la libertad avanza,3606,30610,24280,la libertad avanza
2021,G,provisorio,DIP_CABA,CABA,6,comuna 06,71,nulo,223,30610,24280,neg
2021,G,provisorio,DIP_CABA,CABA,6,comuna 06,71,recurrido,0,30610,24280,neg
2021,G,provisorio,DIP_CABA,CABA,6,comuna 06,72,autodeterminación y libertad,452,14906,10588,otro
2021,G,provisorio,DIP_CABA,CABA,6,comuna 06,72,blanco,118,14906,10588,neg
2021,G,provisorio,DIP_CABA,CABA,6,comuna 06,72,fit-u,1060,14906,10588,otro
2021,G,provisorio,DIP_CABA,CABA,6,comuna 06,72,frente de todos,2804,14906,10588,pj
2021,G,provisorio,DIP_CABA,CABA,6,comuna 06,72,impugnado,0,14906,10588,neg
2021,G,provisorio,DIP_CABA,CABA,6,comuna 06,72,juntos por el cambio,4380,14906,10588,jxc-pro
2021,G,provisorio,DIP_CABA,CABA,6,comuna 06,72,la libertad avanza,1620,14906,10588,la libertad avanza
2021,G,provisorio,DIP_CABA,CABA,6,comuna 06,72,nulo,154,14906,10588,neg
2021,G,provisorio,DIP_CABA,CABA,6,comuna 06,72,recurrido,0,14906,10588,neg
2021,G,provisorio,DIP_CABA,CABA,6,comuna 06,73,autodeterminación y libertad,560,20071,13860,otro
2021,G,provisorio,DIP_CABA,CABA,6,comuna 06,73,blanco,187,20071,13860,neg
2021,G,provisorio,DIP_CABA,CABA,6,comuna 06,73,fit-u,1289,20071,13860,otro
2021,G,provisorio,DIP_CABA,CABA,6,comuna 06,73,frente de todos,3532,20071,13860,pj
2021,G,provisorio,DIP_CABA,CABA,6,comuna 06,73,impugnado,0,20071,13860,neg
2021,G,provisorio,DIP_CABA,CABA,6,comuna 06,73,juntos por el cambio,6139,20071,13860,jxc-pro
2021,G,provisorio,DIP_CABA,CABA,6,comuna 06,73,la libertad avanza,1976,20071,13860,la libertad avanza
2021,G,provisorio,DIP_CABA,CABA,6,comuna 06,73,nulo,176,20071,13860,neg
2021,G,provisorio,DIP_CABA,CABA,6,comuna 06,73,recurrido,1,20071,13860,neg
2021,G,provisorio,DIP_CABA,CABA,6,comuna 06,74,autodeterminación y libertad,567,25135,19045,otro
2021,G,provisorio,DIP_CABA,CABA,6,comuna 06,74,blanco,220,25135,19045,neg
2021,G,provisorio,DIP_CABA,CABA,6,comuna 06,74,fit-u,1421,25135,19045,otro
2021,G,provisorio,DIP_CABA,CABA,6,comuna 06,74,frente de todos,3761,25135,19045,pj
2021,G,provisorio,DIP_CABA,CABA,6,comuna 06,74,impugnado,0,25135,19045,neg
2021,G,provisorio,DIP_CABA,CABA,6,comuna 06,74,juntos por el cambio,9999,25135,19045,jxc-pro
2021,G,provisorio,DIP_CABA,CABA,6,comuna 06,74,la libertad avanza,2906,25135,19045,la libertad avanza
2021,G,provisorio,DIP_CABA,CABA,6,comuna 06,74,nulo,171,25135,19045,neg
2021,G,provisorio,DIP_CABA,CABA,6,comuna 06,74,recurrido,0,25135,19045,neg
2021,G,provisorio,DIP_CABA,CABA,7,comuna 07,75,autodeterminación y libertad,297,15637,8055,otro
2021,G,provisorio,DIP_CABA,CABA,7,comuna 07,75,blanco,96,15637,8055,neg
2021,G,provisorio,DIP_CABA,CABA,7,comuna 07,75,fit-u,679,15637,8055,otro
2021,G,provisorio,DIP_CABA,CABA,7,comuna 07,75,frente de todos,2031,15637,8055,pj
2021,G,provisorio,DIP_CABA,CABA,7,comuna 07,75,impugnado,0,15637,8055,neg
2021,G,provisorio,DIP_CABA,CABA,7,comuna 07,75,juntos por el cambio,3558,15637,8055,jxc-pro
2021,G,provisorio,DIP_CABA,CABA,7,comuna 07,75,la libertad avanza,1280,15637,8055,la libertad avanza
2021,G,provisorio,DIP_CABA,CABA,7,comuna 07,75,nulo,114,15637,8055,neg
2021,G,provisorio,DIP_CABA,CABA,7,comuna 07,75,recurrido,0,15637,8055,neg
2021,G,provisorio,DIP_CABA,CABA,7,comuna 07,76,autodeterminación y libertad,482,19941,13151,otro
2021,G,provisorio,DIP_CABA,CABA,7,comuna 07,76,blanco,180,19941,13151,neg
2021,G,provisorio,DIP_CABA,CABA,7,comuna 07,76,fit-u,1120,19941,13151,otro
2021,G,provisorio,DIP_CABA,CABA,7,comuna 07,76,frente de todos,3396,19941,13151,pj
2021,G,provisorio,DIP_CABA,CABA,7,comuna 07,76,impugnado,1,19941,13151,neg
2021,G,provisorio,DIP_CABA,CABA,7,comuna 07,76,juntos por el cambio,5730,19941,13151,jxc-pro
2021,G,provisorio,DIP_CABA,CABA,7,comuna 07,76,la libertad avanza,2063,19941,13151,la libertad avanza
2021,G,provisorio,DIP_CABA,CABA,7,comuna 07,76,nulo,179,19941,13151,neg
2021,G,provisorio,DIP_CABA,CABA,7,comuna 07,76,recurrido,0,19941,13151,neg
2021,G,provisorio,DIP_CABA,CABA,7,comuna 07,77,autodeterminación y libertad,378,13864,10586,otro
2021,G,provisorio,DIP_CABA,CABA,7,comuna 07,77,blanco,158,13864,10586,neg
2021,G,provisorio,DIP_CABA,CABA,7,comuna 07,77,fit-u,878,13864,10586,otro
2021,G,provisorio,DIP_CABA,CABA,7,comuna 07,77,frente de todos,3161,13864,10586,pj
2021,G,provisorio,DIP_CABA,CABA,7,comuna 07,77,impugnado,0,13864,10586,neg
2021,G,provisorio,DIP_CABA,CABA,7,comuna 07,77,juntos por el cambio,4071,13864,10586,jxc-pro
2021,G,provisorio,DIP_CABA,CABA,7,comuna 07,77,la libertad avanza,1788,13864,10586,la libertad avanza
2021,G,provisorio,DIP_CABA,CABA,7,comuna 07,77,nulo,152,13864,10586,neg
2021,G,provisorio,DIP_CABA,CABA,7,comuna 07,77,recurrido,0,13864,10586,neg
2021,G,provisorio,DIP_CABA,CABA,7,comuna 07,78,autodeterminación y libertad,250,12277,8666,otro
2021,G,provisorio,DIP_CABA,CABA,7,comuna 07,78,blanco,102,12277,8666,neg
2021,G,provisorio,DIP_CABA,CABA,7,comuna 07,78,fit-u,679,12277,8666,otro
2021,G,provisorio,DIP_CABA,CABA,7,comuna 07,78,frente de todos,2642,12277,8666,pj
2021,G,provisorio,DIP_CABA,CABA,7,comuna 07,78,impugnado,0,12277,8666,neg
2021,G,provisorio,DIP_CABA,CABA,7,comuna 07,78,juntos por el cambio,3318,12277,8666,jxc-pro
2021,G,provisorio,DIP_CABA,CABA,7,comuna 07,78,la libertad avanza,1526,12277,8666,la libertad avanza
2021,G,provisorio,DIP_CABA,CABA,7,comuna 07,78,nulo,149,12277,8666,neg
2021,G,provisorio,DIP_CABA,CABA,7,comuna 07,78,recurrido,0,12277,8666,neg
2021,G,provisorio,DIP_CABA,CABA,7,comuna 07,79,autodeterminación y libertad,279,18868,9959,otro
2021,G,provisorio,DIP_CABA,CABA,7,comuna 07,79,blanco,141,18868,9959,neg
2021,G,provisorio,DIP_CABA,CABA,7,comuna 07,79,fit-u,812,18868,9959,otro
2021,G,provisorio,DIP_CABA,CABA,7,comuna 07,79,frente de todos,2370,18868,9959,pj
2021,G,provisorio,DIP_CABA,CABA,7,comuna 07,79,impugnado,0,18868,9959,neg
2021,G,provisorio,DIP_CABA,CABA,7,comuna 07,79,juntos por el cambio,4546,18868,9959,jxc-pro
2021,G,provisorio,DIP_CABA,CABA,7,comuna 07,79,la libertad avanza,1693,18868,9959,la libertad avanza
2021,G,provisorio,DIP_CABA,CABA,7,comuna 07,79,nulo,118,18868,9959,neg
2021,G,provisorio,DIP_CABA,CABA,7,comuna 07,79,recurrido,0,18868,9959,neg
2021,G,provisorio,DIP_CABA,CABA,7,comuna 07,80,autodeterminación y libertad,370,15751,10444,otro
2021,G,provisorio,DIP_CABA,CABA,7,comuna 07,80,blanco,125,15751,10444,neg
2021,G,provisorio,DIP_CABA,CABA,7,comuna 07,80,fit-u,879,15751,10444,otro
2021,G,provisorio,DIP_CABA,CABA,7,comuna 07,80,frente de todos,2487,15751,10444,pj
2021,G,provisorio,DIP_CABA,CABA,7,comuna 07,80,impugnado,0,15751,10444,neg
2021,G,provisorio,DIP_CABA,CABA,7,comuna 07,80,juntos por el cambio,4791,15751,10444,jxc-pro
2021,G,provisorio,DIP_CABA,CABA,7,comuna 07,80,la libertad avanza,1677,15751,10444,la libertad avanza
2021,G,provisorio,DIP_CABA,CABA,7,comuna 07,80,nulo,115,15751,10444,neg
2021,G,provisorio,DIP_CABA,CABA,7,comuna 07,80,recurrido,0,15751,10444,neg
2021,G,provisorio,DIP_CABA,CABA,7,comuna 07,81,autodeterminación y libertad,294,13222,9559,otro
2021,G,provisorio,DIP_CABA,CABA,7,comuna 07,81,blanco,123,13222,9559,neg
2021,G,provisorio,DIP_CABA,CABA,7,comuna 07,81,fit-u,743,13222,9559,otro
2021,G,provisorio,DIP_CABA,CABA,7,comuna 07,81,frente de todos,2142,13222,9559,pj
2021,G,provisorio,DIP_CABA,CABA,7,comuna 07,81,impugnado,0,13222,9559,neg
2021,G,provisorio,DIP_CABA,CABA,7,comuna 07,81,juntos por el cambio,4686,13222,9559,jxc-pro
2021,G,provisorio,DIP_CABA,CABA,7,comuna 07,81,la libertad avanza,1450,13222,9559,la libertad avanza
2021,G,provisorio,DIP_CABA,CABA,7,comuna 07,81,nulo,121,13222,9559,neg
2021,G,provisorio,DIP_CABA,CABA,7,comuna 07,81,recurrido,0,13222,9559,neg
2021,G,provisorio,DIP_CABA,CABA,7,comuna 07,82,autodeterminación y libertad,329,15405,11132,otro
2021,G,provisorio,DIP_CABA,CABA,7,comuna 07,82,blanco,140,15405,11132,neg
2021,G,provisorio,DIP_CABA,CABA,7,comuna 07,82,fit-u,882,15405,11132,otro
2021,G,provisorio,DIP_CABA,CABA,7,comuna 07,82,frente de todos,2773,15405,11132,pj
2021,G,provisorio,DIP_CABA,CABA,7,comuna 07,82,impugnado,0,15405,11132,neg
2021,G,provisorio,DIP_CABA,CABA,7,comuna 07,82,juntos por el cambio,5006,15405,11132,jxc-pro
2021,G,provisorio,DIP_CABA,CABA,7,comuna 07,82,la libertad avanza,1870,15405,11132,la libertad avanza
2021,G,provisorio,DIP_CABA,CABA,7,comuna 07,82,nulo,132,15405,11132,neg
2021,G,provisorio,DIP_CABA,CABA,7,comuna 07,82,recurrido,0,15405,11132,neg
2021,G,provisorio,DIP_CABA,CABA,7,comuna 07,83,autodeterminación y libertad,428,22448,15770,otro
2021,G,provisorio,DIP_CABA,CABA,7,comuna 07,83,blanco,163,22448,15770,neg
2021,G,provisorio,DIP_CABA,CABA,7,comuna 07,83,fit-u,1069,22448,15770,otro
2021,G,provisorio,DIP_CABA,CABA,7,comuna 07,83,frente de todos,3164,22448,15770,pj
2021,G,provisorio,DIP_CABA,CABA,7,comuna 07,83,impugnado,0,22448,15770,neg
2021,G,provisorio,DIP_CABA,CABA,7,comuna 07,83,juntos por el cambio,8186,22448,15770,jxc-pro
2021,G,provisorio,DIP_CABA,CABA,7,comuna 07,83,la libertad avanza,2589,22448,15770,la libertad avanza
2021,G,provisorio,DIP_CABA,CABA,7,comuna 07,83,nulo,171,22448,15770,neg
2021,G,provisorio,DIP_CABA,CABA,7,comuna 07,83,recurrido,0,22448,15770,neg
2021,G,provisorio,DIP_CABA,CABA,7,comuna 07,84,autodeterminación y libertad,314,17938,8883,otro
2021,G,provisorio,DIP_CABA,CABA,7,comuna 07,84,blanco,120,17938,8883,neg
2021,G,provisorio,DIP_CABA,CABA,7,comuna 07,84,fit-u,731,17938,8883,otro
2021,G,provisorio,DIP_CABA,CABA,7,comuna 07,84,frente de todos,2368,17938,8883,pj
2021,G,provisorio,DIP_CABA,CABA,7,comuna 07,84,impugnado,1,17938,8883,neg
2021,G,provisorio,DIP_CABA,CABA,7,comuna 07,84,juntos por el cambio,3685,17938,8883,jxc-pro
2021,G,provisorio,DIP_CABA,CABA,7,comuna 07,84,la libertad avanza,1551,17938,8883,la libertad avanza
2021,G,provisorio,DIP_CABA,CABA,7,comuna 07,84,nulo,113,17938,8883,neg
2021,G,provisorio,DIP_CABA,CABA,7,comuna 07,84,recurrido,0,17938,8883,neg
2021,G,provisorio,DIP_CABA,CABA,7,comuna 07,85,autodeterminación y libertad,201,7814,6218,otro
2021,G,provisorio,DIP_CABA,CABA,7,comuna 07,85,blanco,67,7814,6218,neg
2021,G,provisorio,DIP_CABA,CABA,7,comuna 07,85,fit-u,500,7814,6218,otro
2021,G,provisorio,DIP_CABA,CABA,7,comuna 07,85,frente de todos,1444,7814,6218,pj
2021,G,provisorio,DIP_CABA,CABA,7,comuna 07,85,impugnado,0,7814,6218,neg
2021,G,provisorio,DIP_CABA,CABA,7,comuna 07,85,juntos por el cambio,2882,7814,6218,jxc-pro
2021,G,provisorio,DIP_CABA,CABA,7,comuna 07,85,la libertad avanza,1034,7814,6218,la libertad avanza
2021,G,provisorio,DIP_CABA,CABA,7,comuna 07,85,nulo,90,7814,6218,neg
2021,G,provisorio,DIP_CABA,CABA,7,comuna 07,85,recurrido,0,7814,6218,neg
2021,G,provisorio,DIP_CABA,CABA,7,comuna 07,86,autodeterminación y libertad,630,44718,25594,otro
2021,G,provisorio,DIP_CABA,CABA,7,comuna 07,86,blanco,345,44718,25594,neg
2021,G,provisorio,DIP_CABA,CABA,7,comuna 07,86,fit-u,2482,44718,25594,otro
2021,G,provisorio,DIP_CABA,CABA,7,comuna 07,86,frente de todos,10417,44718,25594,pj
2021,G,provisorio,DIP_CABA,CABA,7,comuna 07,86,impugnado,3,44718,25594,neg
2021,G,provisorio,DIP_CABA,CABA,7,comuna 07,86,juntos por el cambio,6661,44718,25594,jxc-pro
2021,G,provisorio,DIP_CABA,CABA,7,comuna 07,86,la libertad avanza,4706,44718,25594,la libertad avanza
2021,G,provisorio,DIP_CABA,CABA,7,comuna 07,86,nulo,349,44718,25594,neg
2021,G,provisorio,DIP_CABA,CABA,7,comuna 07,86,recurrido,1,44718,25594,neg
2021,G,provisorio,DIP_CABA,CABA,8,comuna 08,87,autodeterminación y libertad,626,52157,26041,otro
2021,G,provisorio,DIP_CABA,CABA,8,comuna 08,87,blanco,330,52157,26041,neg
2021,G,provisorio,DIP_CABA,CABA,8,comuna 08,87,fit-u,2394,52157,26041,otro
2021,G,provisorio,DIP_CABA,CABA,8,comuna 08,87,frente de todos,11245,52157,26041,pj
2021,G,provisorio,DIP_CABA,CABA,8,comuna 08,87,impugnado,0,52157,26041,neg
2021,G,provisorio,DIP_CABA,CABA,8,comuna 08,87,juntos por el cambio,6906,52157,26041,jxc-pro
2021,G,provisorio,DIP_CABA,CABA,8,comuna 08,87,la libertad avanza,4128,52157,26041,la libertad avanza
2021,G,provisorio,DIP_CABA,CABA,8,comuna 08,87,nulo,412,52157,26041,neg
2021,G,provisorio,DIP_CABA,CABA,8,comuna 08,87,recurrido,0,52157,26041,neg
2021,G,provisorio,DIP_CABA,CABA,8,comuna 08,88,autodeterminación y libertad,323,20544,12661,otro
2021,G,provisorio,DIP_CABA,CABA,8,comuna 08,88,blanco,165,20544,12661,neg
2021,G,provisorio,DIP_CABA,CABA,8,comuna 08,88,fit-u,855,20544,12661,otro
2021,G,provisorio,DIP_CABA,CABA,8,comuna 08,88,frente de todos,3377,20544,12661,pj
2021,G,provisorio,DIP_CABA,CABA,8,comuna 08,88,impugnado,0,20544,12661,neg
2021,G,provisorio,DIP_CABA,CABA,8,comuna 08,88,juntos por el cambio,5202,20544,12661,jxc-pro
2021,G,provisorio,DIP_CABA,CABA,8,comuna 08,88,la libertad avanza,2507,20544,12661,la libertad avanza
2021,G,provisorio,DIP_CABA,CABA,8,comuna 08,88,nulo,232,20544,12661,neg
2021,G,provisorio,DIP_CABA,CABA,8,comuna 08,88,recurrido,0,20544,12661,neg
2021,G,provisorio,DIP_CABA,CABA,8,comuna 08,89,autodeterminación y libertad,997,51969,40656,otro
2021,G,provisorio,DIP_CABA,CABA,8,comuna 08,89,blanco,533,51969,40656,neg
2021,G,provisorio,DIP_CABA,CABA,8,comuna 08,89,fit-u,3271,51969,40656,otro
2021,G,provisorio,DIP_CABA,CABA,8,comuna 08,89,frente de todos,14690,51969,40656,pj
2021,G,provisorio,DIP_CABA,CABA,8,comuna 08,89,impugnado,0,51969,40656,neg
2021,G,provisorio,DIP_CABA,CABA,8,comuna 08,89,juntos por el cambio,13280,51969,40656,jxc-pro
2021,G,provisorio,DIP_CABA,CABA,8,comuna 08,89,la libertad avanza,7232,51969,40656,la libertad avanza
2021,G,provisorio,DIP_CABA,CABA,8,comuna 08,89,nulo,653,51969,40656,neg
2021,G,provisorio,DIP_CABA,CABA,8,comuna 08,89,recurrido,0,51969,40656,neg
2021,G,provisorio,DIP_CABA,CABA,8,comuna 08,90,autodeterminación y libertad,874,66113,36053,otro
2021,G,provisorio,DIP_CABA,CABA,8,comuna 08,90,blanco,521,66113,36053,neg
2021,G,provisorio,DIP_CABA,CABA,8,comuna 08,90,fit-u,2647,66113,36053,otro
2021,G,provisorio,DIP_CABA,CABA,8,comuna 08,90,frente de todos,13735,66113,36053,pj
2021,G,provisorio,DIP_CABA,CABA,8,comuna 08,90,impugnado,0,66113,36053,neg
2021,G,provisorio,DIP_CABA,CABA,8,comuna 08,90,juntos por el cambio,11552,66113,36053,jxc-pro
2021,G,provisorio,DIP_CABA,CABA,8,comuna 08,90,la libertad avanza,6189,66113,36053,la libertad avanza
2021,G,provisorio,DIP_CABA,CABA,8,comuna 08,90,nulo,535,66113,36053,neg
2021,G,provisorio,DIP_CABA,CABA,8,comuna 08,90,recurrido,0,66113,36053,neg
2021,G,provisorio,DIP_CABA,CABA,9,comuna 09,91,autodeterminación y libertad,151,10079,8228,otro
2021,G,provisorio,DIP_CABA,CABA,9,comuna 09,91,blanco,113,10079,8228,neg
2021,G,provisorio,DIP_CABA,CABA,9,comuna 09,91,fit-u,686,10079,8228,otro
2021,G,provisorio,DIP_CABA,CABA,9,comuna 09,91,frente de todos,3510,10079,8228,pj
2021,G,provisorio,DIP_CABA,CABA,9,comuna 09,91,impugnado,0,10079,8228,neg
2021,G,provisorio,DIP_CABA,CABA,9,comuna 09,91,juntos por el cambio,1949,10079,8228,jxc-pro
2021,G,provisorio,DIP_CABA,CABA,9,comuna 09,91,la libertad avanza,1723,10079,8228,la libertad avanza
2021,G,provisorio,DIP_CABA,CABA,9,comuna 09,91,nulo,96,10079,8228,neg
2021,G,provisorio,DIP_CABA,CABA,9,comuna 09,91,recurrido,0,10079,8228,neg
2021,G,provisorio,DIP_CABA,CABA,9,comuna 09,92,autodeterminación y libertad,325,13987,10793,otro
2021,G,provisorio,DIP_CABA,CABA,9,comuna 09,92,blanco,152,13987,10793,neg
2021,G,provisorio,DIP_CABA,CABA,9,comuna 09,92,fit-u,921,13987,10793,otro
2021,G,provisorio,DIP_CABA,CABA,9,comuna 09,92,frente de todos,3131,13987,10793,pj
2021,G,provisorio,DIP_CABA,CABA,9,comuna 09,92,impugnado,0,13987,10793,neg
2021,G,provisorio,DIP_CABA,CABA,9,comuna 09,92,juntos por el cambio,4142,13987,10793,jxc-pro
2021,G,provisorio,DIP_CABA,CABA,9,comuna 09,92,la libertad avanza,1970,13987,10793,la libertad avanza
2021,G,provisorio,DIP_CABA,CABA,9,comuna 09,92,nulo,152,13987,10793,neg
2021,G,provisorio,DIP_CABA,CABA,9,comuna 09,92,recurrido,0,13987,10793,neg
2021,G,provisorio,DIP_CABA,CABA,9,comuna 09,93,autodeterminación y libertad,214,8292,6566,otro
2021,G,provisorio,DIP_CABA,CABA,9,comuna 09,93,blanco,98,8292,6566,neg
2021,G,provisorio,DIP_CABA,CABA,9,comuna 09,93,fit-u,488,8292,6566,otro
2021,G,provisorio,DIP_CABA,CABA,9,comuna 09,93,frente de todos,2111,8292,6566,pj
2021,G,provisorio,DIP_CABA,CABA,9,comuna 09,93,impugnado,0,8292,6566,neg
2021,G,provisorio,DIP_CABA,CABA,9,comuna 09,93,juntos por el cambio,2357,8292,6566,jxc-pro
2021,G,provisorio,DIP_CABA,CABA,9,comuna 09,93,la libertad avanza,1191,8292,6566,la libertad avanza
2021,G,provisorio,DIP_CABA,CABA,9,comuna 09,93,nulo,107,8292,6566,neg
2021,G,provisorio,DIP_CABA,CABA,9,comuna 09,93,recurrido,0,8292,6566,neg
2021,G,provisorio,DIP_CABA,CABA,9,comuna 09,94,autodeterminación y libertad,264,13407,8448,otro
2021,G,provisorio,DIP_CABA,CABA,9,comuna 09,94,blanco,117,13407,8448,neg
2021,G,provisorio,DIP_CABA,CABA,9,comuna 09,94,fit-u,751,13407,8448,otro
2021,G,provisorio,DIP_CABA,CABA,9,comuna 09,94,frente de todos,2593,13407,8448,pj
2021,G,provisorio,DIP_CABA,CABA,9,comuna 09,94,impugnado,0,13407,8448,neg
2021,G,provisorio,DIP_CABA,CABA,9,comuna 09,94,juntos por el cambio,3178,13407,8448,jxc-pro
2021,G,provisorio,DIP_CABA,CABA,9,comuna 09,94,la libertad avanza,1427,13407,8448,la libertad avanza
2021,G,provisorio,DIP_CABA,CABA,9,comuna 09,94,nulo,118,13407,8448,neg
2021,G,provisorio,DIP_CABA,CABA,9,comuna 09,94,recurrido,0,13407,8448,neg
2021,G,provisorio,DIP_CABA,CABA,9,comuna 09,95,autodeterminación y libertad,430,24756,13955,otro
2021,G,provisorio,DIP_CABA,CABA,9,comuna 09,95,blanco,170,24756,13955,neg
2021,G,provisorio,DIP_CABA,CABA,9,comuna 09,95,fit-u,1060,24756,13955,otro
2021,G,provisorio,DIP_CABA,CABA,9,comuna 09,95,frente de todos,4014,24756,13955,pj
2021,G,provisorio,DIP_CABA,CABA,9,comuna 09,95,impugnado,0,24756,13955,neg
2021,G,provisorio,DIP_CABA,CABA,9,comuna 09,95,juntos por el cambio,5640,24756,13955,jxc-pro
2021,G,provisorio,DIP_CABA,CABA,9,comuna 09,95,la libertad avanza,2415,24756,13955,la libertad avanza
2021,G,provisorio,DIP_CABA,CABA,9,comuna 09,95,nulo,226,24756,13955,neg
2021,G,provisorio,DIP_CABA,CABA,9,comuna 09,95,recurrido,0,24756,13955,neg
2021,G,provisorio,DIP_CABA,CABA,9,comuna 09,96,autodeterminación y libertad,300,13768,9770,otro
2021,G,provisorio,DIP_CABA,CABA,9,comuna 09,96,blanco,152,13768,9770,neg
2021,G,provisorio,DIP_CABA,CABA,9,comuna 09,96,fit-u,787,13768,9770,otro
2021,G,provisorio,DIP_CABA,CABA,9,comuna 09,96,frente de todos,3106,13768,9770,pj
2021,G,provisorio,DIP_CABA,CABA,9,comuna 09,96,impugnado,0,13768,9770,neg
2021,G,provisorio,DIP_CABA,CABA,9,comuna 09,96,juntos por el cambio,3545,13768,9770,jxc-pro
2021,G,provisorio,DIP_CABA,CABA,9,comuna 09,96,la libertad avanza,1741,13768,9770,la libertad avanza
2021,G,provisorio,DIP_CABA,CABA,9,comuna 09,96,nulo,139,13768,9770,neg
2021,G,provisorio,DIP_CABA,CABA,9,comuna 09,96,recurrido,0,13768,9770,neg
2021,G,provisorio,DIP_CABA,CABA,9,comuna 09,97,autodeterminación y libertad,272,11980,9140,otro
2021,G,provisorio,DIP_CABA,CABA,9,comuna 09,97,blanco,133,11980,9140,neg
2021,G,provisorio,DIP_CABA,CABA,9,comuna 09,97,fit-u,691,11980,9140,otro
2021,G,provisorio,DIP_CABA,CABA,9,comuna 09,97,frente de todos,3161,11980,9140,pj
2021,G,provisorio,DIP_CABA,CABA,9,comuna 09,97,impugnado,2,11980,9140,neg
2021,G,provisorio,DIP_CABA,CABA,9,comuna 09,97,juntos por el cambio,3218,11980,9140,jxc-pro
2021,G,provisorio,DIP_CABA,CABA,9,comuna 09,97,la libertad avanza,1575,11980,9140,la libertad avanza
2021,G,provisorio,DIP_CABA,CABA,9,comuna 09,97,nulo,88,11980,9140,neg
2021,G,provisorio,DIP_CABA,CABA,9,comuna 09,97,recurrido,0,11980,9140,neg
2021,G,provisorio,DIP_CABA,CABA,9,comuna 09,98,autodeterminación y libertad,516,25132,17025,otro
2021,G,provisorio,DIP_CABA,CABA,9,comuna 09,98,blanco,200,25132,17025,neg
2021,G,provisorio,DIP_CABA,CABA,9,comuna 09,98,fit-u,1076,25132,17025,otro
2021,G,provisorio,DIP_CABA,CABA,9,comuna 09,98,frente de todos,4598,25132,17025,pj
2021,G,provisorio,DIP_CABA,CABA,9,comuna 09,98,impugnado,0,25132,17025,neg
2021,G,provisorio,DIP_CABA,CABA,9,comuna 09,98,juntos por el cambio,7264,25132,17025,jxc-pro
2021,G,provisorio,DIP_CABA,CABA,9,comuna 09,98,la libertad avanza,3145,25132,17025,la libertad avanza
2021,G,provisorio,DIP_CABA,CABA,9,comuna 09,98,nulo,226,25132,17025,neg
2021,G,provisorio,DIP_CABA,CABA,9,comuna 09,98,recurrido,0,25132,17025,neg
2021,G,provisorio,DIP_CABA,CABA,9,comuna 09,99,autodeterminación y libertad,265,14584,8680,otro
2021,G,provisorio,DIP_CABA,CABA,9,comuna 09,99,blanco,114,14584,8680,neg
2021,G,provisorio,DIP_CABA,CABA,9,comuna 09,99,fit-u,554,14584,8680,otro
2021,G,provisorio,DIP_CABA,CABA,9,comuna 09,99,frente de todos,2069,14584,8680,pj
2021,G,provisorio,DIP_CABA,CABA,9,comuna 09,99,impugnado,0,14584,8680,neg
2021,G,provisorio,DIP_CABA,CABA,9,comuna 09,99,juntos por el cambio,4042,14584,8680,jxc-pro
2021,G,provisorio,DIP_CABA,CABA,9,comuna 09,99,la libertad avanza,1528,14584,8680,la libertad avanza
2021,G,provisorio,DIP_CABA,CABA,9,comuna 09,99,nulo,108,14584,8680,neg
2021,G,provisorio,DIP_CABA,CABA,9,comuna 09,99,recurrido,0,14584,8680,neg
2021,G,provisorio,DIP_CABA,CABA,9,comuna 09,100,autodeterminación y libertad,372,13636,11170,otro
2021,G,provisorio,DIP_CABA,CABA,9,comuna 09,100,blanco,151,13636,11170,neg
2021,G,provisorio,DIP_CABA,CABA,9,comuna 09,100,fit-u,758,13636,11170,otro
2021,G,provisorio,DIP_CABA,CABA,9,comuna 09,100,frente de todos,2767,13636,11170,pj
2021,G,provisorio,DIP_CABA,CABA,9,comuna 09,100,impugnado,0,13636,11170,neg
2021,G,provisorio,DIP_CABA,CABA,9,comuna 09,100,juntos por el cambio,4948,13636,11170,jxc-pro
2021,G,provisorio,DIP_CABA,CABA,9,comuna 09,100,la libertad avanza,2012,13636,11170,la libertad avanza
2021,G,provisorio,DIP_CABA,CABA,9,comuna 09,100,nulo,161,13636,11170,neg
2021,G,provisorio,DIP_CABA,CABA,9,comuna 09,100,recurrido,1,13636,11170,neg
2021,G,provisorio,DIP_CABA,CABA,9,comuna 09,101,autodeterminación y libertad,466,22138,13181,otro
2021,G,provisorio,DIP_CABA,CABA,9,comuna 09,101,blanco,184,22138,13181,neg
2021,G,provisorio,DIP_CABA,CABA,9,comuna 09,101,fit-u,958,22138,13181,otro
2021,G,provisorio,DIP_CABA,CABA,9,comuna 09,101,frente de todos,3348,22138,13181,pj
2021,G,provisorio,DIP_CABA,CABA,9,comuna 09,101,impugnado,1,22138,13181,neg
2021,G,provisorio,DIP_CABA,CABA,9,comuna 09,101,juntos por el cambio,5848,22138,13181,jxc-pro
2021,G,provisorio,DIP_CABA,CABA,9,comuna 09,101,la libertad avanza,2201,22138,13181,la libertad avanza
2021,G,provisorio,DIP_CABA,CABA,9,comuna 09,101,nulo,174,22138,13181,neg
2021,G,provisorio,DIP_CABA,CABA,9,comuna 09,101,recurrido,1,22138,13181,neg
2021,G,provisorio,DIP_CABA,CABA,10,comuna 10,102,autodeterminación y libertad,345,16076,10546,otro
2021,G,provisorio,DIP_CABA,CABA,10,comuna 10,102,blanco,132,16076,10546,neg
2021,G,provisorio,DIP_CABA,CABA,10,comuna 10,102,fit-u,733,16076,10546,otro
2021,G,provisorio,DIP_CABA,CABA,10,comuna 10,102,frente de todos,2379,16076,10546,pj
2021,G,provisorio,DIP_CABA,CABA,10,comuna 10,102,impugnado,0,16076,10546,neg
2021,G,provisorio,DIP_CABA,CABA,10,comuna 10,102,juntos por el cambio,4928,16076,10546,jxc-pro
2021,G,provisorio,DIP_CABA,CABA,10,comuna 10,102,la libertad avanza,1892,16076,10546,la libertad avanza
2021,G,provisorio,DIP_CABA,CABA,10,comuna 10,102,nulo,137,16076,10546,neg
2021,G,provisorio,DIP_CABA,CABA,10,comuna 10,102,recurrido,0,16076,10546,neg
2021,G,provisorio,DIP_CABA,CABA,10,comuna 10,103,autodeterminación y libertad,356,13385,9819,otro
2021,G,provisorio,DIP_CABA,CABA,10,comuna 10,103,blanco,111,13385,9819,neg
2021,G,provisorio,DIP_CABA,CABA,10,comuna 10,103,fit-u,673,13385,9819,otro
2021,G,provisorio,DIP_CABA,CABA,10,comuna 10,103,frente de todos,2284,13385,9819,pj
2021,G,provisorio,DIP_CABA,CABA,10,comuna 10,103,impugnado,0,13385,9819,neg
2021,G,provisorio,DIP_CABA,CABA,10,comuna 10,103,juntos por el cambio,4425,13385,9819,jxc-pro
2021,G,provisorio,DIP_CABA,CABA,10,comuna 10,103,la libertad avanza,1799,13385,9819,la libertad avanza
2021,G,provisorio,DIP_CABA,CABA,10,comuna 10,103,nulo,171,13385,9819,neg
2021,G,provisorio,DIP_CABA,CABA,10,comuna 10,103,recurrido,0,13385,9819,neg
2021,G,provisorio,DIP_CABA,CABA,10,comuna 10,104,autodeterminación y libertad,354,18054,9784,otro
2021,G,provisorio,DIP_CABA,CABA,10,comuna 10,104,blanco,135,18054,9784,neg
2021,G,provisorio,DIP_CABA,CABA,10,comuna 10,104,fit-u,743,18054,9784,otro
2021,G,provisorio,DIP_CABA,CABA,10,comuna 10,104,frente de todos,2492,18054,9784,pj
2021,G,provisorio,DIP_CABA,CABA,10,comuna 10,104,impugnado,0,18054,9784,neg
2021,G,provisorio,DIP_CABA,CABA,10,comuna 10,104,juntos por el cambio,4151,18054,9784,jxc-pro
2021,G,provisorio,DIP_CABA,CABA,10,comuna 10,104,la libertad avanza,1765,18054,9784,la libertad avanza
2021,G,provisorio,DIP_CABA,CABA,10,comuna 10,104,nulo,144,18054,9784,neg
2021,G,provisorio,DIP_CABA,CABA,10,comuna 10,104,recurrido,0,18054,9784,neg
2021,G,provisorio,DIP_CABA,CABA,10,comuna 10,105,autodeterminación y libertad,526,21145,14684,otro
2021,G,provisorio,DIP_CABA,CABA,10,comuna 10,105,blanco,189,21145,14684,neg
2021,G,provisorio,DIP_CABA,CABA,10,comuna 10,105,fit-u,1140,21145,14684,otro
2021,G,provisorio,DIP_CABA,CABA,10,comuna 10,105,frente de todos,3539,21145,14684,pj
2021,G,provisorio,DIP_CABA,CABA,10,comuna 10,105,impugnado,0,21145,14684,neg
2021,G,provisorio,DIP_CABA,CABA,10,comuna 10,105,juntos por el cambio,6615,21145,14684,jxc-pro
2021,G,provisorio,DIP_CABA,CABA,10,comuna 10,105,la libertad avanza,2490,21145,14684,la libertad avanza
2021,G,provisorio,DIP_CABA,CABA,10,comuna 10,105,nulo,185,21145,14684,neg
2021,G,provisorio,DIP_CABA,CABA,10,comuna 10,105,recurrido,0,21145,14684,neg
2021,G,provisorio,DIP_CABA,CABA,10,comuna 10,106,autodeterminación y libertad,289,11399,8996,otro
2021,G,provisorio,DIP_CABA,CABA,10,comuna 10,106,blanco,114,11399,8996,neg
2021,G,provisorio,DIP_CABA,CABA,10,comuna 10,106,fit-u,745,11399,8996,otro
2021,G,provisorio,DIP_CABA,CABA,10,comuna 10,106,frente de todos,2245,11399,8996,pj
2021,G,provisorio,DIP_CABA,CABA,10,comuna 10,106,impugnado,0,11399,8996,neg
2021,G,provisorio,DIP_CABA,CABA,10,comuna 10,106,juntos por el cambio,3858,11399,8996,jxc-pro
2021,G,provisorio,DIP_CABA,CABA,10,comuna 10,106,la libertad avanza,1600,11399,8996,la libertad avanza
2021,G,provisorio,DIP_CABA,CABA,10,comuna 10,106,nulo,145,11399,8996,neg
2021,G,provisorio,DIP_CABA,CABA,10,comuna 10,106,recurrido,0,11399,8996,neg
2021,G,provisorio,DIP_CABA,CABA,10,comuna 10,107,autodeterminación y libertad,521,19188,15029,otro
2021,G,provisorio,DIP_CABA,CABA,10,comuna 10,107,blanco,166,19188,15029,neg
2021,G,provisorio,DIP_CABA,CABA,10,comuna 10,107,fit-u,1217,19188,15029,otro
2021,G,provisorio,DIP_CABA,CABA,10,comuna 10,107,frente de todos,3928,19188,15029,pj
2021,G,provisorio,DIP_CABA,CABA,10,comuna 10,107,impugnado,0,19188,15029,neg
2021,G,provisorio,DIP_CABA,CABA,10,comuna 10,107,juntos por el cambio,6515,19188,15029,jxc-pro
2021,G,provisorio,DIP_CABA,CABA,10,comuna 10,107,la libertad avanza,2517,19188,15029,la libertad avanza
2021,G,provisorio,DIP_CABA,CABA,10,comuna 10,107,nulo,165,19188,15029,neg
2021,G,provisorio,DIP_CABA,CABA,10,comuna 10,107,recurrido,0,19188,15029,neg
2021,G,provisorio,DIP_CABA,CABA,10,comuna 10,108,autodeterminación y libertad,339,14775,9359,otro
2021,G,provisorio,DIP_CABA,CABA,10,comuna 10,108,blanco,124,14775,9359,neg
2021,G,provisorio,DIP_CABA,CABA,10,comuna 10,108,fit-u,770,14775,9359,otro
2021,G,provisorio,DIP_CABA,CABA,10,comuna 10,108,frente de todos,2487,14775,9359,pj
2021,G,provisorio,DIP_CABA,CABA,10,comuna 10,108,impugnado,0,14775,9359,neg
2021,G,provisorio,DIP_CABA,CABA,10,comuna 10,108,juntos por el cambio,3958,14775,9359,jxc-pro
2021,G,provisorio,DIP_CABA,CABA,10,comuna 10,108,la libertad avanza,1576,14775,9359,la libertad avanza
2021,G,provisorio,DIP_CABA,CABA,10,comuna 10,108,nulo,105,14775,9359,neg
2021,G,provisorio,DIP_CABA,CABA,10,comuna 10,108,recurrido,0,14775,9359,neg
2021,G,provisorio,DIP_CABA,CABA,10,comuna 10,109,autodeterminación y libertad,546,19389,14720,otro
2021,G,provisorio,DIP_CABA,CABA,10,comuna 10,109,blanco,181,19389,14720,neg
2021,G,provisorio,DIP_CABA,CABA,10,comuna 10,109,fit-u,1317,19389,14720,otro
2021,G,provisorio,DIP_CABA,CABA,10,comuna 10,109,frente de todos,3827,19389,14720,pj
2021,G,provisorio,DIP_CABA,CABA,10,comuna 10,109,impugnado,0,19389,14720,neg
2021,G,provisorio,DIP_CABA,CABA,10,comuna 10,109,juntos por el cambio,6205,19389,14720,jxc-pro
2021,G,provisorio,DIP_CABA,CABA,10,comuna 10,109,la libertad avanza,2439,19389,14720,la libertad avanza
2021,G,provisorio,DIP_CABA,CABA,10,comuna 10,109,nulo,205,19389,14720,neg
2021,G,provisorio,DIP_CABA,CABA,10,comuna 10,109,recurrido,0,19389,14720,neg
2021,G,provisorio,DIP_CABA,CABA,10,comuna 10,110,autodeterminación y libertad,292,11400,7738,otro
2021,G,provisorio,DIP_CABA,CABA,10,comuna 10,110,blanco,122,11400,7738,neg
2021,G,provisorio,DIP_CABA,CABA,10,comuna 10,110,fit-u,645,11400,7738,otro
2021,G,provisorio,DIP_CABA,CABA,10,comuna 10,110,frente de todos,2242,11400,7738,pj
2021,G,provisorio,DIP_CABA,CABA,10,comuna 10,110,impugnado,1,11400,7738,neg
2021,G,provisorio,DIP_CABA,CABA,10,comuna 10,110,juntos por el cambio,3193,11400,7738,jxc-pro
2021,G,provisorio,DIP_CABA,CABA,10,comuna 10,110,la libertad avanza,1150,11400,7738,la libertad avanza
2021,G,provisorio,DIP_CABA,CABA,10,comuna 10,110,nulo,93,11400,7738,neg
2021,G,provisorio,DIP_CABA,CABA,10,comuna 10,110,recurrido,0,11400,7738,neg
2021,G,provisorio,DIP_CABA,CABA,10,comuna 10,111,autodeterminación y libertad,342,11310,9129,otro
2021,G,provisorio,DIP_CABA,CABA,10,comuna 10,111,blanco,101,11310,9129,neg
2021,G,provisorio,DIP_CABA,CABA,10,comuna 10,111,fit-u,730,11310,9129,otro
2021,G,provisorio,DIP_CABA,CABA,10,comuna 10,111,frente de todos,2539,11310,9129,pj
2021,G,provisorio,DIP_CABA,CABA,10,comuna 10,111,impugnado,0,11310,9129,neg
2021,G,provisorio,DIP_CABA,CABA,10,comuna 10,111,juntos por el cambio,3808,11310,9129,jxc-pro
2021,G,provisorio,DIP_CABA,CABA,10,comuna 10,111,la libertad avanza,1474,11310,9129,la libertad avanza
2021,G,provisorio,DIP_CABA,CABA,10,comuna 10,111,nulo,135,11310,9129,neg
2021,G,provisorio,DIP_CABA,CABA,10,comuna 10,111,recurrido,0,11310,9129,neg
2021,G,provisorio,DIP_CABA,CABA,10,comuna 10,112,autodeterminación y libertad,252,8420,6567,otro
2021,G,provisorio,DIP_CABA,CABA,10,comuna 10,112,blanco,92,8420,6567,neg
2021,G,provisorio,DIP_CABA,CABA,10,comuna 10,112,fit-u,571,8420,6567,otro
2021,G,provisorio,DIP_CABA,CABA,10,comuna 10,112,frente de todos,1793,8420,6567,pj
2021,G,provisorio,DIP_CABA,CABA,10,comuna 10,112,impugnado,0,8420,6567,neg
2021,G,provisorio,DIP_CABA,CABA,10,comuna 10,112,juntos por el cambio,2667,8420,6567,jxc-pro
2021,G,provisorio,DIP_CABA,CABA,10,comuna 10,112,la libertad avanza,1101,8420,6567,la libertad avanza
2021,G,provisorio,DIP_CABA,CABA,10,comuna 10,112,nulo,90,8420,6567,neg
2021,G,provisorio,DIP_CABA,CABA,10,comuna 10,112,recurrido,1,8420,6567,neg
2021,G,provisorio,DIP_CABA,CABA,11,comuna 11,113,autodeterminación y libertad,374,12769,10139,otro
2021,G,provisorio,DIP_CABA,CABA,11,comuna 11,113,blanco,118,12769,10139,neg
2021,G,provisorio,DIP_CABA,CABA,11,comuna 11,113,fit-u,805,12769,10139,otro
2021,G,provisorio,DIP_CABA,CABA,11,comuna 11,113,frente de todos,2616,12769,10139,pj
2021,G,provisorio,DIP_CABA,CABA,11,comuna 11,113,impugnado,0,12769,10139,neg
2021,G,provisorio,DIP_CABA,CABA,11,comuna 11,113,juntos por el cambio,4201,12769,10139,jxc-pro
2021,G,provisorio,DIP_CABA,CABA,11,comuna 11,113,la libertad avanza,1872,12769,10139,la libertad avanza
2021,G,provisorio,DIP_CABA,CABA,11,comuna 11,113,nulo,153,12769,10139,neg
2021,G,provisorio,DIP_CABA,CABA,11,comuna 11,113,recurrido,0,12769,10139,neg
2021,G,provisorio,DIP_CABA,CABA,11,comuna 11,114,autodeterminación y libertad,509,19397,13314,otro
2021,G,provisorio,DIP_CABA,CABA,11,comuna 11,114,blanco,177,19397,13314,neg
2021,G,provisorio,DIP_CABA,CABA,11,comuna 11,114,fit-u,1141,19397,13314,otro
2021,G,provisorio,DIP_CABA,CABA,11,comuna 11,114,frente de todos,3504,19397,13314,pj
2021,G,provisorio,DIP_CABA,CABA,11,comuna 11,114,impugnado,0,19397,13314,neg
2021,G,provisorio,DIP_CABA,CABA,11,comuna 11,114,juntos por el cambio,5687,19397,13314,jxc-pro
2021,G,provisorio,DIP_CABA,CABA,11,comuna 11,114,la libertad avanza,2097,19397,13314,la libertad avanza
2021,G,provisorio,DIP_CABA,CABA,11,comuna 11,114,nulo,199,19397,13314,neg
2021,G,provisorio,DIP_CABA,CABA,11,comuna 11,114,recurrido,0,19397,13314,neg
2021,G,provisorio,DIP_CABA,CABA,11,comuna 11,115,autodeterminación y libertad,341,14251,9415,otro
2021,G,provisorio,DIP_CABA,CABA,11,comuna 11,115,blanco,114,14251,9415,neg
2021,G,provisorio,DIP_CABA,CABA,11,comuna 11,115,fit-u,847,14251,9415,otro
2021,G,provisorio,DIP_CABA,CABA,11,comuna 11,115,frente de todos,2608,14251,9415,pj
2021,G,provisorio,DIP_CABA,CABA,11,comuna 11,115,impugnado,0,14251,9415,neg
2021,G,provisorio,DIP_CABA,CABA,11,comuna 11,115,juntos por el cambio,3866,14251,9415,jxc-pro
2021,G,provisorio,DIP_CABA,CABA,11,comuna 11,115,la libertad avanza,1495,14251,9415,la libertad avanza
2021,G,provisorio,DIP_CABA,CABA,11,comuna 11,115,nulo,144,14251,9415,neg
2021,G,provisorio,DIP_CABA,CABA,11,comuna 11,115,recurrido,0,14251,9415,neg
2021,G,provisorio,DIP_CABA,CABA,11,comuna 11,116,autodeterminación y libertad,528,17292,13438,otro
2021,G,provisorio,DIP_CABA,CABA,11,comuna 11,116,blanco,180,17292,13438,neg
2021,G,provisorio,DIP_CABA,CABA,11,comuna 11,116,fit-u,1181,17292,13438,otro
2021,G,provisorio,DIP_CABA,CABA,11,comuna 11,116,frente de todos,3719,17292,13438,pj
2021,G,provisorio,DIP_CABA,CABA,11,comuna 11,116,impugnado,0,17292,13438,neg
2021,G,provisorio,DIP_CABA,CABA,11,comuna 11,116,juntos por el cambio,5510,17292,13438,jxc-pro
2021,G,provisorio,DIP_CABA,CABA,11,comuna 11,116,la libertad avanza,2121,17292,13438,la libertad avanza
2021,G,provisorio,DIP_CABA,CABA,11,comuna 11,116,nulo,199,17292,13438,neg
2021,G,provisorio,DIP_CABA,CABA,11,comuna 11,116,recurrido,0,17292,13438,neg
2021,G,provisorio,DIP_CABA,CABA,11,comuna 11,117,autodeterminación y libertad,560,20171,14502,otro
2021,G,provisorio,DIP_CABA,CABA,11,comuna 11,117,blanco,172,20171,14502,neg
2021,G,provisorio,DIP_CABA,CABA,11,comuna 11,117,fit-u,1232,20171,14502,otro
2021,G,provisorio,DIP_CABA,CABA,11,comuna 11,117,frente de todos,3526,20171,14502,pj
2021,G,provisorio,DIP_CABA,CABA,11,comuna 11,117,impugnado,0,20171,14502,neg
2021,G,provisorio,DIP_CABA,CABA,11,comuna 11,117,juntos por el cambio,6543,20171,14502,jxc-pro
2021,G,provisorio,DIP_CABA,CABA,11,comuna 11,117,la libertad avanza,2269,20171,14502,la libertad avanza
2021,G,provisorio,DIP_CABA,CABA,11,comuna 11,117,nulo,200,20171,14502,neg
2021,G,provisorio,DIP_CABA,CABA,11,comuna 11,117,recurrido,0,20171,14502,neg
2021,G,provisorio,DIP_CABA,CABA,11,comuna 11,118,autodeterminación y libertad,385,15747,11294,otro
2021,G,provisorio,DIP_CABA,CABA,11,comuna 11,118,blanco,128,15747,11294,neg
2021,G,provisorio,DIP_CABA,CABA,11,comuna 11,118,fit-u,832,15747,11294,otro
2021,G,provisorio,DIP_CABA,CABA,11,comuna 11,118,frente de todos,2469,15747,11294,pj
2021,G,provisorio,DIP_CABA,CABA,11,comuna 11,118,impugnado,0,15747,11294,neg
2021,G,provisorio,DIP_CABA,CABA,11,comuna 11,118,juntos por el cambio,5555,15747,11294,jxc-pro
2021,G,provisorio,DIP_CABA,CABA,11,comuna 11,118,la libertad avanza,1804,15747,11294,la libertad avanza
2021,G,provisorio,DIP_CABA,CABA,11,comuna 11,118,nulo,121,15747,11294,neg
2021,G,provisorio,DIP_CABA,CABA,11,comuna 11,118,recurrido,0,15747,11294,neg
2021,G,provisorio,DIP_CABA,CABA,11,comuna 11,119,autodeterminación y libertad,533,17960,14136,otro
2021,G,provisorio,DIP_CABA,CABA,11,comuna 11,119,blanco,175,17960,14136,neg
2021,G,provisorio,DIP_CABA,CABA,11,comuna 11,119,fit-u,1094,17960,14136,otro
2021,G,provisorio,DIP_CABA,CABA,11,comuna 11,119,frente de todos,3143,17960,14136,pj
2021,G,provisorio,DIP_CABA,CABA,11,comuna 11,119,impugnado,0,17960,14136,neg
2021,G,provisorio,DIP_CABA,CABA,11,comuna 11,119,juntos por el cambio,6677,17960,14136,jxc-pro
2021,G,provisorio,DIP_CABA,CABA,11,comuna 11,119,la libertad avanza,2339,17960,14136,la libertad avanza
2021,G,provisorio,DIP_CABA,CABA,11,comuna 11,119,nulo,175,17960,14136,neg
2021,G,provisorio,DIP_CABA,CABA,11,comuna 11,119,recurrido,0,17960,14136,neg
2021,G,provisorio,DIP_CABA,CABA,11,comuna 11,120,autodeterminación y libertad,498,18988,14872,otro
2021,G,provisorio,DIP_CABA,CABA,11,comuna 11,120,blanco,171,18988,14872,neg
2021,G,provisorio,DIP_CABA,CABA,11,comuna 11,120,fit-u,1003,18988,14872,otro
2021,G,provisorio,DIP_CABA,CABA,11,comuna 11,120,frente de todos,3023,18988,14872,pj
2021,G,provisorio,DIP_CABA,CABA,11,comuna 11,120,impugnado,0,18988,14872,neg
2021,G,provisorio,DIP_CABA,CABA,11,comuna 11,120,juntos por el cambio,7328,18988,14872,jxc-pro
2021,G,provisorio,DIP_CABA,CABA,11,comuna 11,120,la libertad avanza,2668,18988,14872,la libertad avanza
2021,G,provisorio,DIP_CABA,CABA,11,comuna 11,120,nulo,181,18988,14872,neg
2021,G,provisorio,DIP_CABA,CABA,11,comuna 11,120,recurrido,0,18988,14872,neg
2021,G,provisorio,DIP_CABA,CABA,11,comuna 11,121,autodeterminación y libertad,422,18991,12166,otro
2021,G,provisorio,DIP_CABA,CABA,11,comuna 11,121,blanco,135,18991,12166,neg
2021,G,provisorio,DIP_CABA,CABA,11,comuna 11,121,fit-u,756,18991,12166,otro
2021,G,provisorio,DIP_CABA,CABA,11,comuna 11,121,frente de todos,2669,18991,12166,pj
2021,G,provisorio,DIP_CABA,CABA,11,comuna 11,121,impugnado,0,18991,12166,neg
2021,G,provisorio,DIP_CABA,CABA,11,comuna 11,121,juntos por el cambio,5725,18991,12166,jxc-pro
2021,G,provisorio,DIP_CABA,CABA,11,comuna 11,121,la libertad avanza,2265,18991,12166,la libertad avanza
2021,G,provisorio,DIP_CABA,CABA,11,comuna 11,121,nulo,194,18991,12166,neg
2021,G,provisorio,DIP_CABA,CABA,11,comuna 11,121,recurrido,0,18991,12166,neg
2021,G,provisorio,DIP_CABA,CABA,11,comuna 11,122,autodeterminación y libertad,283,15087,10643,otro
2021,G,provisorio,DIP_CABA,CABA,11,comuna 11,122,blanco,103,15087,10643,neg
2021,G,provisorio,DIP_CABA,CABA,11,comuna 11,122,fit-u,564,15087,10643,otro
2021,G,provisorio,DIP_CABA,CABA,11,comuna 11,122,frente de todos,1681,15087,10643,pj
2021,G,provisorio,DIP_CABA,CABA,11,comuna 11,122,impugnado,0,15087,10643,neg
2021,G,provisorio,DIP_CABA,CABA,11,comuna 11,122,juntos por el cambio,5904,15087,10643,jxc-pro
2021,G,provisorio,DIP_CABA,CABA,11,comuna 11,122,la libertad avanza,1975,15087,10643,la libertad avanza
2021,G,provisorio,DIP_CABA,CABA,11,comuna 11,122,nulo,133,15087,10643,neg
2021,G,provisorio,DIP_CABA,CABA,11,comuna 11,122,recurrido,0,15087,10643,neg
2021,G,provisorio,DIP_CABA,CABA,11,comuna 11,123,autodeterminación y libertad,389,14404,11315,otro
2021,G,provisorio,DIP_CABA,CABA,11,comuna 11,123,blanco,114,14404,11315,neg
2021,G,provisorio,DIP_CABA,CABA,11,comuna 11,123,fit-u,775,14404,11315,otro
2021,G,provisorio,DIP_CABA,CABA,11,comuna 11,123,frente de todos,2415,14404,11315,pj
2021,G,provisorio,DIP_CABA,CABA,11,comuna 11,123,impugnado,0,14404,11315,neg
2021,G,provisorio,DIP_CABA,CABA,11,comuna 11,123,juntos por el cambio,5481,14404,11315,jxc-pro
2021,G,provisorio,DIP_CABA,CABA,11,comuna 11,123,la libertad avanza,1980,14404,11315,la libertad avanza
2021,G,provisorio,DIP_CABA,CABA,11,comuna 11,123,nulo,161,14404,11315,neg
2021,G,provisorio,DIP_CABA,CABA,11,comuna 11,123,recurrido,0,14404,11315,neg
2021,G,provisorio,DIP_CABA,CABA,12,comuna 12,124,autodeterminación y libertad,471,17452,12786,otro
2021,G,provisorio,DIP_CABA,CABA,12,comuna 12,124,blanco,133,17452,12786,neg
2021,G,provisorio,DIP_CABA,CABA,12,comuna 12,124,fit-u,1004,17452,12786,otro
2021,G,provisorio,DIP_CABA,CABA,12,comuna 12,124,frente de todos,3482,17452,12786,pj
2021,G,provisorio,DIP_CABA,CABA,12,comuna 12,124,impugnado,0,17452,12786,neg
2021,G,provisorio,DIP_CABA,CABA,12,comuna 12,124,juntos por el cambio,5525,17452,12786,jxc-pro
2021,G,provisorio,DIP_CABA,CABA,12,comuna 12,124,la libertad avanza,1989,17452,12786,la libertad avanza
2021,G,provisorio,DIP_CABA,CABA,12,comuna 12,124,nulo,182,17452,12786,neg
2021,G,provisorio,DIP_CABA,CABA,12,comuna 12,124,recurrido,0,17452,12786,neg
2021,G,provisorio,DIP_CABA,CABA,12,comuna 12,125,autodeterminación y libertad,621,21333,17234,otro
2021,G,provisorio,DIP_CABA,CABA,12,comuna 12,125,blanco,206,21333,17234,neg
2021,G,provisorio,DIP_CABA,CABA,12,comuna 12,125,fit-u,1352,21333,17234,otro
2021,G,provisorio,DIP_CABA,CABA,12,comuna 12,125,frente de todos,4005,21333,17234,pj
2021,G,provisorio,DIP_CABA,CABA,12,comuna 12,125,impugnado,0,21333,17234,neg
2021,G,provisorio,DIP_CABA,CABA,12,comuna 12,125,juntos por el cambio,7971,21333,17234,jxc-pro
2021,G,provisorio,DIP_CABA,CABA,12,comuna 12,125,la libertad avanza,2834,21333,17234,la libertad avanza
2021,G,provisorio,DIP_CABA,CABA,12,comuna 12,125,nulo,245,21333,17234,neg
2021,G,provisorio,DIP_CABA,CABA,12,comuna 12,125,recurrido,0,21333,17234,neg
2021,G,provisorio,DIP_CABA,CABA,12,comuna 12,126,autodeterminación y libertad,492,19058,14192,otro
2021,G,provisorio,DIP_CABA,CABA,12,comuna 12,126,blanco,176,19058,14192,neg
2021,G,provisorio,DIP_CABA,CABA,12,comuna 12,126,fit-u,1165,19058,14192,otro
2021,G,provisorio,DIP_CABA,CABA,12,comuna 12,126,frente de todos,3388,19058,14192,pj
2021,G,provisorio,DIP_CABA,CABA,12,comuna 12,126,impugnado,0,19058,14192,neg
2021,G,provisorio,DIP_CABA,CABA,12,comuna 12,126,juntos por el cambio,6452,19058,14192,jxc-pro
2021,G,provisorio,DIP_CABA,CABA,12,comuna 12,126,la libertad avanza,2355,19058,14192,la libertad avanza
2021,G,provisorio,DIP_CABA,CABA,12,comuna 12,126,nulo,164,19058,14192,neg
2021,G,provisorio,DIP_CABA,CABA,12,comuna 12,126,recurrido,0,19058,14192,neg
2021,G,provisorio,DIP_CABA,CABA,12,comuna 12,127,autodeterminación y libertad,555,24380,19536,otro
2021,G,provisorio,DIP_CABA,CABA,12,comuna 12,127,blanco,210,24380,19536,neg
2021,G,provisorio,DIP_CABA,CABA,12,comuna 12,127,fit-u,1347,24380,19536,otro
2021,G,provisorio,DIP_CABA,CABA,12,comuna 12,127,frente de todos,3485,24380,19536,pj
2021,G,provisorio,DIP_CABA,CABA,12,comuna 12,127,impugnado,0,24380,19536,neg
2021,G,provisorio,DIP_CABA,CABA,12,comuna 12,127,juntos por el cambio,10543,24380,19536,jxc-pro
2021,G,provisorio,DIP_CABA,CABA,12,comuna 12,127,la libertad avanza,3167,24380,19536,la libertad avanza
2021,G,provisorio,DIP_CABA,CABA,12,comuna 12,127,nulo,229,24380,19536,neg
2021,G,provisorio,DIP_CABA,CABA,12,comuna 12,127,recurrido,0,24380,19536,neg
2021,G,provisorio,DIP_CABA,CABA,12,comuna 12,128,autodeterminación y libertad,507,29300,15863,otro
2021,G,provisorio,DIP_CABA,CABA,12,comuna 12,128,blanco,190,29300,15863,neg
2021,G,provisorio,DIP_CABA,CABA,12,comuna 12,128,fit-u,1319,29300,15863,otro
2021,G,provisorio,DIP_CABA,CABA,12,comuna 12,128,frente de todos,3575,29300,15863,pj
2021,G,provisorio,DIP_CABA,CABA,12,comuna 12,128,impugnado,0,29300,15863,neg
2021,G,provisorio,DIP_CABA,CABA,12,comuna 12,128,juntos por el cambio,7605,29300,15863,jxc-pro
2021,G,provisorio,DIP_CABA,CABA,12,comuna 12,128,la libertad avanza,2484,29300,15863,la libertad avanza
2021,G,provisorio,DIP_CABA,CABA,12,comuna 12,128,nulo,183,29300,15863,neg
2021,G,provisorio,DIP_CABA,CABA,12,comuna 12,128,recurrido,0,29300,15863,neg
2021,G,provisorio,DIP_CABA,CABA,12,comuna 12,129,autodeterminación y libertad,659,25785,20295,otro
2021,G,provisorio,DIP_CABA,CABA,12,comuna 12,129,blanco,236,25785,20295,neg
2021,G,provisorio,DIP_CABA,CABA,12,comuna 12,129,fit-u,1580,25785,20295,otro
2021,G,provisorio,DIP_CABA,CABA,12,comuna 12,129,frente de todos,4341,25785,20295,pj
2021,G,provisorio,DIP_CABA,CABA,12,comuna 12,129,impugnado,0,25785,20295,neg
2021,G,provisorio,DIP_CABA,CABA,12,comuna 12,129,juntos por el cambio,10108,25785,20295,jxc-pro
2021,G,provisorio,DIP_CABA,CABA,12,comuna 12,129,la libertad avanza,3132,25785,20295,la libertad avanza
2021,G,provisorio,DIP_CABA,CABA,12,comuna 12,129,nulo,239,25785,20295,neg
2021,G,provisorio,DIP_CABA,CABA,12,comuna 12,129,recurrido,0,25785,20295,neg
2021,G,provisorio,DIP_CABA,CABA,12,comuna 12,130,autodeterminación y libertad,454,17966,13779,otro
2021,G,provisorio,DIP_CABA,CABA,12,comuna 12,130,blanco,143,17966,13779,neg
2021,G,provisorio,DIP_CABA,CABA,12,comuna 12,130,fit-u,1134,17966,13779,otro
2021,G,provisorio,DIP_CABA,CABA,12,comuna 12,130,frente de todos,3022,17966,13779,pj
2021,G,provisorio,DIP_CABA,CABA,12,comuna 12,130,impugnado,0,17966,13779,neg
2021,G,provisorio,DIP_CABA,CABA,12,comuna 12,130,juntos por el cambio,6808,17966,13779,jxc-pro
2021,G,provisorio,DIP_CABA,CABA,12,comuna 12,130,la libertad avanza,2059,17966,13779,la libertad avanza
2021,G,provisorio,DIP_CABA,CABA,12,comuna 12,130,nulo,159,17966,13779,neg
2021,G,provisorio,DIP_CABA,CABA,12,comuna 12,130,recurrido,0,17966,13779,neg
2021,G,provisorio,DIP_CABA,CABA,12,comuna 12,131,autodeterminación y libertad,150,8449,4415,otro
2021,G,provisorio,DIP_CABA,CABA,12,comuna 12,131,blanco,49,8449,4415,neg
2021,G,provisorio,DIP_CABA,CABA,12,comuna 12,131,fit-u,315,8449,4415,otro
2021,G,provisorio,DIP_CABA,CABA,12,comuna 12,131,frente de todos,1027,8449,4415,pj
2021,G,provisorio,DIP_CABA,CABA,12,comuna 12,131,impugnado,0,8449,4415,neg
2021,G,provisorio,DIP_CABA,CABA,12,comuna 12,131,juntos por el cambio,2077,8449,4415,jxc-pro
2021,G,provisorio,DIP_CABA,CABA,12,comuna 12,131,la libertad avanza,746,8449,4415,la libertad avanza
2021,G,provisorio,DIP_CABA,CABA,12,comuna 12,131,nulo,51,8449,4415,neg
2021,G,provisorio,DIP_CABA,CABA,12,comuna 12,131,recurrido,0,8449,4415,neg
2021,G,provisorio,DIP_CABA,CABA,12,comuna 12,132,autodeterminación y libertad,474,20466,15740,otro
2021,G,provisorio,DIP_CABA,CABA,12,comuna 12,132,blanco,193,20466,15740,neg
2021,G,provisorio,DIP_CABA,CABA,12,comuna 12,132,fit-u,1183,20466,15740,otro
2021,G,provisorio,DIP_CABA,CABA,12,comuna 12,132,frente de todos,3954,20466,15740,pj
2021,G,provisorio,DIP_CABA,CABA,12,comuna 12,132,impugnado,0,20466,15740,neg
2021,G,provisorio,DIP_CABA,CABA,12,comuna 12,132,juntos por el cambio,7057,20466,15740,jxc-pro
2021,G,provisorio,DIP_CABA,CABA,12,comuna 12,132,la libertad avanza,2678,20466,15740,la libertad avanza
2021,G,provisorio,DIP_CABA,CABA,12,comuna 12,132,nulo,201,20466,15740,neg
2021,G,provisorio,DIP_CABA,CABA,12,comuna 12,132,recurrido,0,20466,15740,neg
2021,G,provisorio,DIP_CABA,CABA,12,comuna 12,133,autodeterminación y libertad,475,20132,15980,otro
2021,G,provisorio,DIP_CABA,CABA,12,comuna 12,133,blanco,185,20132,15980,neg
2021,G,provisorio,DIP_CABA,CABA,12,comuna 12,133,fit-u,1207,20132,15980,otro
2021,G,provisorio,DIP_CABA,CABA,12,comuna 12,133,frente de todos,3479,20132,15980,pj
2021,G,provisorio,DIP_CABA,CABA,12,comuna 12,133,impugnado,0,20132,15980,neg
2021,G,provisorio,DIP_CABA,CABA,12,comuna 12,133,juntos por el cambio,7950,20132,15980,jxc-pro
2021,G,provisorio,DIP_CABA,CABA,12,comuna 12,133,la libertad avanza,2504,20132,15980,la libertad avanza
2021,G,provisorio,DIP_CABA,CABA,12,comuna 12,133,nulo,180,20132,15980,neg
2021,G,provisorio,DIP_CABA,CABA,12,comuna 12,133,recurrido,0,20132,15980,neg
2021,G,provisorio,DIP_CABA,CABA,13,comuna 13,134,autodeterminación y libertad,173,10584,6609,otro
2021,G,provisorio,DIP_CABA,CABA,13,comuna 13,134,blanco,94,10584,6609,neg
2021,G,provisorio,DIP_CABA,CABA,13,comuna 13,134,fit-u,438,10584,6609,otro
2021,G,provisorio,DIP_CABA,CABA,13,comuna 13,134,frente de todos,1117,10584,6609,pj
2021,G,provisorio,DIP_CABA,CABA,13,comuna 13,134,impugnado,0,10584,6609,neg
2021,G,provisorio,DIP_CABA,CABA,13,comuna 13,134,juntos por el cambio,3656,10584,6609,jxc-pro
2021,G,provisorio,DIP_CABA,CABA,13,comuna 13,134,la libertad avanza,1077,10584,6609,la libertad avanza
2021,G,provisorio,DIP_CABA,CABA,13,comuna 13,134,nulo,54,10584,6609,neg
2021,G,provisorio,DIP_CABA,CABA,13,comuna 13,134,recurrido,0,10584,6609,neg
2021,G,provisorio,DIP_CABA,CABA,13,comuna 13,135,autodeterminación y libertad,208,18777,9265,otro
2021,G,provisorio,DIP_CABA,CABA,13,comuna 13,135,blanco,98,18777,9265,neg
2021,G,provisorio,DIP_CABA,CABA,13,comuna 13,135,fit-u,598,18777,9265,otro
2021,G,provisorio,DIP_CABA,CABA,13,comuna 13,135,frente de todos,1588,18777,9265,pj
2021,G,provisorio,DIP_CABA,CABA,13,comuna 13,135,impugnado,0,18777,9265,neg
2021,G,provisorio,DIP_CABA,CABA,13,comuna 13,135,juntos por el cambio,5195,18777,9265,jxc-pro
2021,G,provisorio,DIP_CABA,CABA,13,comuna 13,135,la libertad avanza,1483,18777,9265,la libertad avanza
2021,G,provisorio,DIP_CABA,CABA,13,comuna 13,135,nulo,95,18777,9265,neg
2021,G,provisorio,DIP_CABA,CABA,13,comuna 13,135,recurrido,0,18777,9265,neg
2021,G,provisorio,DIP_CABA,CABA,13,comuna 13,136,autodeterminación y libertad,353,14292,11415,otro
2021,G,provisorio,DIP_CABA,CABA,13,comuna 13,136,blanco,154,14292,11415,neg
2021,G,provisorio,DIP_CABA,CABA,13,comuna 13,136,fit-u,863,14292,11415,otro
2021,G,provisorio,DIP_CABA,CABA,13,comuna 13,136,frente de todos,2120,14292,11415,pj
2021,G,provisorio,DIP_CABA,CABA,13,comuna 13,136,impugnado,0,14292,11415,neg
2021,G,provisorio,DIP_CABA,CABA,13,comuna 13,136,juntos por el cambio,6017,14292,11415,jxc-pro
2021,G,provisorio,DIP_CABA,CABA,13,comuna 13,136,la libertad avanza,1786,14292,11415,la libertad avanza
2021,G,provisorio,DIP_CABA,CABA,13,comuna 13,136,nulo,121,14292,11415,neg
2021,G,provisorio,DIP_CABA,CABA,13,comuna 13,136,recurrido,1,14292,11415,neg
2021,G,provisorio,DIP_CABA,CABA,13,comuna 13,137,autodeterminación y libertad,284,14456,10873,otro
2021,G,provisorio,DIP_CABA,CABA,13,comuna 13,137,blanco,129,14456,10873,neg
2021,G,provisorio,DIP_CABA,CABA,13,comuna 13,137,fit-u,862,14456,10873,otro
2021,G,provisorio,DIP_CABA,CABA,13,comuna 13,137,frente de todos,2081,14456,10873,pj
2021,G,provisorio,DIP_CABA,CABA,13,comuna 13,137,impugnado,0,14456,10873,neg
2021,G,provisorio,DIP_CABA,CABA,13,comuna 13,137,juntos por el cambio,5696,14456,10873,jxc-pro
2021,G,provisorio,DIP_CABA,CABA,13,comuna 13,137,la libertad avanza,1720,14456,10873,la libertad avanza
2021,G,provisorio,DIP_CABA,CABA,13,comuna 13,137,nulo,101,14456,10873,neg
2021,G,provisorio,DIP_CABA,CABA,13,comuna 13,137,recurrido,0,14456,10873,neg
2021,G,provisorio,DIP_CABA,CABA,13,comuna 13,138,autodeterminación y libertad,519,28867,22279,otro
2021,G,provisorio,DIP_CABA,CABA,13,comuna 13,138,blanco,256,28867,22279,neg
2021,G,provisorio,DIP_CABA,CABA,13,comuna 13,138,fit-u,1387,28867,22279,otro
2021,G,provisorio,DIP_CABA,CABA,13,comuna 13,138,frente de todos,3394,28867,22279,pj
2021,G,provisorio,DIP_CABA,CABA,13,comuna 13,138,impugnado,0,28867,22279,neg
2021,G,provisorio,DIP_CABA,CABA,13,comuna 13,138,juntos por el cambio,13029,28867,22279,jxc-pro
2021,G,provisorio,DIP_CABA,CABA,13,comuna 13,138,la libertad avanza,3476,28867,22279,la libertad avanza
2021,G,provisorio,DIP_CABA,CABA,13,comuna 13,138,nulo,218,28867,22279,neg
2021,G,provisorio,DIP_CABA,CABA,13,comuna 13,138,recurrido,0,28867,22279,neg
2021,G,provisorio,DIP_CABA,CABA,13,comuna 13,139,autodeterminación y libertad,365,18378,14003,otro
2021,G,provisorio,DIP_CABA,CABA,13,comuna 13,139,blanco,162,18378,14003,neg
2021,G,provisorio,DIP_CABA,CABA,13,comuna 13,139,fit-u,896,18378,14003,otro
2021,G,provisorio,DIP_CABA,CABA,13,comuna 13,139,frente de todos,2036,18378,14003,pj
2021,G,provisorio,DIP_CABA,CABA,13,comuna 13,139,impugnado,0,18378,14003,neg
2021,G,provisorio,DIP_CABA,CABA,13,comuna 13,139,juntos por el cambio,8224,18378,14003,jxc-pro
2021,G,provisorio,DIP_CABA,CABA,13,comuna 13,139,la libertad avanza,2214,18378,14003,la libertad avanza
2021,G,provisorio,DIP_CABA,CABA,13,comuna 13,139,nulo,106,18378,14003,neg
2021,G,provisorio,DIP_CABA,CABA,13,comuna 13,139,recurrido,0,18378,14003,neg
2021,G,provisorio,DIP_CABA,CABA,13,comuna 13,140,autodeterminación y libertad,161,10131,6599,otro
2021,G,provisorio,DIP_CABA,CABA,13,comuna 13,140,blanco,72,10131,6599,neg
2021,G,provisorio,DIP_CABA,CABA,13,comuna 13,140,fit-u,459,10131,6599,otro
2021,G,provisorio,DIP_CABA,CABA,13,comuna 13,140,frente de todos,1137,10131,6599,pj
2021,G,provisorio,DIP_CABA,CABA,13,comuna 13,140,impugnado,0,10131,6599,neg
2021,G,provisorio,DIP_CABA,CABA,13,comuna 13,140,juntos por el cambio,3651,10131,6599,jxc-pro
2021,G,provisorio,DIP_CABA,CABA,13,comuna 13,140,la libertad avanza,1061,10131,6599,la libertad avanza
2021,G,provisorio,DIP_CABA,CABA,13,comuna 13,140,nulo,58,10131,6599,neg
2021,G,provisorio,DIP_CABA,CABA,13,comuna 13,140,recurrido,0,10131,6599,neg
2021,G,provisorio,DIP_CABA,CABA,13,comuna 13,141,autodeterminación y libertad,258,21974,10998,otro
2021,G,provisorio,DIP_CABA,CABA,13,comuna 13,141,blanco,108,21974,10998,neg
2021,G,provisorio,DIP_CABA,CABA,13,comuna 13,141,fit-u,672,21974,10998,otro
2021,G,provisorio,DIP_CABA,CABA,13,comuna 13,141,frente de todos,1662,21974,10998,pj
2021,G,provisorio,DIP_CABA,CABA,13,comuna 13,141,impugnado,0,21974,10998,neg
2021,G,provisorio,DIP_CABA,CABA,13,comuna 13,141,juntos por el cambio,6288,21974,10998,jxc-pro
2021,G,provisorio,DIP_CABA,CABA,13,comuna 13,141,la libertad avanza,1921,21974,10998,la libertad avanza
2021,G,provisorio,DIP_CABA,CABA,13,comuna 13,141,nulo,89,21974,10998,neg
2021,G,provisorio,DIP_CABA,CABA,13,comuna 13,141,recurrido,0,21974,10998,neg
2021,G,provisorio,DIP_CABA,CABA,13,comuna 13,142,autodeterminación y libertad,245,25699,18432,otro
2021,G,provisorio,DIP_CABA,CABA,13,comuna 13,142,blanco,194,25699,18432,neg
2021,G,provisorio,DIP_CABA,CABA,13,comuna 13,142,fit-u,739,25699,18432,otro
2021,G,provisorio,DIP_CABA,CABA,13,comuna 13,142,frente de todos,1606,25699,18432,pj
2021,G,provisorio,DIP_CABA,CABA,13,comuna 13,142,impugnado,0,25699,18432,neg
2021,G,provisorio,DIP_CABA,CABA,13,comuna 13,142,juntos por el cambio,12399,25699,18432,jxc-pro
2021,G,provisorio,DIP_CABA,CABA,13,comuna 13,142,la libertad avanza,3151,25699,18432,la libertad avanza
2021,G,provisorio,DIP_CABA,CABA,13,comuna 13,142,nulo,98,25699,18432,neg
2021,G,provisorio,DIP_CABA,CABA,13,comuna 13,142,recurrido,0,25699,18432,neg
2021,G,provisorio,DIP_CABA,CABA,13,comuna 13,143,autodeterminación y libertad,308,19055,13633,otro
2021,G,provisorio,DIP_CABA,CABA,13,comuna 13,143,blanco,149,19055,13633,neg
2021,G,provisorio,DIP_CABA,CABA,13,comuna 13,143,fit-u,836,19055,13633,otro
2021,G,provisorio,DIP_CABA,CABA,13,comuna 13,143,frente de todos,2015,19055,13633,pj
2021,G,provisorio,DIP_CABA,CABA,13,comuna 13,143,impugnado,0,19055,13633,neg
2021,G,provisorio,DIP_CABA,CABA,13,comuna 13,143,juntos por el cambio,8141,19055,13633,jxc-pro
2021,G,provisorio,DIP_CABA,CABA,13,comuna 13,143,la libertad avanza,2083,19055,13633,la libertad avanza
2021,G,provisorio,DIP_CABA,CABA,13,comuna 13,143,nulo,101,19055,13633,neg
2021,G,provisorio,DIP_CABA,CABA,13,comuna 13,143,recurrido,0,19055,13633,neg
2021,G,provisorio,DIP_CABA,CABA,13,comuna 13,144,autodeterminación y libertad,135,8094,6173,otro
2021,G,provisorio,DIP_CABA,CABA,13,comuna 13,144,blanco,73,8094,6173,neg
2021,G,provisorio,DIP_CABA,CABA,13,comuna 13,144,fit-u,379,8094,6173,otro
2021,G,provisorio,DIP_CABA,CABA,13,comuna 13,144,frente de todos,784,8094,6173,pj
2021,G,provisorio,DIP_CABA,CABA,13,comuna 13,144,impugnado,0,8094,6173,neg
2021,G,provisorio,DIP_CABA,CABA,13,comuna 13,144,juntos por el cambio,3715,8094,6173,jxc-pro
2021,G,provisorio,DIP_CABA,CABA,13,comuna 13,144,la libertad avanza,1023,8094,6173,la libertad avanza
2021,G,provisorio,DIP_CABA,CABA,13,comuna 13,144,nulo,64,8094,6173,neg
2021,G,provisorio,DIP_CABA,CABA,13,comuna 13,144,recurrido,0,8094,6173,neg
2021,G,provisorio,DIP_CABA,CABA,13,comuna 13,145,autodeterminación y libertad,377,15263,11860,otro
2021,G,provisorio,DIP_CABA,CABA,13,comuna 13,145,blanco,163,15263,11860,neg
2021,G,provisorio,DIP_CABA,CABA,13,comuna 13,145,fit-u,1105,15263,11860,otro
2021,G,provisorio,DIP_CABA,CABA,13,comuna 13,145,frente de todos,2656,15263,11860,pj
2021,G,provisorio,DIP_CABA,CABA,13,comuna 13,145,impugnado,0,15263,11860,neg
2021,G,provisorio,DIP_CABA,CABA,13,comuna 13,145,juntos por el cambio,5734,15263,11860,jxc-pro
2021,G,provisorio,DIP_CABA,CABA,13,comuna 13,145,la libertad avanza,1683,15263,11860,la libertad avanza
2021,G,provisorio,DIP_CABA,CABA,13,comuna 13,145,nulo,142,15263,11860,neg
2021,G,provisorio,DIP_CABA,CABA,13,comuna 13,145,recurrido,0,15263,11860,neg
2021,G,provisorio,DIP_CABA,CABA,13,comuna 13,146,autodeterminación y libertad,283,12909,8738,otro
2021,G,provisorio,DIP_CABA,CABA,13,comuna 13,146,blanco,94,12909,8738,neg
2021,G,provisorio,DIP_CABA,CABA,13,comuna 13,146,fit-u,771,12909,8738,otro
2021,G,provisorio,DIP_CABA,CABA,13,comuna 13,146,frente de todos,2166,12909,8738,pj
2021,G,provisorio,DIP_CABA,CABA,13,comuna 13,146,impugnado,0,12909,8738,neg
2021,G,provisorio,DIP_CABA,CABA,13,comuna 13,146,juntos por el cambio,3997,12909,8738,jxc-pro
2021,G,provisorio,DIP_CABA,CABA,13,comuna 13,146,la libertad avanza,1320,12909,8738,la libertad avanza
2021,G,provisorio,DIP_CABA,CABA,13,comuna 13,146,nulo,107,12909,8738,neg
2021,G,provisorio,DIP_CABA,CABA,13,comuna 13,146,recurrido,0,12909,8738,neg
2021,G,provisorio,DIP_CABA,CABA,13,comuna 13,147,autodeterminación y libertad,382,20309,15656,otro
2021,G,provisorio,DIP_CABA,CABA,13,comuna 13,147,blanco,154,20309,15656,neg
2021,G,provisorio,DIP_CABA,CABA,13,comuna 13,147,fit-u,1006,20309,15656,otro
2021,G,provisorio,DIP_CABA,CABA,13,comuna 13,147,frente de todos,2341,20309,15656,pj
2021,G,provisorio,DIP_CABA,CABA,13,comuna 13,147,impugnado,0,20309,15656,neg
2021,G,provisorio,DIP_CABA,CABA,13,comuna 13,147,juntos por el cambio,9214,20309,15656,jxc-pro
2021,G,provisorio,DIP_CABA,CABA,13,comuna 13,147,la libertad avanza,2431,20309,15656,la libertad avanza
2021,G,provisorio,DIP_CABA,CABA,13,comuna 13,147,nulo,128,20309,15656,neg
2021,G,provisorio,DIP_CABA,CABA,13,comuna 13,147,recurrido,0,20309,15656,neg
2021,G,provisorio,DIP_CABA,CABA,14,comuna 14,148,autodeterminación y libertad,304,23677,16896,otro
2021,G,provisorio,DIP_CABA,CABA,14,comuna 14,148,blanco,189,23677,16896,neg
2021,G,provisorio,DIP_CABA,CABA,14,comuna 14,148,fit-u,869,23677,16896,otro
2021,G,provisorio,DIP_CABA,CABA,14,comuna 14,148,frente de todos,2138,23677,16896,pj
2021,G,provisorio,DIP_CABA,CABA,14,comuna 14,148,impugnado,0,23677,16896,neg
2021,G,provisorio,DIP_CABA,CABA,14,comuna 14,148,juntos por el cambio,10425,23677,16896,jxc-pro
2021,G,provisorio,DIP_CABA,CABA,14,comuna 14,148,la libertad avanza,2837,23677,16896,la libertad avanza
2021,G,provisorio,DIP_CABA,CABA,14,comuna 14,148,nulo,134,23677,16896,neg
2021,G,provisorio,DIP_CABA,CABA,14,comuna 14,148,recurrido,0,23677,16896,neg
2021,G,provisorio,DIP_CABA,CABA,14,comuna 14,149,autodeterminación y libertad,327,28360,19011,otro
2021,G,provisorio,DIP_CABA,CABA,14,comuna 14,149,blanco,209,28360,19011,neg
2021,G,provisorio,DIP_CABA,CABA,14,comuna 14,149,fit-u,819,28360,19011,otro
2021,G,provisorio,DIP_CABA,CABA,14,comuna 14,149,frente de todos,2255,28360,19011,pj
2021,G,provisorio,DIP_CABA,CABA,14,comuna 14,149,impugnado,0,28360,19011,neg
2021,G,provisorio,DIP_CABA,CABA,14,comuna 14,149,juntos por el cambio,11875,28360,19011,jxc-pro
2021,G,provisorio,DIP_CABA,CABA,14,comuna 14,149,la libertad avanza,3391,28360,19011,la libertad avanza
2021,G,provisorio,DIP_CABA,CABA,14,comuna 14,149,nulo,135,28360,19011,neg
2021,G,provisorio,DIP_CABA,CABA,14,comuna 14,149,recurrido,0,28360,19011,neg
2021,G,provisorio,DIP_CABA,CABA,14,comuna 14,150,autodeterminación y libertad,92,16566,9631,otro
2021,G,provisorio,DIP_CABA,CABA,14,comuna 14,150,blanco,73,16566,9631,neg
2021,G,provisorio,DIP_CABA,CABA,14,comuna 14,150,fit-u,260,16566,9631,otro
2021,G,provisorio,DIP_CABA,CABA,14,comuna 14,150,frente de todos,703,16566,9631,pj
2021,G,provisorio,DIP_CABA,CABA,14,comuna 14,150,impugnado,0,16566,9631,neg
2021,G,provisorio,DIP_CABA,CABA,14,comuna 14,150,juntos por el cambio,6651,16566,9631,jxc-pro
2021,G,provisorio,DIP_CABA,CABA,14,comuna 14,150,la libertad avanza,1815,16566,9631,la libertad avanza
2021,G,provisorio,DIP_CABA,CABA,14,comuna 14,150,nulo,37,16566,9631,neg
2021,G,provisorio,DIP_CABA,CABA,14,comuna 14,150,recurrido,0,16566,9631,neg
2021,G,provisorio,DIP_CABA,CABA,14,comuna 14,151,autodeterminación y libertad,293,33715,19541,otro
2021,G,provisorio,DIP_CABA,CABA,14,comuna 14,151,blanco,178,33715,19541,neg
2021,G,provisorio,DIP_CABA,CABA,14,comuna 14,151,fit-u,905,33715,19541,otro
2021,G,provisorio,DIP_CABA,CABA,14,comuna 14,151,frente de todos,2227,33715,19541,pj
2021,G,provisorio,DIP_CABA,CABA,14,comuna 14,151,impugnado,0,33715,19541,neg
2021,G,provisorio,DIP_CABA,CABA,14,comuna 14,151,juntos por el cambio,12573,33715,19541,jxc-pro
2021,G,provisorio,DIP_CABA,CABA,14,comuna 14,151,la libertad avanza,3231,33715,19541,la libertad avanza
2021,G,provisorio,DIP_CABA,CABA,14,comuna 14,151,nulo,134,33715,19541,neg
2021,G,provisorio,DIP_CABA,CABA,14,comuna 14,151,recurrido,0,33715,19541,neg
2021,G,provisorio,DIP_CABA,CABA,14,comuna 14,152,autodeterminación y libertad,272,20779,14760,otro
2021,G,provisorio,DIP_CABA,CABA,14,comuna 14,152,blanco,171,20779,14760,neg
2021,G,provisorio,DIP_CABA,CABA,14,comuna 14,152,fit-u,810,20779,14760,otro
2021,G,provisorio,DIP_CABA,CABA,14,comuna 14,152,frente de todos,1985,20779,14760,pj
2021,G,provisorio,DIP_CABA,CABA,14,comuna 14,152,impugnado,0,20779,14760,neg
2021,G,provisorio,DIP_CABA,CABA,14,comuna 14,152,juntos por el cambio,9144,20779,14760,jxc-pro
2021,G,provisorio,DIP_CABA,CABA,14,comuna 14,152,la libertad avanza,2262,20779,14760,la libertad avanza
2021,G,provisorio,DIP_CABA,CABA,14,comuna 14,152,nulo,116,20779,14760,neg
2021,G,provisorio,DIP_CABA,CABA,14,comuna 14,152,recurrido,0,20779,14760,neg
2021,G,provisorio,DIP_CABA,CABA,14,comuna 14,153,autodeterminación y libertad,495,23274,17593,otro
2021,G,provisorio,DIP_CABA,CABA,14,comuna 14,153,blanco,220,23274,17593,neg
2021,G,provisorio,DIP_CABA,CABA,14,comuna 14,153,fit-u,1247,23274,17593,otro
2021,G,provisorio,DIP_CABA,CABA,14,comuna 14,153,frente de todos,3345,23274,17593,pj
2021,G,provisorio,DIP_CABA,CABA,14,comuna 14,153,impugnado,0,23274,17593,neg
2021,G,provisorio,DIP_CABA,CABA,14,comuna 14,153,juntos por el cambio,9494,23274,17593,jxc-pro
2021,G,provisorio,DIP_CABA,CABA,14,comuna 14,153,la libertad avanza,2617,23274,17593,la libertad avanza
2021,G,provisorio,DIP_CABA,CABA,14,comuna 14,153,nulo,175,23274,17593,neg
2021,G,provisorio,DIP_CABA,CABA,14,comuna 14,153,recurrido,0,23274,17593,neg
2021,G,provisorio,DIP_CABA,CABA,14,comuna 14,154,autodeterminación y libertad,557,29998,20388,otro
2021,G,provisorio,DIP_CABA,CABA,14,comuna 14,154,blanco,210,29998,20388,neg
2021,G,provisorio,DIP_CABA,CABA,14,comuna 14,154,fit-u,1577,29998,20388,otro
2021,G,provisorio,DIP_CABA,CABA,14,comuna 14,154,frente de todos,4231,29998,20388,pj
2021,G,provisorio,DIP_CABA,CABA,14,comuna 14,154,impugnado,0,29998,20388,neg
2021,G,provisorio,DIP_CABA,CABA,14,comuna 14,154,juntos por el cambio,10694,29998,20388,jxc-pro
2021,G,provisorio,DIP_CABA,CABA,14,comuna 14,154,la libertad avanza,2870,29998,20388,la libertad avanza
2021,G,provisorio,DIP_CABA,CABA,14,comuna 14,154,nulo,247,29998,20388,neg
2021,G,provisorio,DIP_CABA,CABA,14,comuna 14,154,recurrido,2,29998,20388,neg
2021,G,provisorio,DIP_CABA,CABA,14,comuna 14,155,autodeterminación y libertad,508,29880,18170,otro
2021,G,provisorio,DIP_CABA,CABA,14,comuna 14,155,blanco,231,29880,18170,neg
2021,G,provisorio,DIP_CABA,CABA,14,comuna 14,155,fit-u,1408,29880,18170,otro
2021,G,provisorio,DIP_CABA,CABA,14,comuna 14,155,frente de todos,4079,29880,18170,pj
2021,G,provisorio,DIP_CABA,CABA,14,comuna 14,155,impugnado,2,29880,18170,neg
2021,G,provisorio,DIP_CABA,CABA,14,comuna 14,155,juntos por el cambio,8866,29880,18170,jxc-pro
2021,G,provisorio,DIP_CABA,CABA,14,comuna 14,155,la libertad avanza,2876,29880,18170,la libertad avanza
2021,G,provisorio,DIP_CABA,CABA,14,comuna 14,155,nulo,200,29880,18170,neg
2021,G,provisorio,DIP_CABA,CABA,14,comuna 14,155,recurrido,0,29880,18170,neg
2021,G,provisorio,DIP_CABA,CABA,14,comuna 14,156,autodeterminación y libertad,239,12452,7354,otro
2021,G,provisorio,DIP_CABA,CABA,14,comuna 14,156,blanco,91,12452,7354,neg
2021,G,provisorio,DIP_CABA,CABA,14,comuna 14,156,fit-u,731,12452,7354,otro
2021,G,provisorio,DIP_CABA,CABA,14,comuna 14,156,frente de todos,1928,12452,7354,pj
2021,G,provisorio,DIP_CABA,CABA,14,comuna 14,156,impugnado,0,12452,7354,neg
2021,G,provisorio,DIP_CABA,CABA,14,comuna 14,156,juntos por el cambio,3256,12452,7354,jxc-pro
2021,G,provisorio,DIP_CABA,CABA,14,comuna 14,156,la libertad avanza,1029,12452,7354,la libertad avanza
2021,G,provisorio,DIP_CABA,CABA,14,comuna 14,156,nulo,80,12452,7354,neg
2021,G,provisorio,DIP_CABA,CABA,14,comuna 14,156,recurrido,0,12452,7354,neg
2021,G,provisorio,DIP_CABA,CABA,14,comuna 14,157,autodeterminación y libertad,398,17283,12303,otro
2021,G,provisorio,DIP_CABA,CABA,14,comuna 14,157,blanco,146,17283,12303,neg
2021,G,provisorio,DIP_CABA,CABA,14,comuna 14,157,fit-u,1186,17283,12303,otro
2021,G,provisorio,DIP_CABA,CABA,14,comuna 14,157,frente de todos,3140,17283,12303,pj
2021,G,provisorio,DIP_CABA,CABA,14,comuna 14,157,impugnado,0,17283,12303,neg
2021,G,provisorio,DIP_CABA,CABA,14,comuna 14,157,juntos por el cambio,5571,17283,12303,jxc-pro
2021,G,provisorio,DIP_CABA,CABA,14,comuna 14,157,la libertad avanza,1709,17283,12303,la libertad avanza
2021,G,provisorio,DIP_CABA,CABA,14,comuna 14,157,nulo,152,17283,12303,neg
2021,G,provisorio,DIP_CABA,CABA,14,comuna 14,157,recurrido,1,17283,12303,neg
2021,G,provisorio,DIP_CABA,CABA,15,comuna 15,158,autodeterminación y libertad,672,21218,14982,otro
2021,G,provisorio,DIP_CABA,CABA,15,comuna 15,158,blanco,188,21218,14982,neg
2021,G,provisorio,DIP_CABA,CABA,15,comuna 15,158,fit-u,1474,21218,14982,otro
2021,G,provisorio,DIP_CABA,CABA,15,comuna 15,158,frente de todos,3859,21218,14982,pj
2021,G,provisorio,DIP_CABA,CABA,15,comuna 15,158,impugnado,0,21218,14982,neg
2021,G,provisorio,DIP_CABA,CABA,15,comuna 15,158,juntos por el cambio,6638,21218,14982,jxc-pro
2021,G,provisorio,DIP_CABA,CABA,15,comuna 15,158,la libertad avanza,1966,21218,14982,la libertad avanza
2021,G,provisorio,DIP_CABA,CABA,15,comuna 15,158,nulo,183,21218,14982,neg
2021,G,provisorio,DIP_CABA,CABA,15,comuna 15,158,recurrido,2,21218,14982,neg
2021,G,provisorio,DIP_CABA,CABA,15,comuna 15,159,autodeterminación y libertad,394,12166,9223,otro
2021,G,provisorio,DIP_CABA,CABA,15,comuna 15,159,blanco,120,12166,9223,neg
2021,G,provisorio,DIP_CABA,CABA,15,comuna 15,159,fit-u,916,12166,9223,otro
2021,G,provisorio,DIP_CABA,CABA,15,comuna 15,159,frente de todos,2570,12166,9223,pj
2021,G,provisorio,DIP_CABA,CABA,15,comuna 15,159,impugnado,0,12166,9223,neg
2021,G,provisorio,DIP_CABA,CABA,15,comuna 15,159,juntos por el cambio,3847,12166,9223,jxc-pro
2021,G,provisorio,DIP_CABA,CABA,15,comuna 15,159,la libertad avanza,1260,12166,9223,la libertad avanza
2021,G,provisorio,DIP_CABA,CABA,15,comuna 15,159,nulo,116,12166,9223,neg
2021,G,provisorio,DIP_CABA,CABA,15,comuna 15,159,recurrido,0,12166,9223,neg
2021,G,provisorio,DIP_CABA,CABA,15,comuna 15,160,autodeterminación y libertad,829,25598,17541,otro
2021,G,provisorio,DIP_CABA,CABA,15,comuna 15,160,blanco,222,25598,17541,neg
2021,G,provisorio,DIP_CABA,CABA,15,comuna 15,160,fit-u,1652,25598,17541,otro
2021,G,provisorio,DIP_CABA,CABA,15,comuna 15,160,frente de todos,4430,25598,17541,pj
2021,G,provisorio,DIP_CABA,CABA,15,comuna 15,160,impugnado,0,25598,17541,neg
2021,G,provisorio,DIP_CABA,CABA,15,comuna 15,160,juntos por el cambio,7839,25598,17541,jxc-pro
2021,G,provisorio,DIP_CABA,CABA,15,comuna 15,160,la libertad avanza,2328,25598,17541,la libertad avanza
2021,G,provisorio,DIP_CABA,CABA,15,comuna 15,160,nulo,241,25598,17541,neg
2021,G,provisorio,DIP_CABA,CABA,15,comuna 15,160,recurrido,0,25598,17541,neg
2021,G,provisorio,DIP_CABA,CABA,15,comuna 15,161,autodeterminación y libertad,694,21145,15152,otro
2021,G,provisorio,DIP_CABA,CABA,15,comuna 15,161,blanco,186,21145,15152,neg
2021,G,provisorio,DIP_CABA,CABA,15,comuna 15,161,fit-u,1479,21145,15152,otro
2021,G,provisorio,DIP_CABA,CABA,15,comuna 15,161,frente de todos,4168,21145,15152,pj
2021,G,provisorio,DIP_CABA,CABA,15,comuna 15,161,impugnado,0,21145,15152,neg
2021,G,provisorio,DIP_CABA,CABA,15,comuna 15,161,juntos por el cambio,6196,21145,15152,jxc-pro
2021,G,provisorio,DIP_CABA,CABA,15,comuna 15,161,la libertad avanza,2249,21145,15152,la libertad avanza
2021,G,provisorio,DIP_CABA,CABA,15,comuna 15,161,nulo,180,21145,15152,neg
2021,G,provisorio,DIP_CABA,CABA,15,comuna 15,161,recurrido,0,21145,15152,neg
2021,G,provisorio,DIP_CABA,CABA,15,comuna 15,162,autodeterminación y libertad,478,17465,12750,otro
2021,G,provisorio,DIP_CABA,CABA,15,comuna 15,162,blanco,176,17465,12750,neg
2021,G,provisorio,DIP_CABA,CABA,15,comuna 15,162,fit-u,1233,17465,12750,otro
2021,G,provisorio,DIP_CABA,CABA,15,comuna 15,162,frente de todos,4082,17465,12750,pj
2021,G,provisorio,DIP_CABA,CABA,15,comuna 15,162,impugnado,0,17465,12750,neg
2021,G,provisorio,DIP_CABA,CABA,15,comuna 15,162,juntos por el cambio,4652,17465,12750,jxc-pro
2021,G,provisorio,DIP_CABA,CABA,15,comuna 15,162,la libertad avanza,1941,17465,12750,la libertad avanza
2021,G,provisorio,DIP_CABA,CABA,15,comuna 15,162,nulo,188,17465,12750,neg
2021,G,provisorio,DIP_CABA,CABA,15,comuna 15,162,recurrido,0,17465,12750,neg
2021,G,provisorio,DIP_CABA,CABA,15,comuna 15,163,autodeterminación y libertad,336,12744,9280,otro
2021,G,provisorio,DIP_CABA,CABA,15,comuna 15,163,blanco,124,12744,9280,neg
2021,G,provisorio,DIP_CABA,CABA,15,comuna 15,163,fit-u,969,12744,9280,otro
2021,G,provisorio,DIP_CABA,CABA,15,comuna 15,163,frente de todos,3053,12744,9280,pj
2021,G,provisorio,DIP_CABA,CABA,15,comuna 15,163,impugnado,0,12744,9280,neg
2021,G,provisorio,DIP_CABA,CABA,15,comuna 15,163,juntos por el cambio,3381,12744,9280,jxc-pro
2021,G,provisorio,DIP_CABA,CABA,15,comuna 15,163,la libertad avanza,1299,12744,9280,la libertad avanza
2021,G,provisorio,DIP_CABA,CABA,15,comuna 15,163,nulo,118,12744,9280,neg
2021,G,provisorio,DIP_CABA,CABA,15,comuna 15,163,recurrido,0,12744,9280,neg
2021,G,provisorio,DIP_CABA,CABA,15,comuna 15,164,autodeterminación y libertad,308,13382,9156,otro
2021,G,provisorio,DIP_CABA,CABA,15,comuna 15,164,blanco,123,13382,9156,neg
2021,G,provisorio,DIP_CABA,CABA,15,comuna 15,164,fit-u,915,13382,9156,otro
2021,G,provisorio,DIP_CABA,CABA,15,comuna 15,164,frente de todos,2665,13382,9156,pj
2021,G,provisorio,DIP_CABA,CABA,15,comuna 15,164,impugnado,0,13382,9156,neg
2021,G,provisorio,DIP_CABA,CABA,15,comuna 15,164,juntos por el cambio,3732,13382,9156,jxc-pro
2021,G,provisorio,DIP_CABA,CABA,15,comuna 15,164,la libertad avanza,1277,13382,9156,la libertad avanza
2021,G,provisorio,DIP_CABA,CABA,15,comuna 15,164,nulo,135,13382,9156,neg
2021,G,provisorio,DIP_CABA,CABA,15,comuna 15,164,recurrido,1,13382,9156,neg
2021,G,provisorio,DIP_CABA,CABA,15,comuna 15,165,autodeterminación y libertad,522,20864,15288,otro
2021,G,provisorio,DIP_CABA,CABA,15,comuna 15,165,blanco,201,20864,15288,neg
2021,G,provisorio,DIP_CABA,CABA,15,comuna 15,165,fit-u,1449,20864,15288,otro
2021,G,provisorio,DIP_CABA,CABA,15,comuna 15,165,frente de todos,3857,20864,15288,pj
2021,G,provisorio,DIP_CABA,CABA,15,comuna 15,165,impugnado,0,20864,15288,neg
2021,G,provisorio,DIP_CABA,CABA,15,comuna 15,165,juntos por el cambio,6837,20864,15288,jxc-pro
2021,G,provisorio,DIP_CABA,CABA,15,comuna 15,165,la libertad avanza,2246,20864,15288,la libertad avanza
2021,G,provisorio,DIP_CABA,CABA,15,comuna 15,165,nulo,176,20864,15288,neg
2021,G,provisorio,DIP_CABA,CABA,15,comuna 15,165,recurrido,0,20864,15288,neg
2021,G,provisorio,DIP_CABA,CABA,15,comuna 15,166,autodeterminación y libertad,449,18498,12885,otro
2021,G,provisorio,DIP_CABA,CABA,15,comuna 15,166,blanco,168,18498,12885,neg
2021,G,provisorio,DIP_CABA,CABA,15,comuna 15,166,fit-u,1193,18498,12885,otro
2021,G,provisorio,DIP_CABA,CABA,15,comuna 15,166,frente de todos,3645,18498,12885,pj
2021,G,provisorio,DIP_CABA,CABA,15,comuna 15,166,impugnado,0,18498,12885,neg
2021,G,provisorio,DIP_CABA,CABA,15,comuna 15,166,juntos por el cambio,5282,18498,12885,jxc-pro
2021,G,provisorio,DIP_CABA,CABA,15,comuna 15,166,la libertad avanza,1982,18498,12885,la libertad avanza
2021,G,provisorio,DIP_CABA,CABA,15,comuna 15,166,nulo,166,18498,12885,neg
2021,G,provisorio,DIP_CABA,CABA,15,comuna 15,166,recurrido,0,18498,12885,neg
2021,G,provisorio,DIP_CABA,CABA,15,comuna 15,167,autodeterminación y libertad,384,22255,10284,otro
2021,G,provisorio,DIP_CABA,CABA,15,comuna 15,167,blanco,106,22255,10284,neg
2021,G,provisorio,DIP_CABA,CABA,15,comuna 15,167,fit-u,922,22255,10284,otro
2021,G,provisorio,DIP_CABA,CABA,15,comuna 15,167,frente de todos,2457,22255,10284,pj
2021,G,provisorio,DIP_CABA,CABA,15,comuna 15,167,impugnado,0,22255,10284,neg
2021,G,provisorio,DIP_CABA,CABA,15,comuna 15,167,juntos por el cambio,4690,22255,10284,jxc-pro
2021,G,provisorio,DIP_CABA,CABA,15,comuna 15,167,la libertad avanza,1602,22255,10284,la libertad avanza
2021,G,provisorio,DIP_CABA,CABA,15,comuna 15,167,nulo,123,22255,10284,neg
2021,G,provisorio,DIP_CABA,CABA,15,comuna 15,167,recurrido,0,22255,10284,neg
